version,nominal_architecture_generation,model_architecture_or_method,input_representation,noise_or_data_scope,code_distance_rounds,logical_error_accuracy_gain_metrics,basis_domain_scope,shots,latency_us,coverage_ci,measured_metric_keywords,script_paths_local,evidence_status,recommended_next_improvement,priority,v12_relation,standard_benchmark_comparison,source_audit,method,data,metrics,status,reason,script,wolffe,registry_source,paper_archive_root,github_staging_root,data_provenance,verification_status,promotion_decision,recording_note
V1,G1_MLP_CNN_legacy,BP-OSD; MWPM/PyMatching; neural/ML; graph/DEM; calibration/drift; ensemble/consensus; postselection/gate; geometry/FAISS,soft/LLR or analog; hard syndrome; calibration/backend metadata,IBM real shots; phenomenological/Stim; correlated/drift; domain/held-out,unavailable,1.2180 pp; 0.8383 pp,unavailable,unavailable,unavailable,unavailable,unavailable,C:\Users\22228049\.codex\qec_work\audit_versions_v1_v125.py;C:\Users\22228049\.codex\qec_work\build_qec_run_matrix_v1_v251.py;C:\Users\22228049\.codex\qec_work\build_version_audit_v1_v251.py; C:\Users\22228049\.codex\qec_work\audit_versions_v1_v125.py; C:\Users\22228049\.codex\qec_work\build_qec_run_matrix_v1_v251.py; C:\Users\22228049\.codex\qec_work\build_version_audit_v1_v251.py,"Treat as the pre-versioned foundation, not as a uniquely reconstructable V1 checkpoint.",Re-run with paired exact-MWPM and per-basis held-out confidence intervals.,normal,not a V12 comparison,MWPM/BP-OSD comparator only when explicitly present; no claim if unavailable,early audit; Z:\Meetings\Complete\22-7-2026\QEC_AI_PAPER_MASTER_20260717\PUBLIC_GITHUB_SNAPSHOT_V1_V144_20260724;Z:\Meetings\Complete\22-7-2026\QEC_AI_PAPER_MASTER_20260717\PUBLIC_GITHUB_SNAPSHOT_V1_V145_20260724,,,,,,,,QEC_RUN_MATRIX_V1_V392_20260731.csv,Z:\Meetings\Complete\22-7-2026\QEC_AI_PAPER_MASTER_20260717,C:\Users\22228049\.codex\github_publish\hardware-adaptive-qec-ibm,IBM real shots; phenomenological/Stim; correlated/drift; domain/held-out,audit or unavailable,promoted,Version V1 retained with original matrix fields; no missing fields were inferred.
V2,G1_MLP_CNN_legacy,MWPM/PyMatching; graph/DEM; calibration/drift; ensemble/consensus; postselection/gate; geometry/FAISS,soft/LLR or analog; hard syndrome; calibration/backend metadata,IBM real shots; correlated/drift; domain/held-out,unavailable,+0.4750 pp; 0.1531 pp,"int(self.a[""domain_id""][i]); nn.Embedding(2; int(key[0])",unavailable,unavailable,unavailable,unavailable,C:\Users\22228049\.codex\qec_work\wolffe_archive_20260730\extracted\home\22228049\qec_crossblock_v3_20260715\train_harmony_spacetime_v2.py; C:\Users\22228049\.codex\qec_work\wolffe_archive_20260730\extracted\home\22228049\qec_harmony_spacetime_v2_20260715\evaluate_frozen_harmony_spacetime_v2.py; C:\Users\22228049\.codex\qec_work\wolffe_archive_20260730\extracted\home\22228049\qec_harmony_spacetime_v2_20260715\freeze_harmony_spacetime_v2.py; C:\Users\22228049\.codex\qec_work\wolffe_archive_20260730\extracted\home\22228049\qec_harmony_spacetime_v2_20260715\train_harmony_spacetime_v2.py; C:\Users\22228049\.codex\qec_work\wolffe_archive_20260730\extracted\home\22228049\qec_label_audit_20260726\v207_code\prepare_harmony_v2_evaluation_data.py; C:\Users\22228049\.codex\qec_work\wolffe_archive_20260730\extracted\home\22228049\qec_label_audit_20260726\v207_code\train_harmony_spacetime_v2.py; C:\Users\22228049\.codex\qec_work\wolffe_archive_20260730\extracted\home\22228049\qec_v12_wildcard_20260717\train_harmony_spacetime_v2.py; C:\Users\22228049\.codex\qec_work\wolffe_archive_20260730\extracted\home\22228049\qec_v20_20260718\train_harmony_spacetime_v2.py; C:\Users\22228049\.codex\qec_work\wolffe_archive_20260730\extracted\home\22228049\qec_v21_20260718\train_harmony_spacetime_v2.py; C:\Users\22228049\.codex\qec_work\wolffe_archive_20260730\extracted\home\22228049\qec_v22_20260718\train_harmony_spacetime_v2.py; C:\Users\22228049\.codex\qec_work\wolffe_archive_20260730\extracted\home\22228049\qec_v25_crossbackend_fez_20260718\train_harmony_spacetime_v2.py; C:\Users\22228049\.codex\qec_work\wolffe_archive_20260730\extracted\home\22228049\qec_v28_crossbackend_marrakesh_20260718\train_harmony_spacetime_v2.py; C:\Users\22228049\.codex\qec_work\wolffe_archive_20260730\extracted\home\22228049\qec_v29_v12_20260718\train_harmony_spacetime_v2.py; C:\Users\22228049\.codex\qec_work\wolffe_archive_20260730\extracted\home\22228049\qec_v38_confirmation_20260718\train_harmony_spacetime_v2.py; C:\Users\22228049\.codex\qec_work\wolffe_archive_20260730\extracted\home\22228049\qec_v40_20260718\train_harmony_spacetime_v2.py; C:\Users\22228049\.codex\qec_work\wolffe_archive_20260730\extracted\home\22228049\qec_v68_confirmation_20260720\train_harmony_spacetime_v2.py; C:\Users\22228049\.codex\qec_work\wolffe_archive_20260730\extracted\home\22228049\rq1\tools\supercop_v2_enrichment.py,Rejected as a transferable final decoder; calibration-block transfer failed.,Add calibration-day/domain holdout before any temporal-gain claim.,normal,not a V12 comparison,MWPM/BP-OSD comparator only when explicitly present; no claim if unavailable,early audit; Z:\Meetings\Complete\22-7-2026\QEC_AI_PAPER_MASTER_20260717\143_RETRO_HARMONY_SPACETIME_V2_AUDIT_20260729,,,,,,,,QEC_RUN_MATRIX_V1_V392_20260731.csv,Z:\Meetings\Complete\22-7-2026\QEC_AI_PAPER_MASTER_20260717,C:\Users\22228049\.codex\github_publish\hardware-adaptive-qec-ibm,IBM real shots; correlated/drift; domain/held-out,measured artifact,rejected,Version V2 retained with original matrix fields; no missing fields were inferred.
V3,G1_MLP_CNN_legacy,MWPM/PyMatching; graph/DEM; calibration/drift; ensemble/consensus; geometry/FAISS,soft/LLR or analog; hard syndrome; calibration/backend metadata,IBM real shots; domain/held-out,20260715/; 0/,+0.3281 pp; 1.9688 pp,"int(self.a[""domain_id""][i]); nn.Embedding(2",unavailable,unavailable,unavailable,unavailable,C:\Users\22228049\.codex\qec_work\wolffe_archive_20260730\extracted\home\22228049\qec_crossblock_v3_20260715\evaluate_crossblock_v3.py; C:\Users\22228049\.codex\qec_work\wolffe_archive_20260730\extracted\home\22228049\qec_crossblock_v3_20260715\evaluate_new_shift_guarded_v3.py; C:\Users\22228049\.codex\qec_work\wolffe_archive_20260730\extracted\home\22228049\qec_crossblock_v3_20260715\train_crossblock_v3.py; C:\Users\22228049\.codex\qec_work\wolffe_archive_20260730\extracted\home\22228049\qec_label_audit_20260726\v207_code\train_crossblock_v3.py; C:\Users\22228049\.codex\qec_work\wolffe_archive_20260730\extracted\home\22228049\qec_v12_wildcard_20260717\train_crossblock_v3.py; C:\Users\22228049\.codex\qec_work\wolffe_archive_20260730\extracted\home\22228049\qec_v20_20260718\train_crossblock_v3.py; C:\Users\22228049\.codex\qec_work\wolffe_archive_20260730\extracted\home\22228049\qec_v21_20260718\train_crossblock_v3.py; C:\Users\22228049\.codex\qec_work\wolffe_archive_20260730\extracted\home\22228049\qec_v22_20260718\train_crossblock_v3.py; C:\Users\22228049\.codex\qec_work\wolffe_archive_20260730\extracted\home\22228049\qec_v25_crossbackend_fez_20260718\train_crossblock_v3.py; C:\Users\22228049\.codex\qec_work\wolffe_archive_20260730\extracted\home\22228049\qec_v28_crossbackend_marrakesh_20260718\train_crossblock_v3.py; C:\Users\22228049\.codex\qec_work\wolffe_archive_20260730\extracted\home\22228049\qec_v29_v12_20260718\train_crossblock_v3.py; C:\Users\22228049\.codex\qec_work\wolffe_archive_20260730\extracted\home\22228049\qec_v38_confirmation_20260718\train_crossblock_v3.py; C:\Users\22228049\.codex\qec_work\wolffe_archive_20260730\extracted\home\22228049\qec_v40_20260718\train_crossblock_v3.py; C:\Users\22228049\.codex\qec_work\wolffe_archive_20260730\extracted\home\22228049\qec_v68_confirmation_20260720\train_crossblock_v3.py,Confirmed but superseded by stronger guarded relational families.,Freeze the shift guard and require non-regression in every X/Z cohort.,normal,not a V12 comparison,MWPM/BP-OSD comparator only when explicitly present; no claim if unavailable,early audit; ,,,,,,,,QEC_RUN_MATRIX_V1_V392_20260731.csv,Z:\Meetings\Complete\22-7-2026\QEC_AI_PAPER_MASTER_20260717,C:\Users\22228049\.codex\github_publish\hardware-adaptive-qec-ibm,IBM real shots; domain/held-out,audit or unavailable,promoted,Version V3 retained with original matrix fields; no missing fields were inferred.
V4,G1_MLP_CNN_legacy,MWPM/PyMatching; graph/DEM; calibration/drift; ensemble/consensus; postselection/gate,hard syndrome; calibration/backend metadata,IBM real shots; domain/held-out,20260716/,+1.7396 pp; +0.6505 pp,unavailable,unavailable,unavailable,unavailable,unavailable,C:\Users\22228049\.codex\qec_work\wolffe_archive_20260730\extracted\home\22228049\qec_crossblock_v3_20260715\evaluate_safe_multiexpert_v4.py; C:\Users\22228049\.codex\qec_work\wolffe_archive_20260730\extracted\home\22228049\qec_crossblock_v3_20260715\freeze_safe_multiexpert_v4.py,Confirmed selective decoder; useful evidence that guarded multi-expert residual decoding can transfer.,Retest accepted multi-expert residual only on a new untouched IBM block.,normal,not a V12 comparison,MWPM/BP-OSD comparator only when explicitly present; no claim if unavailable,early audit; Z:\Meetings\Complete\22-7-2026\QEC_AI_PAPER_MASTER_20260717\primary_v4_artifacts,,,,,,,,QEC_RUN_MATRIX_V1_V392_20260731.csv,Z:\Meetings\Complete\22-7-2026\QEC_AI_PAPER_MASTER_20260717,C:\Users\22228049\.codex\github_publish\hardware-adaptive-qec-ibm,IBM real shots; domain/held-out,audit or unavailable,promoted,Version V4 retained with original matrix fields; no missing fields were inferred.
V5,G1_MLP_CNN_legacy,MWPM/PyMatching; graph/DEM; calibration/drift; ensemble/consensus; geometry/FAISS,soft/LLR or analog; hard syndrome; calibration/backend metadata,IBM real shots; correlated/drift; domain/held-out,20260717/,+1.5167 pp; 0.0000 pp,nn.Embedding(2,unavailable,unavailable,unavailable,unavailable,C:\Users\22228049\.codex\qec_work\wolffe_archive_20260730\extracted\home\22228049\qec_crossblock_v3_20260715\evaluate_snapshot_relationship_v5.py; C:\Users\22228049\.codex\qec_work\wolffe_archive_20260730\extracted\home\22228049\qec_crossblock_v3_20260715\train_snapshot_relationship_rendered3d_v5.py; C:\Users\22228049\.codex\qec_work\wolffe_archive_20260730\extracted\home\22228049\qec_crossblock_v3_20260715\train_snapshot_relationship_v5.py; C:\Users\22228049\.codex\qec_work\wolffe_archive_20260730\extracted\home\22228049\qec_crossblock_v3_20260715\v9_eval_root\train_snapshot_relationship_rendered3d_v5.py; C:\Users\22228049\.codex\qec_work\wolffe_archive_20260730\extracted\home\22228049\qec_label_audit_20260726\v207_code\train_snapshot_relationship_rendered3d_v5.py; C:\Users\22228049\.codex\qec_work\wolffe_archive_20260730\extracted\home\22228049\qec_label_audit_20260726\v207_code\train_snapshot_relationship_v5.py; C:\Users\22228049\.codex\qec_work\wolffe_archive_20260730\extracted\home\22228049\qec_v12_wildcard_20260717\train_snapshot_relationship_rendered3d_v5.py; C:\Users\22228049\.codex\qec_work\wolffe_archive_20260730\extracted\home\22228049\qec_v20_20260718\train_snapshot_relationship_rendered3d_v5.py; C:\Users\22228049\.codex\qec_work\wolffe_archive_20260730\extracted\home\22228049\qec_v21_20260718\train_snapshot_relationship_rendered3d_v5.py; C:\Users\22228049\.codex\qec_work\wolffe_archive_20260730\extracted\home\22228049\qec_v22_20260718\train_snapshot_relationship_rendered3d_v5.py; C:\Users\22228049\.codex\qec_work\wolffe_archive_20260730\extracted\home\22228049\qec_v25_crossbackend_fez_20260718\train_snapshot_relationship_rendered3d_v5.py; C:\Users\22228049\.codex\qec_work\wolffe_archive_20260730\extracted\home\22228049\qec_v28_crossbackend_marrakesh_20260718\train_snapshot_relationship_rendered3d_v5.py; C:\Users\22228049\.codex\qec_work\wolffe_archive_20260730\extracted\home\22228049\qec_v29_v12_20260718\train_snapshot_relationship_rendered3d_v5.py; C:\Users\22228049\.codex\qec_work\wolffe_archive_20260730\extracted\home\22228049\qec_v38_confirmation_20260718\train_snapshot_relationship_rendered3d_v5.py; C:\Users\22228049\.codex\qec_work\wolffe_archive_20260730\extracted\home\22228049\qec_v40_20260718\train_snapshot_relationship_rendered3d_v5.py; C:\Users\22228049\.codex\qec_work\wolffe_archive_20260730\extracted\home\22228049\qec_v68_confirmation_20260720\train_snapshot_relationship_rendered3d_v5.py,Safe null on confirmation; relationship representation was promising but domain shift prevented intervention.,Use domain-balanced training plus frozen no-intervention fallback.,normal,not a V12 comparison,MWPM/BP-OSD comparator only when explicitly present; no claim if unavailable,early audit; ,,,,,,,,QEC_RUN_MATRIX_V1_V392_20260731.csv,Z:\Meetings\Complete\22-7-2026\QEC_AI_PAPER_MASTER_20260717,C:\Users\22228049\.codex\github_publish\hardware-adaptive-qec-ibm,IBM real shots; correlated/drift; domain/held-out,audit or unavailable,promoted,Version V5 retained with original matrix fields; no missing fields were inferred.
V6,G1_MLP_CNN_legacy,MWPM/PyMatching,unavailable,unavailable,unavailable,+1.5906 pp; +0.0740 pp,unavailable,unavailable,unavailable,unavailable,unavailable,unavailable,Not frozen or submitted; extra complexity did not establish incremental value.,Remove redundant local/global features; test a paired residual ablation.,normal,not a V12 comparison,MWPM/BP-OSD comparator only when explicitly present; no claim if unavailable,early audit; ,,,,,,,,QEC_RUN_MATRIX_V1_V392_20260731.csv,Z:\Meetings\Complete\22-7-2026\QEC_AI_PAPER_MASTER_20260717,C:\Users\22228049\.codex\github_publish\hardware-adaptive-qec-ibm,unavailable,audit or unavailable,promoted,Version V6 retained with original matrix fields; no missing fields were inferred.
V7,G1_MLP_CNN_legacy,MWPM/PyMatching,unavailable,unavailable,unavailable,+1.7313 pp,unavailable,unavailable,unavailable,unavailable,unavailable,unavailable,"Promising development component, later incorporated into V9/V10 rather than deployed alone.",Keep all-pair features only inside a conservative V12-style gate.,normal,not a V12 comparison,MWPM/BP-OSD comparator only when explicitly present; no claim if unavailable,early audit; ,,,,,,,,QEC_RUN_MATRIX_V1_V392_20260731.csv,Z:\Meetings\Complete\22-7-2026\QEC_AI_PAPER_MASTER_20260717,C:\Users\22228049\.codex\github_publish\hardware-adaptive-qec-ibm,unavailable,audit or unavailable,promoted,Version V7 retained with original matrix fields; no missing fields were inferred.
V8,G1_MLP_CNN_legacy,MWPM/PyMatching; graph/DEM; postselection/gate; geometry/FAISS,soft/LLR or analog; hard syndrome,IBM real shots; phenomenological/Stim,unavailable,+1.7443 pp,unavailable,unavailable,unavailable,unavailable,latency: 95,C:\Users\22228049\.codex\qec_work\wolffe_archive_20260730\extracted\home\22228049\rq1\tools\augment_v8_metrics.py; C:\Users\22228049\.codex\qec_work\wolffe_archive_20260730\extracted\home\22228049\rq1\tools\create_v8_code_explanation_docs.py; C:\Users\22228049\.codex\qec_work\wolffe_archive_20260730\extracted\home\22228049\rq1\tools\create_v8_full_code_understanding_docx.py; C:\Users\22228049\.codex\qec_work\wolffe_archive_20260730\extracted\home\22228049\rq1\tools\create_v8_summary_docx.py; C:\Users\22228049\.codex\qec_work\wolffe_archive_20260730\extracted\home\22228049\rq1\tools\create_v8_word_report.py; C:\Users\22228049\.codex\qec_work\wolffe_archive_20260730\extracted\home\22228049\v8_new\tools\augment_v8_metrics.py; C:\Users\22228049\.codex\qec_work\wolffe_archive_20260730\extracted\home\22228049\v8_new\tools\create_v8_code_explanation_docs.py; C:\Users\22228049\.codex\qec_work\wolffe_archive_20260730\extracted\home\22228049\v8_new\tools\create_v8_full_code_understanding_docx.py; C:\Users\22228049\.codex\qec_work\wolffe_archive_20260730\extracted\home\22228049\v8_new\tools\create_v8_summary_docx.py; C:\Users\22228049\.codex\qec_work\wolffe_archive_20260730\extracted\home\22228049\v8_new\tools\create_v8_word_report.py,Used as the medium-shift branch of V9; later transfer showed the guard was insufficient.,"Calibrate the medium-shift branch on held domains, not development data.",normal,not a V12 comparison,MWPM/BP-OSD comparator only when explicitly present; no claim if unavailable,early audit; ,,,,,,,,QEC_RUN_MATRIX_V1_V392_20260731.csv,Z:\Meetings\Complete\22-7-2026\QEC_AI_PAPER_MASTER_20260717,C:\Users\22228049\.codex\github_publish\hardware-adaptive-qec-ibm,IBM real shots; phenomenological/Stim,audit or unavailable,promoted,Version V8 retained with original matrix fields; no missing fields were inferred.
V9,G1_MLP_CNN_legacy,MWPM/PyMatching; graph/DEM; calibration/drift; ensemble/consensus; postselection/gate; geometry/FAISS,soft/LLR or analog; hard syndrome; calibration/backend metadata,IBM real shots; correlated/drift; domain/held-out,20260717/,+1.8125 pp; 0.6493 pp,nn.Embedding(2,unavailable,unavailable,unavailable,unavailable,C:\Users\22228049\.codex\qec_work\wolffe_archive_20260730\extracted\home\22228049\qec_crossblock_v3_20260715\evaluate_relational_ensemble_v9.py; C:\Users\22228049\.codex\qec_work\wolffe_archive_20260730\extracted\home\22228049\qec_crossblock_v3_20260715\v9_frozen_source.py,Rejected. This failure motivated multi-day domain training and stricter fallback.,Do not repeat unconstrained ensemble; use domain-sign-safe routing.,normal,not a V12 comparison,MWPM/BP-OSD comparator only when explicitly present; no claim if unavailable,early audit; ,,,,,,,,QEC_RUN_MATRIX_V1_V392_20260731.csv,Z:\Meetings\Complete\22-7-2026\QEC_AI_PAPER_MASTER_20260717,C:\Users\22228049\.codex\github_publish\hardware-adaptive-qec-ibm,IBM real shots; correlated/drift; domain/held-out,measured artifact,rejected,Version V9 retained with original matrix fields; no missing fields were inferred.
V10,G1_MLP_CNN_legacy,MWPM/PyMatching; graph/DEM; calibration/drift; postselection/gate,hard syndrome; calibration/backend metadata,IBM real shots; domain/held-out,20260717/,+1.3600 pp,"= 0 else ""Z"") + str(rounds)",unavailable,unavailable,unavailable,unavailable,C:\Users\22228049\.codex\qec_work\wolffe_archive_20260730\extracted\home\22228049\qec_crossblock_v3_20260715\evaluate_multiday_v10.py; C:\Users\22228049\.codex\qec_work\wolffe_archive_20260730\extracted\home\22228049\qec_v13_crossdomain_20260717\build_v13_lodo_v10_data.py,Strong confirmed relational foundation retained inside V12.,Test the relational foundation with prospective paired predictions.,normal,not a V12 comparison,MWPM/BP-OSD comparator only when explicitly present; no claim if unavailable,early audit; ,,,,,,,,QEC_RUN_MATRIX_V1_V392_20260731.csv,Z:\Meetings\Complete\22-7-2026\QEC_AI_PAPER_MASTER_20260717,C:\Users\22228049\.codex\github_publish\hardware-adaptive-qec-ibm,IBM real shots; domain/held-out,audit or unavailable,promoted,Version V10 retained with original matrix fields; no missing fields were inferred.
V11,G1_MLP_CNN_legacy,MWPM/PyMatching; graph/DEM; calibration/drift; ensemble/consensus; postselection/gate; geometry/FAISS,soft/LLR or analog; hard syndrome; calibration/backend metadata,domain/held-out,unavailable,1.0918 pp,nn.Embedding(2,unavailable,unavailable,unavailable,unavailable,C:\Users\22228049\.codex\qec_work\wolffe_archive_20260730\extracted\home\22228049\qec_v12_wildcard_20260717\train_wildcard_v11.py,Rejected as successors; diagnostic only.,Retain only variants that beat V10 and pass cost/domain gates.,normal,not a V12 comparison,MWPM/BP-OSD comparator only when explicitly present; no claim if unavailable,early audit; ,,,,,,,,QEC_RUN_MATRIX_V1_V392_20260731.csv,Z:\Meetings\Complete\22-7-2026\QEC_AI_PAPER_MASTER_20260717,C:\Users\22228049\.codex\github_publish\hardware-adaptive-qec-ibm,domain/held-out,measured artifact,rejected,Version V11 retained with original matrix fields; no missing fields were inferred.
V12,G1_MLP_CNN_legacy,BP-OSD; MWPM/PyMatching; neural/ML; graph/DEM; calibration/drift; ensemble/consensus; postselection/gate,soft/LLR or analog; hard syndrome; calibration/backend metadata,IBM real shots; phenomenological/Stim; correlated/drift; domain/held-out,0/,+1.34298 pp,"=0 else 'Z']={'test_shots':int(len(te)); = 0 and rounds == 7; d[""metadata""][ix; = d)) for d in np.unique(data.domain)}; domains[held]; = 0 else ""Z"") + str(rounds)",0,unavailable,unavailable,shots = 0,C:\Users\22228049\.codex\qec_work\qec_v248_v12_training_discipline_ablation.py;C:\Users\22228049\.codex\qec_work\qec_v251_conformal_v12_mwpm_gate.py; C:\Users\22228049\.codex\qec_work\qec_v248_v12_training_discipline_ablation.py; C:\Users\22228049\.codex\qec_work\qec_v251_conformal_v12_mwpm_gate.py; C:\Users\22228049\.codex\qec_work\wolffe_archive_20260730\extracted\home\22228049\qec_label_audit_20260726\v207_code\v207_evaluate_frozen_v12_iq.py; C:\Users\22228049\.codex\qec_work\wolffe_archive_20260730\extracted\home\22228049\qec_v109_open_source_20260722\prepare_v112_v12_data.py; C:\Users\22228049\.codex\qec_work\wolffe_archive_20260730\extracted\home\22228049\qec_v109_open_source_20260722\v135_v128_v130_v12_merge.py; C:\Users\22228049\.codex\qec_work\wolffe_archive_20260730\extracted\home\22228049\qec_v109_open_source_20260722\v147\v147_v12_dem_coverage_audit.py; C:\Users\22228049\.codex\qec_work\wolffe_archive_20260730\extracted\home\22228049\qec_v12_wildcard_20260717\evaluate_v12_blend.py; C:\Users\22228049\.codex\qec_work\wolffe_archive_20260730\extracted\home\22228049\qec_v20_20260718\evaluate_v12_blend.py; C:\Users\22228049\.codex\qec_work\wolffe_archive_20260730\extracted\home\22228049\qec_v21_20260718\evaluate_v12_blend.py; C:\Users\22228049\.codex\qec_work\wolffe_archive_20260730\extracted\home\22228049\qec_v22_20260718\evaluate_v12_blend.py; C:\Users\22228049\.codex\qec_work\wolffe_archive_20260730\extracted\home\22228049\qec_v25_crossbackend_fez_20260718\evaluate_v12_blend.py; C:\Users\22228049\.codex\qec_work\wolffe_archive_20260730\extracted\home\22228049\qec_v28_crossbackend_marrakesh_20260718\evaluate_v12_blend.py; C:\Users\22228049\.codex\qec_work\wolffe_archive_20260730\extracted\home\22228049\qec_v29_v12_20260718\evaluate_v12_blend.py; C:\Users\22228049\.codex\qec_work\wolffe_archive_20260730\extracted\home\22228049\qec_v38_20260718\train_v38_v12_osd_selector.py; C:\Users\22228049\.codex\qec_work\wolffe_archive_20260730\extracted\home\22228049\qec_v38_confirmation_20260718\evaluate_v12_blend.py; C:\Users\22228049\.codex\qec_work\wolffe_archive_20260730\extracted\home\22228049\qec_v59_20260719\analyze_v64_v12_adaptive_osd.py; C:\Users\22228049\.codex\qec_work\wolffe_archive_20260730\extracted\home\22228049\qec_v68_confirmation_20260720\evaluate_v12_blend.py; C:\Users\22228049\.codex\qec_work\wolffe_archive_20260730\extracted\home\22228049\qec_work\qec_v248_v12_training_discipline_ablation.py; C:\Users\22228049\.codex\qec_work\wolffe_archive_20260730\extracted\home\22228049\qec_work\qec_v251_conformal_v12_mwpm_gate.py,Current validated full-coverage winner and mandatory fallback/comparator for later work.,Use as frozen fallback; seek gains only via fresh paired IBM metadata.,high,validated baseline,MWPM/BP-OSD comparator only when explicitly present; no claim if unavailable,early audit; Z:\Meetings\Complete\22-7-2026\QEC_AI_PAPER_MASTER_20260717\101_V135_V12_V128_V130_MERGED_DECODER_20260724;Z:\Meetings\Complete\22-7-2026\QEC_AI_PAPER_MASTER_20260717\157_V248_V12_TRAINING_DISCIPLINE_20260729;Z:\Meetings\Complete\22-7-2026\QEC_AI_PAPER_MASTER_20260717\162_V251_CONFORMAL_V12_MWPM_GATE_20260729;Z:\Meetings\Complete\22-7-2026\QEC_AI_PAPER_MASTER_20260717\99_V133_V12_METRIC_AUX_AMPLIFICATION_20260724,,,,,,,,QEC_RUN_MATRIX_V1_V392_20260731.csv,Z:\Meetings\Complete\22-7-2026\QEC_AI_PAPER_MASTER_20260717,C:\Users\22228049\.codex\github_publish\hardware-adaptive-qec-ibm,IBM real shots; phenomenological/Stim; correlated/drift; domain/held-out,measured artifact,promoted,Version V12 retained with original matrix fields; no missing fields were inferred.
V13,G1_MLP_CNN_legacy,MWPM/PyMatching; neural/ML; graph/DEM; calibration/drift; ensemble/consensus; postselection/gate,soft/LLR or analog; hard syndrome; calibration/backend metadata,IBM real shots; domain/held-out,unavailable,unavailable,unavailable,unavailable,unavailable,unavailable,unavailable,C:\Users\22228049\.codex\qec_work\wolffe_archive_20260730\extracted\home\22228049\qec_v13_crossdomain_20260717\build_v13_lodo_v10_data.py; C:\Users\22228049\.codex\qec_work\wolffe_archive_20260730\extracted\home\22228049\qec_v13_crossdomain_20260717\nested_blend_crossdomain_v13.py; C:\Users\22228049\.codex\qec_work\wolffe_archive_20260730\extracted\home\22228049\qec_v13_crossdomain_20260717\summarize_crossdomain_v13.py; C:\Users\22228049\.codex\qec_work\wolffe_archive_20260730\extracted\home\22228049\qec_v13_crossdomain_20260717\summarize_v13_residual.py; C:\Users\22228049\.codex\qec_work\wolffe_archive_20260730\extracted\home\22228049\qec_v13_crossdomain_20260717\train_crossdomain_transfer_v13.py,Retained as reuse/transfer evidence; do not infer that generic pretrained models improve QEC automatically.,Compare open models with identical inputs and fixed V12 comparator.,normal,not a V12 comparison,MWPM/BP-OSD comparator only when explicitly present; no claim if unavailable,early audit; ,,,,,,,,QEC_RUN_MATRIX_V1_V392_20260731.csv,Z:\Meetings\Complete\22-7-2026\QEC_AI_PAPER_MASTER_20260717,C:\Users\22228049\.codex\github_publish\hardware-adaptive-qec-ibm,IBM real shots; domain/held-out,audit or unavailable,promoted,Version V13 retained with original matrix fields; no missing fields were inferred.
V14,G1_MLP_CNN_legacy,MWPM/PyMatching; graph/DEM; calibration/drift; ensemble/consensus; postselection/gate,soft/LLR or analog; hard syndrome; calibration/backend metadata,domain/held-out,unavailable,unavailable,"int(f.parent.name.rsplit(""holdout""; dict",unavailable,unavailable,unavailable,unavailable,C:\Users\22228049\.codex\qec_work\wolffe_archive_20260730\extracted\home\22228049\qec_v13_crossdomain_20260717\analyze_v14_mwpm_member_oracle.py; C:\Users\22228049\.codex\qec_work\wolffe_archive_20260730\extracted\home\22228049\qec_v13_crossdomain_20260717\evaluate_v14_risk_controlled_relational_router.py; C:\Users\22228049\.codex\qec_work\wolffe_archive_20260730\extracted\home\22228049\qec_v14_disagreement_20260718\evaluate_v14_disagreement_selector.py; C:\Users\22228049\.codex\qec_work\wolffe_archive_20260730\extracted\home\22228049\qec_v14_disagreement_20260718\train_v14_disagreement_selector.py; C:\Users\22228049\.codex\qec_work\wolffe_archive_20260730\extracted\home\22228049\qec_v14_disagreement_20260718\initial_router\analyze_v14_mwpm_member_oracle.py; C:\Users\22228049\.codex\qec_work\wolffe_archive_20260730\extracted\home\22228049\qec_v14_disagreement_20260718\initial_router\evaluate_v14_risk_controlled_relational_router.py; C:\Users\22228049\.codex\qec_work\wolffe_archive_20260730\extracted\home\22228049\qec_v15_quantum_kernel_20260718\diagnose_v14_v15_selector_ceiling.py,Not promoted.,Replace global risk threshold with per-domain validation thresholds.,normal,not a V12 comparison,MWPM/BP-OSD comparator only when explicitly present; no claim if unavailable,early audit; ,,,,,,,,QEC_RUN_MATRIX_V1_V392_20260731.csv,Z:\Meetings\Complete\22-7-2026\QEC_AI_PAPER_MASTER_20260717,C:\Users\22228049\.codex\github_publish\hardware-adaptive-qec-ibm,domain/held-out,audit or unavailable,see row status,Version V14 retained with original matrix fields; no missing fields were inferred.
V15,G1_MLP_CNN_legacy,MWPM/PyMatching; calibration/drift; ensemble/consensus; geometry/FAISS,hard syndrome; calibration/backend metadata,correlated/drift; domain/held-out,unavailable,unavailable,unavailable,unavailable,unavailable,unavailable,unavailable,C:\Users\22228049\.codex\qec_work\wolffe_archive_20260730\extracted\home\22228049\qec_v15_quantum_kernel_20260718\diagnose_v14_v15_selector_ceiling.py; C:\Users\22228049\.codex\qec_work\wolffe_archive_20260730\extracted\home\22228049\qec_v15_quantum_kernel_20260718\evaluate_v15_quantum_kernel_selector.py; C:\Users\22228049\.codex\qec_work\wolffe_archive_20260730\extracted\home\22228049\qec_v15_quantum_kernel_20260718\train_v15_quantum_kernel_selector.py,Rejected; quantum kernels did not solve the domain-routing problem.,"Use quantum kernel only as an abstention feature, not replacement decoder.",normal,not a V12 comparison,MWPM/BP-OSD comparator only when explicitly present; no claim if unavailable,early audit; ,,,,,,,,QEC_RUN_MATRIX_V1_V392_20260731.csv,Z:\Meetings\Complete\22-7-2026\QEC_AI_PAPER_MASTER_20260717,C:\Users\22228049\.codex\github_publish\hardware-adaptive-qec-ibm,correlated/drift; domain/held-out,measured artifact,rejected,Version V15 retained with original matrix fields; no missing fields were inferred.
V16,G1_MLP_CNN_legacy,MWPM/PyMatching; graph/DEM; calibration/drift; ensemble/consensus; postselection/gate,hard syndrome; calibration/backend metadata,domain/held-out,unavailable,unavailable,unavailable,unavailable,unavailable,unavailable,unavailable,C:\Users\22228049\.codex\qec_work\wolffe_archive_20260730\extracted\home\22228049\qec_v16_longrange_selector_20260718\evaluate_v16_longrange_selector.py; C:\Users\22228049\.codex\qec_work\wolffe_archive_20260730\extracted\home\22228049\qec_v16_longrange_selector_20260718\train_v16_longrange_counterfactual_selector.py,Not promoted.,Constrain long-range selector to basis/domain non-regression.,normal,not a V12 comparison,MWPM/BP-OSD comparator only when explicitly present; no claim if unavailable,early audit; ,,,,,,,,QEC_RUN_MATRIX_V1_V392_20260731.csv,Z:\Meetings\Complete\22-7-2026\QEC_AI_PAPER_MASTER_20260717,C:\Users\22228049\.codex\github_publish\hardware-adaptive-qec-ibm,domain/held-out,audit or unavailable,see row status,Version V16 retained with original matrix fields; no missing fields were inferred.
V17,G1_MLP_CNN_legacy,calibration/drift; geometry/FAISS,hard syndrome; calibration/backend metadata,IBM real shots; domain/held-out,unavailable,unavailable,unavailable,unavailable,unavailable,unavailable,unavailable,C:\Users\22228049\.codex\qec_work\wolffe_archive_20260730\extracted\home\22228049\qec_v17_vqc_20260718\evaluate_v17_vqc_selector.py; C:\Users\22228049\.codex\qec_work\wolffe_archive_20260730\extracted\home\22228049\qec_v17_vqc_20260718\train_v17_vqc_selector.py,Rejected; do not replace the GNN/relational decoder with a VQC on current evidence.,Benchmark VQC latency and accuracy against classical selector first.,normal,not a V12 comparison,MWPM/BP-OSD comparator only when explicitly present; no claim if unavailable,early audit; ,,,,,,,,QEC_RUN_MATRIX_V1_V392_20260731.csv,Z:\Meetings\Complete\22-7-2026\QEC_AI_PAPER_MASTER_20260717,C:\Users\22228049\.codex\github_publish\hardware-adaptive-qec-ibm,IBM real shots; domain/held-out,measured artifact,rejected,Version V17 retained with original matrix fields; no missing fields were inferred.
V18,G1_MLP_CNN_legacy,MWPM/PyMatching; graph/DEM; calibration/drift; postselection/gate,soft/LLR or analog; calibration/backend metadata,IBM real shots; domain/held-out,1/,unavailable,z['domain_id']; domain[keep],unavailable,unavailable,unavailable,unavailable,C:\Users\22228049\.codex\qec_work\wolffe_archive_20260730\extracted\home\22228049\qec_v18_quantum_20260718\analyze_v18_quantum_ambiguity_resolver.py; C:\Users\22228049\.codex\qec_work\wolffe_archive_20260730\extracted\home\22228049\qec_v67_20260719\code\analyze_v18_quantum_ambiguity_resolver.py,Kept as a controlled quantum-assisted research branch.,Measure full-denominator logical error; separate postselection coverage.,normal,not a V12 comparison,MWPM/BP-OSD comparator only when explicitly present; no claim if unavailable,early audit; ,,,,,,,,QEC_RUN_MATRIX_V1_V392_20260731.csv,Z:\Meetings\Complete\22-7-2026\QEC_AI_PAPER_MASTER_20260717,C:\Users\22228049\.codex\github_publish\hardware-adaptive-qec-ibm,IBM real shots; domain/held-out,audit or unavailable,promoted,Version V18 retained with original matrix fields; no missing fields were inferred.
V19,G1_MLP_CNN_legacy,MWPM/PyMatching; graph/DEM; calibration/drift; postselection/gate,soft/LLR or analog; hard syndrome; calibration/backend metadata,IBM real shots; phenomenological/Stim; correlated/drift,0/; 1/,unavailable,[]; paths=np.vstack([paths,unavailable,unavailable,unavailable,unavailable,C:\Users\22228049\.codex\qec_work\wolffe_archive_20260730\extracted\home\22228049\qec_v67_20260719\code\evaluate_v19_exact_hyperedge_decoders.py; C:\Users\22228049\.codex\qec_work\wolffe_archive_20260730\extracted\home\22228049\qec_v67_20260719\code\evaluate_v19_local_bp_hyperedge_qubo.py,"Feasibility validated, but exact classical solving remained available and decoder benefit was not established.",Compare quantum subsolver against exact classical optimum on same graph.,normal,not a V12 comparison,MWPM/BP-OSD comparator only when explicitly present; no claim if unavailable,early audit; ,,,,,,,,QEC_RUN_MATRIX_V1_V392_20260731.csv,Z:\Meetings\Complete\22-7-2026\QEC_AI_PAPER_MASTER_20260717,C:\Users\22228049\.codex\github_publish\hardware-adaptive-qec-ibm,IBM real shots; phenomenological/Stim; correlated/drift,measured artifact,promoted,Version V19 retained with original matrix fields; no missing fields were inferred.
V20,G1_MLP_CNN_legacy,graph/DEM,unavailable,unavailable,unavailable,+0.05093 pp,unavailable,unavailable,unavailable,unavailable,unavailable,unavailable,"Small independent selective improvement, not a replacement for V12 and not universally safe.",Retest local overlay with configuration-level safety gate.,normal,not a V12 comparison,MWPM/BP-OSD comparator only when explicitly present; no claim if unavailable,early audit; ,,,,,,,,QEC_RUN_MATRIX_V1_V392_20260731.csv,Z:\Meetings\Complete\22-7-2026\QEC_AI_PAPER_MASTER_20260717,C:\Users\22228049\.codex\github_publish\hardware-adaptive-qec-ibm,unavailable,audit or unavailable,promoted,Version V20 retained with original matrix fields; no missing fields were inferred.
V21,G1_MLP_CNN_legacy,unavailable,unavailable,unavailable,unavailable,+0.00347 pp,unavailable,unavailable,unavailable,unavailable,unavailable,unavailable,Independent null; widened selection did not replicate.,Require positive paired effect and coverage stability before widening gate.,normal,not a V12 comparison,MWPM/BP-OSD comparator only when explicitly present; no claim if unavailable,early audit; ,,,,,,,,QEC_RUN_MATRIX_V1_V392_20260731.csv,Z:\Meetings\Complete\22-7-2026\QEC_AI_PAPER_MASTER_20260717,C:\Users\22228049\.codex\github_publish\hardware-adaptive-qec-ibm,unavailable,audit or unavailable,promoted,Version V21 retained with original matrix fields; no missing fields were inferred.
V22,G1_MLP_CNN_legacy,MWPM/PyMatching; postselection/gate,unavailable,unavailable,unavailable,unavailable,unavailable,unavailable,unavailable,unavailable,unavailable,unavailable,"Confirmed below-1% conditional postselection, not full-decoder error and not LER/cycle.",Report conditional and full-denominator errors separately; no deployment claim.,normal,not a V12 comparison,MWPM/BP-OSD comparator only when explicitly present; no claim if unavailable,early audit; ,,,,,,,,QEC_RUN_MATRIX_V1_V392_20260731.csv,Z:\Meetings\Complete\22-7-2026\QEC_AI_PAPER_MASTER_20260717,C:\Users\22228049\.codex\github_publish\hardware-adaptive-qec-ibm,unavailable,audit or unavailable,promoted,Version V22 retained with original matrix fields; no missing fields were inferred.
V23,G1_MLP_CNN_legacy,calibration/drift,calibration/backend metadata,domain/held-out,unavailable,+0.021219 pp,unavailable,unavailable,unavailable,unavailable,unavailable,unavailable,Development-only; no QPU confirmation warranted.,Use tournament only for proposal generation; validate one pre-registered policy.,normal,not a V12 comparison,MWPM/BP-OSD comparator only when explicitly present; no claim if unavailable,early audit; Z:\Meetings\Complete\22-7-2026\QEC_AI_PAPER_MASTER_20260717\18_JULY_2026_V23_V29_UPDATE,,,,,,,,QEC_RUN_MATRIX_V1_V392_20260731.csv,Z:\Meetings\Complete\22-7-2026\QEC_AI_PAPER_MASTER_20260717,C:\Users\22228049\.codex\github_publish\hardware-adaptive-qec-ibm,domain/held-out,audit or unavailable,promoted,Version V23 retained with original matrix fields; no missing fields were inferred.
V24,G1_MLP_CNN_legacy,MWPM/PyMatching; calibration/drift; ensemble/consensus; postselection/gate,soft/LLR or analog; hard syndrome; calibration/backend metadata,IBM real shots; domain/held-out,20260718/,+0.001157 pp,unavailable,unavailable,unavailable,unavailable,unavailable,C:\Users\22228049\.codex\qec_work\wolffe_archive_20260730\extracted\home\22228049\qec_v24_ising_20260718\train_v24_ibm_ising_style.py,Null; architectural inspiration is not equivalent to checkpoint fine-tuning.,Add true V12 residual labels and calibration context to local 3D expert.,normal,not a V12 comparison,MWPM/BP-OSD comparator only when explicitly present; no claim if unavailable,early audit; ,,,,,,,,QEC_RUN_MATRIX_V1_V392_20260731.csv,Z:\Meetings\Complete\22-7-2026\QEC_AI_PAPER_MASTER_20260717,C:\Users\22228049\.codex\github_publish\hardware-adaptive-qec-ibm,IBM real shots; domain/held-out,audit or unavailable,promoted,Version V24 retained with original matrix fields; no missing fields were inferred.
V25,G1_MLP_CNN_legacy,unavailable,calibration/backend metadata,IBM real shots,unavailable,+0.128472 pp,unavailable,unavailable,unavailable,unavailable,unavailable,unavailable,Positive but not statistically confirmed cross-backend transfer.,Prospectively repeat on a new backend/day with X/Z confidence bounds.,normal,not a V12 comparison,MWPM/BP-OSD comparator only when explicitly present; no claim if unavailable,early audit; ,,,,,,,,QEC_RUN_MATRIX_V1_V392_20260731.csv,Z:\Meetings\Complete\22-7-2026\QEC_AI_PAPER_MASTER_20260717,C:\Users\22228049\.codex\github_publish\hardware-adaptive-qec-ibm,IBM real shots,audit or unavailable,promoted,Version V25 retained with original matrix fields; no missing fields were inferred.
V26,G1_MLP_CNN_legacy,MWPM/PyMatching; graph/DEM,hard syndrome,phenomenological/Stim,20260718/,unavailable,basis,unavailable,unavailable,unavailable,unavailable,C:\Users\22228049\.codex\qec_work\wolffe_archive_20260730\extracted\home\22228049\qec_v26_heavyhex_20260718\run_v26_heavyhex_distance.py,Simulation/structural evidence only; naive legacy HHC mapping was too costly for QPU submission.,Optimize heavy-hex routing before QPU test; report depth and hook faults.,normal,not a V12 comparison,MWPM/BP-OSD comparator only when explicitly present; no claim if unavailable,early audit; ,,,,,,,,QEC_RUN_MATRIX_V1_V392_20260731.csv,Z:\Meetings\Complete\22-7-2026\QEC_AI_PAPER_MASTER_20260717,C:\Users\22228049\.codex\github_publish\hardware-adaptive-qec-ibm,phenomenological/Stim,audit or unavailable,promoted,Version V26 retained with original matrix fields; no missing fields were inferred.
V27,G1_MLP_CNN_legacy,MWPM/PyMatching,soft/LLR or analog; hard syndrome,IBM real shots; phenomenological/Stim; correlated/drift,unavailable,1.7222 pp; 0.9667 pp,unavailable,unavailable,unavailable,unavailable,unavailable,C:\Users\22228049\.codex\qec_work\wolffe_archive_20260730\extracted\home\22228049\qec_v27_soft_iq_20260718\train_v27_soft_iq_ablations.py; C:\Users\22228049\.codex\qec_work\wolffe_archive_20260730\extracted\home\22228049\qec_v29_soft_iq_20260718\train_v27_soft_iq_ablations.py,"Promising hard-syndrome residual, but no evidence that soft IQ added value.",Obtain real analog IQ or stop claiming soft-readout benefit.,normal,not a V12 comparison,MWPM/BP-OSD comparator only when explicitly present; no claim if unavailable,early audit; ,,,,,,,,QEC_RUN_MATRIX_V1_V392_20260731.csv,Z:\Meetings\Complete\22-7-2026\QEC_AI_PAPER_MASTER_20260717,C:\Users\22228049\.codex\github_publish\hardware-adaptive-qec-ibm,IBM real shots; phenomenological/Stim; correlated/drift,audit or unavailable,promoted,Version V27 retained with original matrix fields; no missing fields were inferred.
V28,G1_MLP_CNN_legacy,unavailable,unavailable,unavailable,unavailable,+0.2847 pp,unavailable,unavailable,unavailable,unavailable,unavailable,unavailable,Confirmed aggregate transfer but not zero-regression safety.,Gate each X/Z and distance/round cohort independently.,normal,not a V12 comparison,MWPM/BP-OSD comparator only when explicitly present; no claim if unavailable,early audit; ,,,,,,,,QEC_RUN_MATRIX_V1_V392_20260731.csv,Z:\Meetings\Complete\22-7-2026\QEC_AI_PAPER_MASTER_20260717,C:\Users\22228049\.codex\github_publish\hardware-adaptive-qec-ibm,unavailable,audit or unavailable,promoted,Version V28 retained with original matrix fields; no missing fields were inferred.
V29,G1_MLP_CNN_legacy,MWPM/PyMatching,soft/LLR or analog; hard syndrome; calibration/backend metadata,IBM real shots,unavailable,+0.9741 pp,unavailable,unavailable,unavailable,unavailable,unavailable,C:\Users\22228049\.codex\qec_work\wolffe_archive_20260730\extracted\home\22228049\qec_v29_soft_iq_20260718\evaluate_v29_frozen_hard_soft.py,Confirmed hard-syndrome residual learning; rejected incremental soft-IQ claim.,Keep hard residual; test calibrated soft features only with matched IQ.,normal,not a V12 comparison,MWPM/BP-OSD comparator only when explicitly present; no claim if unavailable,early audit; Z:\Meetings\Complete\22-7-2026\QEC_AI_PAPER_MASTER_20260717\18_JULY_2026_V23_V29_UPDATE,,,,,,,,QEC_RUN_MATRIX_V1_V392_20260731.csv,Z:\Meetings\Complete\22-7-2026\QEC_AI_PAPER_MASTER_20260717,C:\Users\22228049\.codex\github_publish\hardware-adaptive-qec-ibm,IBM real shots,measured artifact,rejected,Version V29 retained with original matrix fields; no missing fields were inferred.
V30,G1_MLP_CNN_legacy,postselection/gate,unavailable,unavailable,unavailable,+0.07639 pp; +0.03241 pp,unavailable,unavailable,unavailable,unavailable,unavailable,unavailable,"Diagnostic null; domain sign reversal, not classifier capacity, was limiting.","Use pre-registered harm-aware rule, not retrospective tournament selection.",normal,not a V12 comparison,MWPM/BP-OSD comparator only when explicitly present; no claim if unavailable,early audit; ,,,,,,,,QEC_RUN_MATRIX_V1_V392_20260731.csv,Z:\Meetings\Complete\22-7-2026\QEC_AI_PAPER_MASTER_20260717,C:\Users\22228049\.codex\github_publish\hardware-adaptive-qec-ibm,unavailable,measured artifact,diagnostic/not promoted,Version V30 retained with original matrix fields; no missing fields were inferred.
V31,G1_MLP_CNN_legacy,postselection/gate,unavailable,unavailable,unavailable,+0.05440 pp; +0.00347 pp,unavailable,unavailable,unavailable,unavailable,unavailable,unavailable,Rejected for freezing; optimizer scaling did not resolve hardware-domain reversal.,Replace energy heuristic with operation-local calibration features.,normal,not a V12 comparison,MWPM/BP-OSD comparator only when explicitly present; no claim if unavailable,early audit; ,,,,,,,,QEC_RUN_MATRIX_V1_V392_20260731.csv,Z:\Meetings\Complete\22-7-2026\QEC_AI_PAPER_MASTER_20260717,C:\Users\22228049\.codex\github_publish\hardware-adaptive-qec-ibm,unavailable,measured artifact,rejected,Version V31 retained with original matrix fields; no missing fields were inferred.
V32,G1_MLP_CNN_legacy,unavailable,unavailable,unavailable,unavailable,unavailable,unavailable,unavailable,unavailable,unavailable,unavailable,unavailable,No sealed V32 artifact found; numbering moved from V31 to V38 in the preserved archive.,Recover or seal the missing artifact; do not infer a metric.,normal,not a V12 comparison,MWPM/BP-OSD comparator only when explicitly present; no claim if unavailable,early audit; ,,,,,,,,QEC_RUN_MATRIX_V1_V392_20260731.csv,Z:\Meetings\Complete\22-7-2026\QEC_AI_PAPER_MASTER_20260717,C:\Users\22228049\.codex\github_publish\hardware-adaptive-qec-ibm,unavailable,audit or unavailable,promoted,Version V32 retained with original matrix fields; no missing fields were inferred.
V33,G1_MLP_CNN_legacy,unavailable,unavailable,unavailable,unavailable,unavailable,unavailable,unavailable,unavailable,unavailable,unavailable,unavailable,No sealed V33 artifact found; numbering moved from V31 to V38 in the preserved archive.,Recover or seal the missing artifact; do not infer a metric.,normal,not a V12 comparison,MWPM/BP-OSD comparator only when explicitly present; no claim if unavailable,early audit; ,,,,,,,,QEC_RUN_MATRIX_V1_V392_20260731.csv,Z:\Meetings\Complete\22-7-2026\QEC_AI_PAPER_MASTER_20260717,C:\Users\22228049\.codex\github_publish\hardware-adaptive-qec-ibm,unavailable,audit or unavailable,promoted,Version V33 retained with original matrix fields; no missing fields were inferred.
V34,G1_MLP_CNN_legacy,postselection/gate,calibration/backend metadata,IBM real shots; domain/held-out,0/,unavailable,unavailable,unavailable,unavailable,unavailable,unavailable,C:\Users\22228049\.codex\qec_work\wolffe_archive_20260730\extracted\home\22228049\qec_v34_nvidia_20260718\benchmark_v34_nvidia_latency.py; C:\Users\22228049\.codex\qec_work\wolffe_archive_20260730\extracted\home\22228049\qec_v34_nvidia_20260718\train_v34_nvidia_ibm_transfer.py,No sealed V34 artifact found; numbering moved from V31 to V38 in the preserved archive.,Recover or seal the missing artifact; do not infer a metric.,normal,not a V12 comparison,MWPM/BP-OSD comparator only when explicitly present; no claim if unavailable,early audit; ,,,,,,,,QEC_RUN_MATRIX_V1_V392_20260731.csv,Z:\Meetings\Complete\22-7-2026\QEC_AI_PAPER_MASTER_20260717,C:\Users\22228049\.codex\github_publish\hardware-adaptive-qec-ibm,IBM real shots; domain/held-out,audit or unavailable,promoted,Version V34 retained with original matrix fields; no missing fields were inferred.
V35,G1_MLP_CNN_legacy,unavailable,unavailable,unavailable,unavailable,unavailable,unavailable,unavailable,unavailable,unavailable,unavailable,unavailable,No sealed V35 artifact found; numbering moved from V31 to V38 in the preserved archive.,Recover or seal the missing artifact; do not infer a metric.,normal,not a V12 comparison,MWPM/BP-OSD comparator only when explicitly present; no claim if unavailable,early audit; ,,,,,,,,QEC_RUN_MATRIX_V1_V392_20260731.csv,Z:\Meetings\Complete\22-7-2026\QEC_AI_PAPER_MASTER_20260717,C:\Users\22228049\.codex\github_publish\hardware-adaptive-qec-ibm,unavailable,audit or unavailable,promoted,Version V35 retained with original matrix fields; no missing fields were inferred.
V36,G1_MLP_CNN_legacy,unavailable,unavailable,unavailable,unavailable,unavailable,unavailable,unavailable,unavailable,unavailable,unavailable,unavailable,No sealed V36 artifact found; numbering moved from V31 to V38 in the preserved archive.,Recover or seal the missing artifact; do not infer a metric.,normal,not a V12 comparison,MWPM/BP-OSD comparator only when explicitly present; no claim if unavailable,early audit; ,,,,,,,,QEC_RUN_MATRIX_V1_V392_20260731.csv,Z:\Meetings\Complete\22-7-2026\QEC_AI_PAPER_MASTER_20260717,C:\Users\22228049\.codex\github_publish\hardware-adaptive-qec-ibm,unavailable,audit or unavailable,promoted,Version V36 retained with original matrix fields; no missing fields were inferred.
V37,G1_MLP_CNN_legacy,MWPM/PyMatching; neural/ML; graph/DEM; calibration/drift; ensemble/consensus,soft/LLR or analog; hard syndrome; calibration/backend metadata,IBM real shots; phenomenological/Stim; correlated/drift; domain/held-out,unavailable,unavailable,unavailable,unavailable,unavailable,unavailable,unavailable,C:\Users\22228049\.codex\qec_work\wolffe_archive_20260730\extracted\home\22228049\qec_v37_20260718\train_v37_persistent_graph_reranker.py,No sealed V37 artifact found; numbering moved from V31 to V38 in the preserved archive.,Recover or seal the missing artifact; do not infer a metric.,normal,not a V12 comparison,MWPM/BP-OSD comparator only when explicitly present; no claim if unavailable,early audit; ,,,,,,,,QEC_RUN_MATRIX_V1_V392_20260731.csv,Z:\Meetings\Complete\22-7-2026\QEC_AI_PAPER_MASTER_20260717,C:\Users\22228049\.codex\github_publish\hardware-adaptive-qec-ibm,IBM real shots; phenomenological/Stim; correlated/drift; domain/held-out,audit or unavailable,promoted,Version V37 retained with original matrix fields; no missing fields were inferred.
V38,G1_MLP_CNN_legacy,BP-OSD; MWPM/PyMatching; calibration/drift; ensemble/consensus,soft/LLR or analog; hard syndrome; calibration/backend metadata,IBM real shots; phenomenological/Stim; domain/held-out,unavailable,+0.17245 pp,unavailable,unavailable,unavailable,unavailable,unavailable,C:\Users\22228049\.codex\qec_work\wolffe_archive_20260730\extracted\home\22228049\qec_v38_20260718\train_v38_v12_osd_selector.py; C:\Users\22228049\.codex\qec_work\wolffe_archive_20260730\extracted\home\22228049\qec_v38_confirmation_20260718\evaluate_frozen_v38.py,"Strong same-block confirmation, but its extra routing advantage did not significantly transfer to Fez.",Validate BP-OSD routing on a new block and cap basis-specific intervention.,normal,not a V12 comparison,MWPM/BP-OSD comparator only when explicitly present; no claim if unavailable,early audit; Z:\Meetings\Complete\22-7-2026\QEC_AI_PAPER_MASTER_20260717\41_V38_FROZEN_CUDAQ_OSD_CONFIRMATION,,,,,,,,QEC_RUN_MATRIX_V1_V392_20260731.csv,Z:\Meetings\Complete\22-7-2026\QEC_AI_PAPER_MASTER_20260717,C:\Users\22228049\.codex\github_publish\hardware-adaptive-qec-ibm,IBM real shots; phenomenological/Stim; domain/held-out,audit or unavailable,promoted,Version V38 retained with original matrix fields; no missing fields were inferred.
V39,G1_MLP_CNN_legacy,BP-OSD,unavailable,IBM real shots,unavailable,+0.804398 pp; 5.1875 pp; 0.9861 pp,unavailable,unavailable,unavailable,unavailable,unavailable,unavailable,Positive classical solver result requiring configuration awareness.,Use configuration-conditioned BP-OSD with Z-safe fallback.,normal,not a V12 comparison,MWPM/BP-OSD comparator only when explicitly present; no claim if unavailable,early audit; Z:\Meetings\Complete\22-7-2026\QEC_AI_PAPER_MASTER_20260717\46_V39_FEZ_INDEPENDENT_CONFIRMATION,,,,,,,,QEC_RUN_MATRIX_V1_V392_20260731.csv,Z:\Meetings\Complete\22-7-2026\QEC_AI_PAPER_MASTER_20260717,C:\Users\22228049\.codex\github_publish\hardware-adaptive-qec-ibm,IBM real shots,audit or unavailable,promoted,Version V39 retained with original matrix fields; no missing fields were inferred.
V40,G1_MLP_CNN_legacy,MWPM/PyMatching; graph/DEM; calibration/drift; ensemble/consensus; postselection/gate,soft/LLR or analog; hard syndrome; calibration/backend metadata,IBM real shots; phenomenological/Stim; domain/held-out,unavailable,+1.223380 pp,"= 0 else ""Z"") + str(rounds) + ""_L"" + str(logical); metadata[:; = 0]; = 0]); = 1]; = 1]); = 0])[""candidate_error_percent""] < 1; = 1])[""candidate_error_percent""] < 1; 0 if cfg[""basis""].lower() == ""x"" else 1; = 0 else 'Z'}{cfg['rounds']}_L{cfg['logical']}""",unavailable,unavailable,unavailable,unavailable,C:\Users\22228049\.codex\qec_work\wolffe_archive_20260730\extracted\home\22228049\qec_real_hardware_audit_20260720\evaluate_v40_frozen_real_domains.py; C:\Users\22228049\.codex\qec_work\wolffe_archive_20260730\extracted\home\22228049\qec_real_hardware_audit_20260720\smoke_rh01_v40_frozen.py; C:\Users\22228049\.codex\qec_work\wolffe_archive_20260730\extracted\home\22228049\qec_v40_20260718\analyze_v40_lodo.py; C:\Users\22228049\.codex\qec_work\wolffe_archive_20260730\extracted\home\22228049\qec_v40_20260718\generate_v40_exact_ibm_pretraining.py; C:\Users\22228049\.codex\qec_work\wolffe_archive_20260730\extracted\home\22228049\qec_v40_20260718\train_v40_finetune.py,Promising LODO development only; not independently confirmed on a new QPU block.,Fix LODO feedback and validate on untouched QPU data before promotion.,normal,not a V12 comparison,MWPM/BP-OSD comparator only when explicitly present; no claim if unavailable,early audit; Z:\Meetings\Complete\22-7-2026\QEC_AI_PAPER_MASTER_20260717\45_V40_COMPLETED_LODO_DEVELOPMENT;Z:\Meetings\Complete\22-7-2026\QEC_AI_PAPER_MASTER_20260717\V40_ALPHA_IBM_RESULTS,,,,,,,,QEC_RUN_MATRIX_V1_V392_20260731.csv,Z:\Meetings\Complete\22-7-2026\QEC_AI_PAPER_MASTER_20260717,C:\Users\22228049\.codex\github_publish\hardware-adaptive-qec-ibm,IBM real shots; phenomenological/Stim; domain/held-out,audit or unavailable,promoted,Version V40 retained with original matrix fields; no missing fields were inferred.
V41,G1_MLP_CNN_legacy,unavailable,unavailable,unavailable,unavailable,unavailable,unavailable,unavailable,unavailable,unavailable,unavailable,unavailable,No sealed V41 artifact found; V41â€“V53 are unused/reserved in the preserved version sequence.,Recover or seal the missing artifact; do not infer a metric.,normal,not a V12 comparison,MWPM/BP-OSD comparator only when explicitly present; no claim if unavailable,early audit; ,,,,,,,,QEC_RUN_MATRIX_V1_V392_20260731.csv,Z:\Meetings\Complete\22-7-2026\QEC_AI_PAPER_MASTER_20260717,C:\Users\22228049\.codex\github_publish\hardware-adaptive-qec-ibm,unavailable,audit or unavailable,promoted,Version V41 retained with original matrix fields; no missing fields were inferred.
V42,G1_MLP_CNN_legacy,unavailable,unavailable,unavailable,unavailable,unavailable,unavailable,unavailable,unavailable,unavailable,unavailable,unavailable,No sealed V42 artifact found; V41â€“V53 are unused/reserved in the preserved version sequence.,Recover or seal the missing artifact; do not infer a metric.,normal,not a V12 comparison,MWPM/BP-OSD comparator only when explicitly present; no claim if unavailable,early audit; ,,,,,,,,QEC_RUN_MATRIX_V1_V392_20260731.csv,Z:\Meetings\Complete\22-7-2026\QEC_AI_PAPER_MASTER_20260717,C:\Users\22228049\.codex\github_publish\hardware-adaptive-qec-ibm,unavailable,audit or unavailable,promoted,Version V42 retained with original matrix fields; no missing fields were inferred.
V43,G1_MLP_CNN_legacy,unavailable,unavailable,unavailable,unavailable,unavailable,unavailable,unavailable,unavailable,unavailable,unavailable,unavailable,No sealed V43 artifact found; V41â€“V53 are unused/reserved in the preserved version sequence.,Recover or seal the missing artifact; do not infer a metric.,normal,not a V12 comparison,MWPM/BP-OSD comparator only when explicitly present; no claim if unavailable,early audit; ,,,,,,,,QEC_RUN_MATRIX_V1_V392_20260731.csv,Z:\Meetings\Complete\22-7-2026\QEC_AI_PAPER_MASTER_20260717,C:\Users\22228049\.codex\github_publish\hardware-adaptive-qec-ibm,unavailable,audit or unavailable,promoted,Version V43 retained with original matrix fields; no missing fields were inferred.
V44,G1_MLP_CNN_legacy,unavailable,unavailable,unavailable,unavailable,unavailable,unavailable,unavailable,unavailable,unavailable,unavailable,unavailable,No sealed V44 artifact found; V41â€“V53 are unused/reserved in the preserved version sequence.,Recover or seal the missing artifact; do not infer a metric.,normal,not a V12 comparison,MWPM/BP-OSD comparator only when explicitly present; no claim if unavailable,early audit; ,,,,,,,,QEC_RUN_MATRIX_V1_V392_20260731.csv,Z:\Meetings\Complete\22-7-2026\QEC_AI_PAPER_MASTER_20260717,C:\Users\22228049\.codex\github_publish\hardware-adaptive-qec-ibm,unavailable,audit or unavailable,promoted,Version V44 retained with original matrix fields; no missing fields were inferred.
V45,G1_MLP_CNN_legacy,unavailable,unavailable,unavailable,unavailable,unavailable,unavailable,unavailable,unavailable,unavailable,unavailable,unavailable,No sealed V45 artifact found; V41â€“V53 are unused/reserved in the preserved version sequence.,Recover or seal the missing artifact; do not infer a metric.,normal,not a V12 comparison,MWPM/BP-OSD comparator only when explicitly present; no claim if unavailable,early audit; ,,,,,,,,QEC_RUN_MATRIX_V1_V392_20260731.csv,Z:\Meetings\Complete\22-7-2026\QEC_AI_PAPER_MASTER_20260717,C:\Users\22228049\.codex\github_publish\hardware-adaptive-qec-ibm,unavailable,audit or unavailable,promoted,Version V45 retained with original matrix fields; no missing fields were inferred.
V46,G1_MLP_CNN_legacy,unavailable,unavailable,unavailable,unavailable,unavailable,unavailable,unavailable,unavailable,unavailable,unavailable,unavailable,No sealed V46 artifact found; V41â€“V53 are unused/reserved in the preserved version sequence.,Recover or seal the missing artifact; do not infer a metric.,normal,not a V12 comparison,MWPM/BP-OSD comparator only when explicitly present; no claim if unavailable,early audit; ,,,,,,,,QEC_RUN_MATRIX_V1_V392_20260731.csv,Z:\Meetings\Complete\22-7-2026\QEC_AI_PAPER_MASTER_20260717,C:\Users\22228049\.codex\github_publish\hardware-adaptive-qec-ibm,unavailable,audit or unavailable,promoted,Version V46 retained with original matrix fields; no missing fields were inferred.
V47,G1_MLP_CNN_legacy,unavailable,unavailable,unavailable,unavailable,unavailable,unavailable,unavailable,unavailable,unavailable,unavailable,unavailable,No sealed V47 artifact found; V41â€“V53 are unused/reserved in the preserved version sequence.,Recover or seal the missing artifact; do not infer a metric.,normal,not a V12 comparison,MWPM/BP-OSD comparator only when explicitly present; no claim if unavailable,early audit; ,,,,,,,,QEC_RUN_MATRIX_V1_V392_20260731.csv,Z:\Meetings\Complete\22-7-2026\QEC_AI_PAPER_MASTER_20260717,C:\Users\22228049\.codex\github_publish\hardware-adaptive-qec-ibm,unavailable,audit or unavailable,promoted,Version V47 retained with original matrix fields; no missing fields were inferred.
V48,G1_MLP_CNN_legacy,unavailable,unavailable,unavailable,unavailable,unavailable,unavailable,unavailable,unavailable,unavailable,unavailable,unavailable,No sealed V48 artifact found; V41â€“V53 are unused/reserved in the preserved version sequence.,Recover or seal the missing artifact; do not infer a metric.,normal,not a V12 comparison,MWPM/BP-OSD comparator only when explicitly present; no claim if unavailable,early audit; ,,,,,,,,QEC_RUN_MATRIX_V1_V392_20260731.csv,Z:\Meetings\Complete\22-7-2026\QEC_AI_PAPER_MASTER_20260717,C:\Users\22228049\.codex\github_publish\hardware-adaptive-qec-ibm,unavailable,audit or unavailable,promoted,Version V48 retained with original matrix fields; no missing fields were inferred.
V49,G1_MLP_CNN_legacy,unavailable,unavailable,unavailable,unavailable,unavailable,unavailable,unavailable,unavailable,unavailable,unavailable,unavailable,No sealed V49 artifact found; V41â€“V53 are unused/reserved in the preserved version sequence.,Recover or seal the missing artifact; do not infer a metric.,normal,not a V12 comparison,MWPM/BP-OSD comparator only when explicitly present; no claim if unavailable,early audit; ,,,,,,,,QEC_RUN_MATRIX_V1_V392_20260731.csv,Z:\Meetings\Complete\22-7-2026\QEC_AI_PAPER_MASTER_20260717,C:\Users\22228049\.codex\github_publish\hardware-adaptive-qec-ibm,unavailable,audit or unavailable,promoted,Version V49 retained with original matrix fields; no missing fields were inferred.
V50,G1_MLP_CNN_legacy,unavailable,unavailable,unavailable,unavailable,unavailable,unavailable,unavailable,unavailable,unavailable,unavailable,unavailable,No sealed V50 artifact found; V41â€“V53 are unused/reserved in the preserved version sequence.,Recover or seal the missing artifact; do not infer a metric.,normal,not a V12 comparison,MWPM/BP-OSD comparator only when explicitly present; no claim if unavailable,early audit; ,,,,,,,,QEC_RUN_MATRIX_V1_V392_20260731.csv,Z:\Meetings\Complete\22-7-2026\QEC_AI_PAPER_MASTER_20260717,C:\Users\22228049\.codex\github_publish\hardware-adaptive-qec-ibm,unavailable,audit or unavailable,promoted,Version V50 retained with original matrix fields; no missing fields were inferred.
V51,G2_MPNN_GNN_graph,unavailable,unavailable,unavailable,unavailable,unavailable,unavailable,unavailable,unavailable,unavailable,unavailable,unavailable,No sealed V51 artifact found; V41â€“V53 are unused/reserved in the preserved version sequence.,Recover or seal the missing artifact; do not infer a metric.,normal,not a V12 comparison,MWPM/BP-OSD comparator only when explicitly present; no claim if unavailable,early audit; ,,,,,,,,QEC_RUN_MATRIX_V1_V392_20260731.csv,Z:\Meetings\Complete\22-7-2026\QEC_AI_PAPER_MASTER_20260717,C:\Users\22228049\.codex\github_publish\hardware-adaptive-qec-ibm,unavailable,audit or unavailable,promoted,Version V51 retained with original matrix fields; no missing fields were inferred.
V52,G2_MPNN_GNN_graph,unavailable,unavailable,unavailable,unavailable,unavailable,unavailable,unavailable,unavailable,unavailable,unavailable,unavailable,No sealed V52 artifact found; V41â€“V53 are unused/reserved in the preserved version sequence.,Recover or seal the missing artifact; do not infer a metric.,normal,not a V12 comparison,MWPM/BP-OSD comparator only when explicitly present; no claim if unavailable,early audit; ,,,,,,,,QEC_RUN_MATRIX_V1_V392_20260731.csv,Z:\Meetings\Complete\22-7-2026\QEC_AI_PAPER_MASTER_20260717,C:\Users\22228049\.codex\github_publish\hardware-adaptive-qec-ibm,unavailable,audit or unavailable,promoted,Version V52 retained with original matrix fields; no missing fields were inferred.
V53,G2_MPNN_GNN_graph,unavailable,unavailable,unavailable,unavailable,unavailable,unavailable,unavailable,unavailable,unavailable,unavailable,unavailable,No sealed V53 artifact found; V41â€“V53 are unused/reserved in the preserved version sequence.,Recover or seal the missing artifact; do not infer a metric.,normal,not a V12 comparison,MWPM/BP-OSD comparator only when explicitly present; no claim if unavailable,early audit; ,,,,,,,,QEC_RUN_MATRIX_V1_V392_20260731.csv,Z:\Meetings\Complete\22-7-2026\QEC_AI_PAPER_MASTER_20260717,C:\Users\22228049\.codex\github_publish\hardware-adaptive-qec-ibm,unavailable,audit or unavailable,promoted,Version V53 retained with original matrix fields; no missing fields were inferred.
V54,G2_MPNN_GNN_graph,unavailable,unavailable,unavailable,unavailable,unavailable,unavailable,unavailable,unavailable,unavailable,unavailable,unavailable,Decoder/router development; not a validated replacement for V12.,"Inventory the original script, reproduce with fixed seeds, and require X/Z/domain gates.",normal,not a V12 comparison,MWPM/BP-OSD comparator only when explicitly present; no claim if unavailable,early audit; Z:\Meetings\Complete\22-7-2026\QEC_AI_PAPER_MASTER_20260717\54_V54_V59_LITERATURE_AND_CERTIFIED_SOLVER_SEARCH_20260719,,,,,,,,QEC_RUN_MATRIX_V1_V392_20260731.csv,Z:\Meetings\Complete\22-7-2026\QEC_AI_PAPER_MASTER_20260717,C:\Users\22228049\.codex\github_publish\hardware-adaptive-qec-ibm,unavailable,measured artifact,promoted,Version V54 retained with original matrix fields; no missing fields were inferred.
V55,G2_MPNN_GNN_graph,unavailable,unavailable,unavailable,unavailable,unavailable,unavailable,unavailable,unavailable,unavailable,unavailable,unavailable,Decoder/router development; not a validated replacement for V12.,"Inventory the original script, reproduce with fixed seeds, and require X/Z/domain gates.",normal,not a V12 comparison,MWPM/BP-OSD comparator only when explicitly present; no claim if unavailable,early audit; ,,,,,,,,QEC_RUN_MATRIX_V1_V392_20260731.csv,Z:\Meetings\Complete\22-7-2026\QEC_AI_PAPER_MASTER_20260717,C:\Users\22228049\.codex\github_publish\hardware-adaptive-qec-ibm,unavailable,measured artifact,promoted,Version V55 retained with original matrix fields; no missing fields were inferred.
V56,G2_MPNN_GNN_graph,unavailable,unavailable,unavailable,unavailable,unavailable,unavailable,unavailable,unavailable,unavailable,unavailable,unavailable,Decoder/router development; not a validated replacement for V12.,"Inventory the original script, reproduce with fixed seeds, and require X/Z/domain gates.",normal,not a V12 comparison,MWPM/BP-OSD comparator only when explicitly present; no claim if unavailable,early audit; ,,,,,,,,QEC_RUN_MATRIX_V1_V392_20260731.csv,Z:\Meetings\Complete\22-7-2026\QEC_AI_PAPER_MASTER_20260717,C:\Users\22228049\.codex\github_publish\hardware-adaptive-qec-ibm,unavailable,measured artifact,promoted,Version V56 retained with original matrix fields; no missing fields were inferred.
V57,G2_MPNN_GNN_graph,unavailable,unavailable,unavailable,unavailable,unavailable,unavailable,unavailable,unavailable,unavailable,unavailable,unavailable,Decoder/router development; not a validated replacement for V12.,"Inventory the original script, reproduce with fixed seeds, and require X/Z/domain gates.",normal,not a V12 comparison,MWPM/BP-OSD comparator only when explicitly present; no claim if unavailable,early audit; ,,,,,,,,QEC_RUN_MATRIX_V1_V392_20260731.csv,Z:\Meetings\Complete\22-7-2026\QEC_AI_PAPER_MASTER_20260717,C:\Users\22228049\.codex\github_publish\hardware-adaptive-qec-ibm,unavailable,measured artifact,promoted,Version V57 retained with original matrix fields; no missing fields were inferred.
V58,G2_MPNN_GNN_graph,unavailable,unavailable,unavailable,unavailable,unavailable,unavailable,unavailable,unavailable,unavailable,unavailable,unavailable,No sealed V58 artifact found; the certified-solver sequence continues at V59.,Recover or seal the missing artifact; do not infer a metric.,normal,not a V12 comparison,MWPM/BP-OSD comparator only when explicitly present; no claim if unavailable,early audit; ,,,,,,,,QEC_RUN_MATRIX_V1_V392_20260731.csv,Z:\Meetings\Complete\22-7-2026\QEC_AI_PAPER_MASTER_20260717,C:\Users\22228049\.codex\github_publish\hardware-adaptive-qec-ibm,unavailable,audit or unavailable,promoted,Version V58 retained with original matrix fields; no missing fields were inferred.
V59,G2_MPNN_GNN_graph,calibration/drift,calibration/backend metadata,IBM real shots; domain/held-out,unavailable,unavailable,DOMAINS[di],unavailable,unavailable,unavailable,unavailable,C:\Users\22228049\.codex\qec_work\wolffe_archive_20260730\extracted\home\22228049\qec_v59_20260719\analyze_v59_osd_sweep.py; C:\Users\22228049\.codex\qec_work\wolffe_archive_20260730\extracted\home\22228049\qec_v59_20260719\run_v59_osd_sweep.py,Decoder/router development; not a validated replacement for V12.,"Inventory the original script, reproduce with fixed seeds, and require X/Z/domain gates.",normal,not a V12 comparison,MWPM/BP-OSD comparator only when explicitly present; no claim if unavailable,early audit; Z:\Meetings\Complete\22-7-2026\QEC_AI_PAPER_MASTER_20260717\54_V54_V59_LITERATURE_AND_CERTIFIED_SOLVER_SEARCH_20260719,,,,,,,,QEC_RUN_MATRIX_V1_V392_20260731.csv,Z:\Meetings\Complete\22-7-2026\QEC_AI_PAPER_MASTER_20260717,C:\Users\22228049\.codex\github_publish\hardware-adaptive-qec-ibm,IBM real shots; domain/held-out,measured artifact,promoted,Version V59 retained with original matrix fields; no missing fields were inferred.
V60,G2_MPNN_GNN_graph,calibration/drift; ensemble/consensus; postselection/gate,calibration/backend metadata,IBM real shots; domain/held-out,unavailable,unavailable,unavailable,unavailable,unavailable,unavailable,unavailable,C:\Users\22228049\.codex\qec_work\wolffe_archive_20260730\extracted\home\22228049\qec_v59_20260719\analyze_v60_coset_ensemble.py,Decoder/router development; not a validated replacement for V12.,"Inventory the original script, reproduce with fixed seeds, and require X/Z/domain gates.",normal,not a V12 comparison,MWPM/BP-OSD comparator only when explicitly present; no claim if unavailable,early audit; ,,,,,,,,QEC_RUN_MATRIX_V1_V392_20260731.csv,Z:\Meetings\Complete\22-7-2026\QEC_AI_PAPER_MASTER_20260717,C:\Users\22228049\.codex\github_publish\hardware-adaptive-qec-ibm,IBM real shots; domain/held-out,measured artifact,promoted,Version V60 retained with original matrix fields; no missing fields were inferred.
V61,G2_MPNN_GNN_graph,MWPM/PyMatching; calibration/drift; postselection/gate,calibration/backend metadata,IBM real shots; domain/held-out,unavailable,unavailable,unavailable,unavailable,unavailable,unavailable,unavailable,C:\Users\22228049\.codex\qec_work\wolffe_archive_20260730\extracted\home\22228049\qec_v59_20260719\freeze_v61_certified_x3_osd.py,Decoder/router development; not a validated replacement for V12.,"Inventory the original script, reproduce with fixed seeds, and require X/Z/domain gates.",normal,not a V12 comparison,MWPM/BP-OSD comparator only when explicitly present; no claim if unavailable,early audit; ,,,,,,,,QEC_RUN_MATRIX_V1_V392_20260731.csv,Z:\Meetings\Complete\22-7-2026\QEC_AI_PAPER_MASTER_20260717,C:\Users\22228049\.codex\github_publish\hardware-adaptive-qec-ibm,IBM real shots; domain/held-out,measured artifact,promoted,Version V61 retained with original matrix fields; no missing fields were inferred.
V62,G2_MPNN_GNN_graph,BP-OSD; MWPM/PyMatching; graph/DEM; calibration/drift; postselection/gate,hard syndrome; calibration/backend metadata,IBM real shots; domain/held-out,3/; 0/,unavailable,"0 if item[""config""][0]==""X"" else 1",unavailable,unavailable,unavailable,unavailable,C:\Users\22228049\.codex\qec_work\wolffe_archive_20260730\extracted\home\22228049\qec_v59_20260719\analyze_v62_adaptive_sweep.py; C:\Users\22228049\.codex\qec_work\wolffe_archive_20260730\extracted\home\22228049\qec_v59_20260719\benchmark_v62_adaptive_priors.py; C:\Users\22228049\.codex\qec_work\wolffe_archive_20260730\extracted\home\22228049\qec_v59_20260719\run_v62_adaptive_sweep.py,Decoder/router development; not a validated replacement for V12.,"Inventory the original script, reproduce with fixed seeds, and require X/Z/domain gates.",normal,not a V12 comparison,MWPM/BP-OSD comparator only when explicitly present; no claim if unavailable,early audit; ,,,,,,,,QEC_RUN_MATRIX_V1_V392_20260731.csv,Z:\Meetings\Complete\22-7-2026\QEC_AI_PAPER_MASTER_20260717,C:\Users\22228049\.codex\github_publish\hardware-adaptive-qec-ibm,IBM real shots; domain/held-out,measured artifact,promoted,Version V62 retained with original matrix fields; no missing fields were inferred.
V63,G2_MPNN_GNN_graph,MWPM/PyMatching; calibration/drift; postselection/gate,calibration/backend metadata,IBM real shots; domain/held-out,unavailable,unavailable,unavailable,unavailable,unavailable,unavailable,unavailable,C:\Users\22228049\.codex\qec_work\wolffe_archive_20260730\extracted\home\22228049\qec_v59_20260719\analyze_v63_location_adaptive.py,Decoder/router development; not a validated replacement for V12.,"Inventory the original script, reproduce with fixed seeds, and require X/Z/domain gates.",normal,not a V12 comparison,MWPM/BP-OSD comparator only when explicitly present; no claim if unavailable,early audit; ,,,,,,,,QEC_RUN_MATRIX_V1_V392_20260731.csv,Z:\Meetings\Complete\22-7-2026\QEC_AI_PAPER_MASTER_20260717,C:\Users\22228049\.codex\github_publish\hardware-adaptive-qec-ibm,IBM real shots; domain/held-out,measured artifact,promoted,Version V63 retained with original matrix fields; no missing fields were inferred.
V64,G2_MPNN_GNN_graph,BP-OSD; MWPM/PyMatching; calibration/drift,calibration/backend metadata,IBM real shots; domain/held-out,unavailable,unavailable,unavailable,unavailable,unavailable,unavailable,unavailable,C:\Users\22228049\.codex\qec_work\wolffe_archive_20260730\extracted\home\22228049\qec_v59_20260719\analyze_v64_v12_adaptive_osd.py,Decoder/router development; not a validated replacement for V12.,"Inventory the original script, reproduce with fixed seeds, and require X/Z/domain gates.",normal,not a V12 comparison,MWPM/BP-OSD comparator only when explicitly present; no claim if unavailable,early audit; ,,,,,,,,QEC_RUN_MATRIX_V1_V392_20260731.csv,Z:\Meetings\Complete\22-7-2026\QEC_AI_PAPER_MASTER_20260717,C:\Users\22228049\.codex\github_publish\hardware-adaptive-qec-ibm,IBM real shots; domain/held-out,measured artifact,promoted,Version V64 retained with original matrix fields; no missing fields were inferred.
V65,G2_MPNN_GNN_graph,unavailable,unavailable,unavailable,unavailable,unavailable,unavailable,unavailable,unavailable,unavailable,unavailable,unavailable,Decoder/router development; not a validated replacement for V12.,"Inventory the original script, reproduce with fixed seeds, and require X/Z/domain gates.",normal,not a V12 comparison,MWPM/BP-OSD comparator only when explicitly present; no claim if unavailable,early audit; Z:\Meetings\Complete\22-7-2026\QEC_AI_PAPER_MASTER_20260717\55_V65_V68_HYPERGRAPH_COVERAGE_AND_SCOPUS_20260719,,,,,,,,QEC_RUN_MATRIX_V1_V392_20260731.csv,Z:\Meetings\Complete\22-7-2026\QEC_AI_PAPER_MASTER_20260717,C:\Users\22228049\.codex\github_publish\hardware-adaptive-qec-ibm,unavailable,measured artifact,promoted,Version V65 retained with original matrix fields; no missing fields were inferred.
V66,G2_MPNN_GNN_graph,unavailable,unavailable,unavailable,unavailable,unavailable,unavailable,unavailable,unavailable,unavailable,unavailable,unavailable,Decoder/router development; not a validated replacement for V12.,"Inventory the original script, reproduce with fixed seeds, and require X/Z/domain gates.",normal,not a V12 comparison,MWPM/BP-OSD comparator only when explicitly present; no claim if unavailable,early audit; ,,,,,,,,QEC_RUN_MATRIX_V1_V392_20260731.csv,Z:\Meetings\Complete\22-7-2026\QEC_AI_PAPER_MASTER_20260717,C:\Users\22228049\.codex\github_publish\hardware-adaptive-qec-ibm,unavailable,measured artifact,promoted,Version V66 retained with original matrix fields; no missing fields were inferred.
V67,G2_MPNN_GNN_graph,unavailable,unavailable,unavailable,unavailable,unavailable,unavailable,unavailable,unavailable,unavailable,unavailable,unavailable,Decoder/router development; not a validated replacement for V12.,"Inventory the original script, reproduce with fixed seeds, and require X/Z/domain gates.",normal,not a V12 comparison,MWPM/BP-OSD comparator only when explicitly present; no claim if unavailable,early audit; ,,,,,,,,QEC_RUN_MATRIX_V1_V392_20260731.csv,Z:\Meetings\Complete\22-7-2026\QEC_AI_PAPER_MASTER_20260717,C:\Users\22228049\.codex\github_publish\hardware-adaptive-qec-ibm,unavailable,measured artifact,promoted,Version V67 retained with original matrix fields; no missing fields were inferred.
V68,G2_MPNN_GNN_graph,unavailable,unavailable,unavailable,unavailable,unavailable,unavailable,unavailable,unavailable,unavailable,unavailable,unavailable,Decoder/router development; not a validated replacement for V12.,"Inventory the original script, reproduce with fixed seeds, and require X/Z/domain gates.",normal,not a V12 comparison,MWPM/BP-OSD comparator only when explicitly present; no claim if unavailable,early audit; Z:\Meetings\Complete\22-7-2026\QEC_AI_PAPER_MASTER_20260717\55_V65_V68_HYPERGRAPH_COVERAGE_AND_SCOPUS_20260719,,,,,,,,QEC_RUN_MATRIX_V1_V392_20260731.csv,Z:\Meetings\Complete\22-7-2026\QEC_AI_PAPER_MASTER_20260717,C:\Users\22228049\.codex\github_publish\hardware-adaptive-qec-ibm,unavailable,measured artifact,promoted,Version V68 retained with original matrix fields; no missing fields were inferred.
V69,G2_MPNN_GNN_graph,MWPM/PyMatching; graph/DEM; calibration/drift; postselection/gate,soft/LLR or analog; hard syndrome; calibration/backend metadata,IBM real shots; phenomenological/Stim,0/,unavailable,unavailable,unavailable,unavailable,unavailable,unavailable,C:\Users\22228049\.codex\qec_work\wolffe_archive_20260730\extracted\home\22228049\qec_external_repos\v69\aggregate_v69.py; C:\Users\22228049\.codex\qec_work\wolffe_archive_20260730\extracted\home\22228049\qec_external_repos\v69\hamld_v69_paired.py,Decoder/router development; not a validated replacement for V12.,"Inventory the original script, reproduce with fixed seeds, and require X/Z/domain gates.",normal,not a V12 comparison,MWPM/BP-OSD comparator only when explicitly present; no claim if unavailable,early audit; Z:\Meetings\Complete\22-7-2026\QEC_AI_PAPER_MASTER_20260717\56_V69_HAMLD_PAIRED_AND_V70_MODULAR_20260720,,,,,,,,QEC_RUN_MATRIX_V1_V392_20260731.csv,Z:\Meetings\Complete\22-7-2026\QEC_AI_PAPER_MASTER_20260717,C:\Users\22228049\.codex\github_publish\hardware-adaptive-qec-ibm,IBM real shots; phenomenological/Stim,measured artifact,promoted,Version V69 retained with original matrix fields; no missing fields were inferred.
V70,G2_MPNN_GNN_graph,BP-OSD; MWPM/PyMatching; calibration/drift; ensemble/consensus; postselection/gate,hard syndrome; calibration/backend metadata,IBM real shots; phenomenological/Stim; domain/held-out,unavailable,unavailable,"data[""expert_domain_id""][mask].astype(np.int64); domain[different]; = inner_domain; = outer_domain",unavailable,unavailable,unavailable,unavailable,C:\Users\22228049\.codex\qec_work\wolffe_archive_20260730\extracted\home\22228049\qec_v70_20260720\aggregate_v70_config_routers.py; C:\Users\22228049\.codex\qec_work\wolffe_archive_20260730\extracted\home\22228049\qec_v70_20260720\build_v70_common_expert_table.py; C:\Users\22228049\.codex\qec_work\wolffe_archive_20260730\extracted\home\22228049\qec_v70_20260720\summarize_v70_config.py; C:\Users\22228049\.codex\qec_work\wolffe_archive_20260730\extracted\home\22228049\qec_v70_20260720\train_v70_config_modular_router.py; C:\Users\22228049\.codex\qec_work\wolffe_archive_20260730\extracted\home\22228049\qec_v70_20260720\train_v70_nested_modular_router.py,Decoder/router development; not a validated replacement for V12.,"Inventory the original script, reproduce with fixed seeds, and require X/Z/domain gates.",normal,not a V12 comparison,MWPM/BP-OSD comparator only when explicitly present; no claim if unavailable,early audit; Z:\Meetings\Complete\22-7-2026\QEC_AI_PAPER_MASTER_20260717\56_V69_HAMLD_PAIRED_AND_V70_MODULAR_20260720;Z:\Meetings\Complete\22-7-2026\QEC_AI_PAPER_MASTER_20260717\57_V70_MODULAR_ROUTER_AND_M0_ROUTE_20260720,,,,,,,,QEC_RUN_MATRIX_V1_V392_20260731.csv,Z:\Meetings\Complete\22-7-2026\QEC_AI_PAPER_MASTER_20260717,C:\Users\22228049\.codex\github_publish\hardware-adaptive-qec-ibm,IBM real shots; phenomenological/Stim; domain/held-out,measured artifact,promoted,Version V70 retained with original matrix fields; no missing fields were inferred.
V71,G2_MPNN_GNN_graph,MWPM/PyMatching; graph/DEM; postselection/gate,hard syndrome,phenomenological/Stim,2026072000/,unavailable,basis; str):,unavailable,unavailable,unavailable,unavailable,C:\Users\22228049\.codex\qec_work\wolffe_archive_20260730\extracted\home\22228049\qec_v71_dynamic_compass_20260720\run_v71_dynamic_compass_validation.py,"Simulation, algebraic or structural gate; no real-hardware decoder claim.",Convert the proxy into a paired logical-error experiment before promotion.,normal,not a V12 comparison,MWPM/BP-OSD comparator only when explicitly present; no claim if unavailable,early audit; Z:\Meetings\Complete\22-7-2026\QEC_AI_PAPER_MASTER_20260717\58_V71_V72_DYNAMIC_COMPASS_20260720,,,,,,,,QEC_RUN_MATRIX_V1_V392_20260731.csv,Z:\Meetings\Complete\22-7-2026\QEC_AI_PAPER_MASTER_20260717,C:\Users\22228049\.codex\github_publish\hardware-adaptive-qec-ibm,phenomenological/Stim,audit or unavailable,promoted,Version V71 retained with original matrix fields; no missing fields were inferred.
V72,G2_MPNN_GNN_graph,MWPM/PyMatching; graph/DEM; postselection/gate,hard syndrome,phenomenological/Stim,2026072200/; 2026077200/,unavailable,"basis); next(r for r in entry[""rows""] if r[""distance""] == d and r[""basis""] == basis)",unavailable,unavailable,unavailable,unavailable,C:\Users\22228049\.codex\qec_work\wolffe_archive_20260730\extracted\home\22228049\qec_v71_dynamic_compass_20260720\audit_v72_selected_warnings.py; C:\Users\22228049\.codex\qec_work\wolffe_archive_20260730\extracted\home\22228049\qec_v71_dynamic_compass_20260720\run_v72_balanced_schedule_search.py,"Simulation, algebraic or structural gate; no real-hardware decoder claim.",Convert the proxy into a paired logical-error experiment before promotion.,normal,not a V12 comparison,MWPM/BP-OSD comparator only when explicitly present; no claim if unavailable,early audit; Z:\Meetings\Complete\22-7-2026\QEC_AI_PAPER_MASTER_20260717\58_V71_V72_DYNAMIC_COMPASS_20260720,,,,,,,,QEC_RUN_MATRIX_V1_V392_20260731.csv,Z:\Meetings\Complete\22-7-2026\QEC_AI_PAPER_MASTER_20260717,C:\Users\22228049\.codex\github_publish\hardware-adaptive-qec-ibm,phenomenological/Stim,audit or unavailable,promoted,Version V72 retained with original matrix fields; no missing fields were inferred.
V73,G2_MPNN_GNN_graph,MWPM/PyMatching; graph/DEM; calibration/drift; postselection/gate; geometry/FAISS,hard syndrome; calibration/backend metadata,IBM real shots; phenomenological/Stim,2026077300/,unavailable,basis); sorted(backends)[0]; op_weights(pattern; score(mapping; ='ibm_fez' and physical==72:,unavailable,unavailable,unavailable,unavailable,C:\Users\22228049\.codex\qec_work\wolffe_archive_20260730\extracted\home\22228049\qec_v71_dynamic_compass_20260720\extract_v73_native_pattern.py; C:\Users\22228049\.codex\qec_work\wolffe_archive_20260730\extracted\home\22228049\qec_v73_20260720\enumerate_v73_placements.py; C:\Users\22228049\.codex\qec_work\wolffe_archive_20260730\extracted\home\22228049\qec_v73_20260720\extract_v73_native_pattern.py; C:\Users\22228049\.codex\qec_work\wolffe_archive_20260730\extracted\home\22228049\qec_v73_20260720\run_v73_heterogeneous_sim.py,"Simulation, algebraic or structural gate; no real-hardware decoder claim.",Convert the proxy into a paired logical-error experiment before promotion.,normal,not a V12 comparison,MWPM/BP-OSD comparator only when explicitly present; no claim if unavailable,early audit; Z:\Meetings\Complete\22-7-2026\QEC_AI_PAPER_MASTER_20260717\59_V73_V75_DEFECT_AWARE_PLACEMENT_20260720,,,,,,,,QEC_RUN_MATRIX_V1_V392_20260731.csv,Z:\Meetings\Complete\22-7-2026\QEC_AI_PAPER_MASTER_20260717,C:\Users\22228049\.codex\github_publish\hardware-adaptive-qec-ibm,IBM real shots; phenomenological/Stim,audit or unavailable,promoted,Version V73 retained with original matrix fields; no missing fields were inferred.
V74,G2_MPNN_GNN_graph,unavailable,unavailable,unavailable,unavailable,unavailable,unavailable,unavailable,unavailable,unavailable,unavailable,unavailable,V74 has a bounded missing-T2 protocol but no sealed JSON result; treat as protocol-only/incomplete.,Recover or seal the missing artifact; do not infer a metric.,normal,not a V12 comparison,MWPM/BP-OSD comparator only when explicitly present; no claim if unavailable,early audit; ,,,,,,,,QEC_RUN_MATRIX_V1_V392_20260731.csv,Z:\Meetings\Complete\22-7-2026\QEC_AI_PAPER_MASTER_20260717,C:\Users\22228049\.codex\github_publish\hardware-adaptive-qec-ibm,unavailable,audit or unavailable,promoted,Version V74 retained with original matrix fields; no missing fields were inferred.
V75,G2_MPNN_GNN_graph,unavailable,unavailable,unavailable,unavailable,unavailable,unavailable,unavailable,unavailable,unavailable,unavailable,unavailable,"Simulation, algebraic or structural gate; no real-hardware decoder claim.",Convert the proxy into a paired logical-error experiment before promotion.,normal,not a V12 comparison,MWPM/BP-OSD comparator only when explicitly present; no claim if unavailable,early audit; Z:\Meetings\Complete\22-7-2026\QEC_AI_PAPER_MASTER_20260717\59_V73_V75_DEFECT_AWARE_PLACEMENT_20260720,,,,,,,,QEC_RUN_MATRIX_V1_V392_20260731.csv,Z:\Meetings\Complete\22-7-2026\QEC_AI_PAPER_MASTER_20260717,C:\Users\22228049\.codex\github_publish\hardware-adaptive-qec-ibm,unavailable,audit or unavailable,promoted,Version V75 retained with original matrix fields; no missing fields were inferred.
V76,G2_MPNN_GNN_graph,graph/DEM; calibration/drift; postselection/gate; geometry/FAISS,soft/LLR or analog; calibration/backend metadata,domain/held-out,unavailable,unavailable,"sorted(backends)[0]; weights(pattern; operational_score(mapping; row[""operational_embedding_count""] for backend; basis)",unavailable,unavailable,unavailable,unavailable,C:\Users\22228049\.codex\qec_work\wolffe_archive_20260730\extracted\home\22228049\qec_v76_20260720\enumerate_v76_regular_feasibility.py; C:\Users\22228049\.codex\qec_work\wolffe_archive_20260730\extracted\home\22228049\qec_v76_20260720\extract_v76_regular_patterns.py,"Simulation, algebraic or structural gate; no real-hardware decoder claim.",Convert the proxy into a paired logical-error experiment before promotion.,normal,not a V12 comparison,MWPM/BP-OSD comparator only when explicitly present; no claim if unavailable,early audit; Z:\Meetings\Complete\22-7-2026\QEC_AI_PAPER_MASTER_20260717\60_V76_V80_REGULAR_AND_DEFORMATION_20260720,,,,,,,,QEC_RUN_MATRIX_V1_V392_20260731.csv,Z:\Meetings\Complete\22-7-2026\QEC_AI_PAPER_MASTER_20260717,C:\Users\22228049\.codex\github_publish\hardware-adaptive-qec-ibm,domain/held-out,audit or unavailable,promoted,Version V76 retained with original matrix fields; no missing fields were inferred.
V77,G2_MPNN_GNN_graph,graph/DEM; calibration/drift; postselection/gate; geometry/FAISS,soft/LLR or analog; hard syndrome; calibration/backend metadata,unavailable,unavailable,unavailable,sorted(backends)[0],unavailable,unavailable,unavailable,unavailable,C:\Users\22228049\.codex\qec_work\wolffe_archive_20260730\extracted\home\22228049\qec_v76_20260720\evaluate_v77_acid_topology.py,"Simulation, algebraic or structural gate; no real-hardware decoder claim.",Convert the proxy into a paired logical-error experiment before promotion.,normal,not a V12 comparison,MWPM/BP-OSD comparator only when explicitly present; no claim if unavailable,early audit; ,,,,,,,,QEC_RUN_MATRIX_V1_V392_20260731.csv,Z:\Meetings\Complete\22-7-2026\QEC_AI_PAPER_MASTER_20260717,C:\Users\22228049\.codex\github_publish\hardware-adaptive-qec-ibm,unavailable,audit or unavailable,promoted,Version V77 retained with original matrix fields; no missing fields were inferred.
V78,G2_MPNN_GNN_graph,graph/DEM; calibration/drift; postselection/gate,calibration/backend metadata,phenomenological/Stim; domain/held-out,unavailable,unavailable,basis),unavailable,unavailable,unavailable,unavailable,C:\Users\22228049\.codex\qec_work\wolffe_archive_20260730\extracted\home\22228049\qec_v76_20260720\run_v78_native_breaker_search.py,"Simulation, algebraic or structural gate; no real-hardware decoder claim.",Convert the proxy into a paired logical-error experiment before promotion.,normal,not a V12 comparison,MWPM/BP-OSD comparator only when explicitly present; no claim if unavailable,early audit; ,,,,,,,,QEC_RUN_MATRIX_V1_V392_20260731.csv,Z:\Meetings\Complete\22-7-2026\QEC_AI_PAPER_MASTER_20260717,C:\Users\22228049\.codex\github_publish\hardware-adaptive-qec-ibm,phenomenological/Stim; domain/held-out,audit or unavailable,promoted,Version V78 retained with original matrix fields; no missing fields were inferred.
V79,G2_MPNN_GNN_graph,unavailable,unavailable,unavailable,unavailable,unavailable,unavailable,unavailable,unavailable,unavailable,unavailable,unavailable,V79 contains decoder-candidate qualification notes but no sealed JSON performance result.,Recover or seal the missing artifact; do not infer a metric.,normal,not a V12 comparison,MWPM/BP-OSD comparator only when explicitly present; no claim if unavailable,early audit; ,,,,,,,,QEC_RUN_MATRIX_V1_V392_20260731.csv,Z:\Meetings\Complete\22-7-2026\QEC_AI_PAPER_MASTER_20260717,C:\Users\22228049\.codex\github_publish\hardware-adaptive-qec-ibm,unavailable,audit or unavailable,promoted,Version V79 retained with original matrix fields; no missing fields were inferred.
V80,G2_MPNN_GNN_graph,graph/DEM; postselection/gate,calibration/backend metadata,IBM real shots,unavailable,unavailable,b)) for b in ('X',unavailable,unavailable,unavailable,unavailable,C:\Users\22228049\.codex\qec_work\wolffe_archive_20260730\extracted\home\22228049\qec_v76_20260720\run_v80_asymmetric_prefilter.py,"Simulation, algebraic or structural gate; no real-hardware decoder claim.",Convert the proxy into a paired logical-error experiment before promotion.,normal,not a V12 comparison,MWPM/BP-OSD comparator only when explicitly present; no claim if unavailable,early audit; Z:\Meetings\Complete\22-7-2026\QEC_AI_PAPER_MASTER_20260717\60_V76_V80_REGULAR_AND_DEFORMATION_20260720,,,,,,,,QEC_RUN_MATRIX_V1_V392_20260731.csv,Z:\Meetings\Complete\22-7-2026\QEC_AI_PAPER_MASTER_20260717,C:\Users\22228049\.codex\github_publish\hardware-adaptive-qec-ibm,IBM real shots,audit or unavailable,promoted,Version V80 retained with original matrix fields; no missing fields were inferred.
V81,G2_MPNN_GNN_graph,MWPM/PyMatching; graph/DEM; postselection/gate,soft/LLR or analog,phenomenological/Stim,unavailable,unavailable,"str) -> int:; = ""BOTH"" else (args.basis; basis)",unavailable,unavailable,unavailable,unavailable,C:\Users\22228049\.codex\qec_work\wolffe_archive_20260730\extracted\home\22228049\qec_v76_20260720\merge_v81_tesseract_parts.py; C:\Users\22228049\.codex\qec_work\wolffe_archive_20260730\extracted\home\22228049\qec_v76_20260720\run_v81_tesseract_paired.py,"Simulation, algebraic or structural gate; no real-hardware decoder claim.",Convert the proxy into a paired logical-error experiment before promotion.,normal,not a V12 comparison,MWPM/BP-OSD comparator only when explicitly present; no claim if unavailable,early audit; Z:\Meetings\Complete\22-7-2026\QEC_AI_PAPER_MASTER_20260717\61_V81_TESSERACT_PAIRED_20260720,,,,,,,,QEC_RUN_MATRIX_V1_V392_20260731.csv,Z:\Meetings\Complete\22-7-2026\QEC_AI_PAPER_MASTER_20260717,C:\Users\22228049\.codex\github_publish\hardware-adaptive-qec-ibm,phenomenological/Stim,audit or unavailable,promoted,Version V81 retained with original matrix fields; no missing fields were inferred.
V82,G2_MPNN_GNN_graph,graph/DEM; calibration/drift; postselection/gate; geometry/FAISS,soft/LLR or analog; hard syndrome; calibration/backend metadata,IBM real shots; domain/held-out,unavailable,unavailable,"str):; weights(pattern; raw[""backend""]; score(mapping",unavailable,unavailable,unavailable,unavailable,C:\Users\22228049\.codex\qec_work\wolffe_archive_20260730\extracted\home\22228049\qec_v76_20260720\run_v82_five_module_prefilter.py,"Simulation, algebraic or structural gate; no real-hardware decoder claim.",Convert the proxy into a paired logical-error experiment before promotion.,normal,not a V12 comparison,MWPM/BP-OSD comparator only when explicitly present; no claim if unavailable,early audit; Z:\Meetings\Complete\22-7-2026\QEC_AI_PAPER_MASTER_20260717\62_V82_V84_MODULAR_PACKING_20260720,,,,,,,,QEC_RUN_MATRIX_V1_V392_20260731.csv,Z:\Meetings\Complete\22-7-2026\QEC_AI_PAPER_MASTER_20260717,C:\Users\22228049\.codex\github_publish\hardware-adaptive-qec-ibm,IBM real shots; domain/held-out,audit or unavailable,promoted,Version V82 retained with original matrix fields; no missing fields were inferred.
V83,G2_MPNN_GNN_graph,graph/DEM; calibration/drift; geometry/FAISS,calibration/backend metadata,IBM real shots; domain/held-out,unavailable,unavailable,"weights(pattern; raw[""backend""]; score(mapping",unavailable,unavailable,unavailable,unavailable,C:\Users\22228049\.codex\qec_work\wolffe_archive_20260730\extracted\home\22228049\qec_v76_20260720\run_v83_time_multiplexed_prefilter.py,"Simulation, algebraic or structural gate; no real-hardware decoder claim.",Convert the proxy into a paired logical-error experiment before promotion.,normal,not a V12 comparison,MWPM/BP-OSD comparator only when explicitly present; no claim if unavailable,early audit; ,,,,,,,,QEC_RUN_MATRIX_V1_V392_20260731.csv,Z:\Meetings\Complete\22-7-2026\QEC_AI_PAPER_MASTER_20260717,C:\Users\22228049\.codex\github_publish\hardware-adaptive-qec-ibm,IBM real shots; domain/held-out,audit or unavailable,promoted,Version V83 retained with original matrix fields; no missing fields were inferred.
V84,G2_MPNN_GNN_graph,graph/DEM; calibration/drift; geometry/FAISS,calibration/backend metadata,IBM real shots; domain/held-out,unavailable,unavailable,"weights(pattern; raw[""backend""]; score(mapping",unavailable,unavailable,unavailable,unavailable,C:\Users\22228049\.codex\qec_work\wolffe_archive_20260730\extracted\home\22228049\qec_v76_20260720\run_v84_four_module_erasure_prefilter.py,"Simulation, algebraic or structural gate; no real-hardware decoder claim.",Convert the proxy into a paired logical-error experiment before promotion.,normal,not a V12 comparison,MWPM/BP-OSD comparator only when explicitly present; no claim if unavailable,early audit; Z:\Meetings\Complete\22-7-2026\QEC_AI_PAPER_MASTER_20260717\62_V82_V84_MODULAR_PACKING_20260720,,,,,,,,QEC_RUN_MATRIX_V1_V392_20260731.csv,Z:\Meetings\Complete\22-7-2026\QEC_AI_PAPER_MASTER_20260717,C:\Users\22228049\.codex\github_publish\hardware-adaptive-qec-ibm,IBM real shots; domain/held-out,audit or unavailable,promoted,Version V84 retained with original matrix fields; no missing fields were inferred.
V85,G2_MPNN_GNN_graph,graph/DEM; postselection/gate,hard syndrome,unavailable,unavailable,unavailable,{key: value for key,unavailable,unavailable,unavailable,unavailable,C:\Users\22228049\.codex\qec_work\wolffe_archive_20260730\extracted\home\22228049\qec_v76_20260720\run_v85_ideal_erasure_ceiling.py,"Simulation, algebraic or structural gate; no real-hardware decoder claim.",Convert the proxy into a paired logical-error experiment before promotion.,normal,not a V12 comparison,MWPM/BP-OSD comparator only when explicitly present; no claim if unavailable,early audit; Z:\Meetings\Complete\22-7-2026\QEC_AI_PAPER_MASTER_20260717\63_V85_IDEAL_ERASURE_CEILING_20260720,,,,,,,,QEC_RUN_MATRIX_V1_V392_20260731.csv,Z:\Meetings\Complete\22-7-2026\QEC_AI_PAPER_MASTER_20260717,C:\Users\22228049\.codex\github_publish\hardware-adaptive-qec-ibm,unavailable,audit or unavailable,promoted,Version V85 retained with original matrix fields; no missing fields were inferred.
V86,G2_MPNN_GNN_graph,MWPM/PyMatching; graph/DEM; postselection/gate,soft/LLR or analog,phenomenological/Stim,unavailable,unavailable,"str) -> int:; = ""BOTH"" else (args.basis; basis)",unavailable,unavailable,unavailable,unavailable,C:\Users\22228049\.codex\qec_work\wolffe_archive_20260730\extracted\home\22228049\qec_v76_20260720\run_v86_d3_tesseract_outer.py,"Simulation, algebraic or structural gate; no real-hardware decoder claim.",Convert the proxy into a paired logical-error experiment before promotion.,normal,not a V12 comparison,MWPM/BP-OSD comparator only when explicitly present; no claim if unavailable,early audit; Z:\Meetings\Complete\22-7-2026\QEC_AI_PAPER_MASTER_20260717\64_V86_D3_TESSERACT_MODULAR_20260720,,,,,,,,QEC_RUN_MATRIX_V1_V392_20260731.csv,Z:\Meetings\Complete\22-7-2026\QEC_AI_PAPER_MASTER_20260717,C:\Users\22228049\.codex\github_publish\hardware-adaptive-qec-ibm,phenomenological/Stim,audit or unavailable,promoted,Version V86 retained with original matrix fields; no missing fields were inferred.
V87,G2_MPNN_GNN_graph,MWPM/PyMatching; graph/DEM; postselection/gate,soft/LLR or analog,phenomenological/Stim,unavailable,unavailable,basis),unavailable,unavailable,unavailable,unavailable,C:\Users\22228049\.codex\qec_work\wolffe_archive_20260730\extracted\home\22228049\qec_v76_20260720\run_v87_official_presets.py,"Simulation, algebraic or structural gate; no real-hardware decoder claim.",Convert the proxy into a paired logical-error experiment before promotion.,normal,not a V12 comparison,MWPM/BP-OSD comparator only when explicitly present; no claim if unavailable,early audit; Z:\Meetings\Complete\22-7-2026\QEC_AI_PAPER_MASTER_20260717\65_V87_OFFICIAL_TESSERACT_PRESETS_20260720,,,,,,,,QEC_RUN_MATRIX_V1_V392_20260731.csv,Z:\Meetings\Complete\22-7-2026\QEC_AI_PAPER_MASTER_20260717,C:\Users\22228049\.codex\github_publish\hardware-adaptive-qec-ibm,phenomenological/Stim,audit or unavailable,promoted,Version V87 retained with original matrix fields; no missing fields were inferred.
V88,G2_MPNN_GNN_graph,MWPM/PyMatching; graph/DEM; calibration/drift; ensemble/consensus; postselection/gate,calibration/backend metadata,phenomenological/Stim; domain/held-out,unavailable,unavailable,basis),unavailable,unavailable,unavailable,unavailable,C:\Users\22228049\.codex\qec_work\wolffe_archive_20260730\extracted\home\22228049\qec_v76_20260720\run_v88_benefit_router_development.py,"Simulation, algebraic or structural gate; no real-hardware decoder claim.",Convert the proxy into a paired logical-error experiment before promotion.,normal,not a V12 comparison,MWPM/BP-OSD comparator only when explicitly present; no claim if unavailable,early audit; Z:\Meetings\Complete\22-7-2026\QEC_AI_PAPER_MASTER_20260717\66_V88_DCC_BENEFIT_ROUTER_20260720,,,,,,,,QEC_RUN_MATRIX_V1_V392_20260731.csv,Z:\Meetings\Complete\22-7-2026\QEC_AI_PAPER_MASTER_20260717,C:\Users\22228049\.codex\github_publish\hardware-adaptive-qec-ibm,phenomenological/Stim; domain/held-out,audit or unavailable,promoted,Version V88 retained with original matrix fields; no missing fields were inferred.
V89,G2_MPNN_GNN_graph,graph/DEM; postselection/gate,unavailable,unavailable,unavailable,unavailable,unavailable,unavailable,unavailable,unavailable,unavailable,C:\Users\22228049\.codex\qec_work\wolffe_archive_20260730\extracted\home\22228049\qec_v76_20260720\run_v89_ising_source_qualification.py,"Simulation, algebraic or structural gate; no real-hardware decoder claim.",Convert the proxy into a paired logical-error experiment before promotion.,normal,not a V12 comparison,MWPM/BP-OSD comparator only when explicitly present; no claim if unavailable,early audit; Z:\Meetings\Complete\22-7-2026\QEC_AI_PAPER_MASTER_20260717\68_V89_ISING_DCC_SOURCE_QUALIFICATION_20260720,,,,,,,,QEC_RUN_MATRIX_V1_V392_20260731.csv,Z:\Meetings\Complete\22-7-2026\QEC_AI_PAPER_MASTER_20260717,C:\Users\22228049\.codex\github_publish\hardware-adaptive-qec-ibm,unavailable,audit or unavailable,promoted,Version V89 retained with original matrix fields; no missing fields were inferred.
V90,G2_MPNN_GNN_graph,graph/DEM; postselection/gate,unavailable,phenomenological/Stim,unavailable,unavailable,basis),unavailable,unavailable,unavailable,unavailable,C:\Users\22228049\.codex\qec_work\wolffe_archive_20260730\extracted\home\22228049\qec_v76_20260720\run_v90_dcc_detector_coordinate_audit.py,"Simulation, algebraic or structural gate; no real-hardware decoder claim.",Convert the proxy into a paired logical-error experiment before promotion.,normal,not a V12 comparison,MWPM/BP-OSD comparator only when explicitly present; no claim if unavailable,early audit; Z:\Meetings\Complete\22-7-2026\QEC_AI_PAPER_MASTER_20260717\69_V90_V92_DCC_COORDINATE_ADAPTER_20260720,,,,,,,,QEC_RUN_MATRIX_V1_V392_20260731.csv,Z:\Meetings\Complete\22-7-2026\QEC_AI_PAPER_MASTER_20260717,C:\Users\22228049\.codex\github_publish\hardware-adaptive-qec-ibm,phenomenological/Stim,audit or unavailable,promoted,Version V90 retained with original matrix fields; no missing fields were inferred.
V91,G2_MPNN_GNN_graph,graph/DEM; postselection/gate,soft/LLR or analog,unavailable,unavailable,unavailable,basis); {},unavailable,unavailable,unavailable,unavailable,C:\Users\22228049\.codex\qec_work\wolffe_archive_20260730\extracted\home\22228049\qec_v76_20260720\run_v91_dcc_coordinate_axis_annotation.py,"Simulation, algebraic or structural gate; no real-hardware decoder claim.",Convert the proxy into a paired logical-error experiment before promotion.,normal,not a V12 comparison,MWPM/BP-OSD comparator only when explicitly present; no claim if unavailable,early audit; ,,,,,,,,QEC_RUN_MATRIX_V1_V392_20260731.csv,Z:\Meetings\Complete\22-7-2026\QEC_AI_PAPER_MASTER_20260717,C:\Users\22228049\.codex\github_publish\hardware-adaptive-qec-ibm,unavailable,audit or unavailable,promoted,Version V91 retained with original matrix fields; no missing fields were inferred.
V92,G2_MPNN_GNN_graph,graph/DEM; postselection/gate,soft/LLR or analog,unavailable,unavailable,unavailable,basis); {},unavailable,unavailable,unavailable,unavailable,C:\Users\22228049\.codex\qec_work\wolffe_archive_20260730\extracted\home\22228049\qec_v76_20260720\run_v92_dcc_global_axis_validation.py,"Simulation, algebraic or structural gate; no real-hardware decoder claim.",Convert the proxy into a paired logical-error experiment before promotion.,normal,not a V12 comparison,MWPM/BP-OSD comparator only when explicitly present; no claim if unavailable,early audit; Z:\Meetings\Complete\22-7-2026\QEC_AI_PAPER_MASTER_20260717\69_V90_V92_DCC_COORDINATE_ADAPTER_20260720,,,,,,,,QEC_RUN_MATRIX_V1_V392_20260731.csv,Z:\Meetings\Complete\22-7-2026\QEC_AI_PAPER_MASTER_20260717,C:\Users\22228049\.codex\github_publish\hardware-adaptive-qec-ibm,unavailable,audit or unavailable,promoted,Version V92 retained with original matrix fields; no missing fields were inferred.
V93,G2_MPNN_GNN_graph,postselection/gate,unavailable,phenomenological/Stim,unavailable,unavailable,"str) -> int:; = ""X"" else 1); basis); coords[(distance",unavailable,unavailable,unavailable,unavailable,C:\Users\22228049\.codex\qec_work\wolffe_archive_20260730\extracted\home\22228049\qec_v76_20260720\run_v93_dcc_masked_input_adapter.py,"Simulation, algebraic or structural gate; no real-hardware decoder claim.",Convert the proxy into a paired logical-error experiment before promotion.,normal,not a V12 comparison,MWPM/BP-OSD comparator only when explicitly present; no claim if unavailable,early audit; Z:\Meetings\Complete\22-7-2026\QEC_AI_PAPER_MASTER_20260717\70_V93_DCC_MASKED_INPUT_ADAPTER_20260720,,,,,,,,QEC_RUN_MATRIX_V1_V392_20260731.csv,Z:\Meetings\Complete\22-7-2026\QEC_AI_PAPER_MASTER_20260717,C:\Users\22228049\.codex\github_publish\hardware-adaptive-qec-ibm,phenomenological/Stim,audit or unavailable,promoted,Version V93 retained with original matrix fields; no missing fields were inferred.
V94,G2_MPNN_GNN_graph,graph/DEM; postselection/gate,hard syndrome,phenomenological/Stim,unavailable,unavailable,"str) -> int:; = ""X"" else 1); basis)",unavailable,unavailable,unavailable,unavailable,C:\Users\22228049\.codex\qec_work\wolffe_archive_20260730\extracted\home\22228049\qec_v76_20260720\run_v94_dcc_dem_error_target.py,"Simulation, algebraic or structural gate; no real-hardware decoder claim.",Convert the proxy into a paired logical-error experiment before promotion.,normal,not a V12 comparison,MWPM/BP-OSD comparator only when explicitly present; no claim if unavailable,early audit; Z:\Meetings\Complete\22-7-2026\QEC_AI_PAPER_MASTER_20260717\71_V94_DCC_DEM_ERROR_TARGET_20260720,,,,,,,,QEC_RUN_MATRIX_V1_V392_20260731.csv,Z:\Meetings\Complete\22-7-2026\QEC_AI_PAPER_MASTER_20260717,C:\Users\22228049\.codex\github_publish\hardware-adaptive-qec-ibm,phenomenological/Stim,audit or unavailable,promoted,Version V94 retained with original matrix fields; no missing fields were inferred.
V95,G2_MPNN_GNN_graph,graph/DEM; postselection/gate,soft/LLR or analog; hard syndrome,phenomenological/Stim,unavailable,unavailable,basis),unavailable,unavailable,unavailable,unavailable,C:\Users\22228049\.codex\qec_work\wolffe_archive_20260730\extracted\home\22228049\qec_v76_20260720\run_v95_dcc_dem_signature_compression.py,"Simulation, algebraic or structural gate; no real-hardware decoder claim.",Convert the proxy into a paired logical-error experiment before promotion.,normal,not a V12 comparison,MWPM/BP-OSD comparator only when explicitly present; no claim if unavailable,early audit; Z:\Meetings\Complete\22-7-2026\QEC_AI_PAPER_MASTER_20260717\72_V95_DCC_DEM_SIGNATURE_COMPRESSION_20260720,,,,,,,,QEC_RUN_MATRIX_V1_V392_20260731.csv,Z:\Meetings\Complete\22-7-2026\QEC_AI_PAPER_MASTER_20260717,C:\Users\22228049\.codex\github_publish\hardware-adaptive-qec-ibm,phenomenological/Stim,audit or unavailable,promoted,Version V95 retained with original matrix fields; no missing fields were inferred.
V96,G2_MPNN_GNN_graph,MWPM/PyMatching; neural/ML; graph/DEM; postselection/gate,soft/LLR or analog; hard syndrome,phenomenological/Stim,unavailable,unavailable,"json.loads(path.read_text(encoding=""utf-8"")) for basis; = ""X"" else 1; ""X""); ""Z""); = ""X"" else clean_z",500; 100; 200,unavailable,unavailable,SHOTS = 500; SHOTS = 100; SHOTS = 200,C:\Users\22228049\.codex\qec_work\wolffe_archive_20260730\extracted\home\22228049\qec_v76_20260720\merge_v96_d3_masked_mlp_parts.py; C:\Users\22228049\.codex\qec_work\wolffe_archive_20260730\extracted\home\22228049\qec_v76_20260720\run_v96_d3_masked_mlp.py,"Simulation, algebraic or structural gate; no real-hardware decoder claim.",Convert the proxy into a paired logical-error experiment before promotion.,normal,not a V12 comparison,MWPM/BP-OSD comparator only when explicitly present; no claim if unavailable,early audit; Z:\Meetings\Complete\22-7-2026\QEC_AI_PAPER_MASTER_20260717\73_V96_D3_MASKED_MLP_20260720,,,,,,,,QEC_RUN_MATRIX_V1_V392_20260731.csv,Z:\Meetings\Complete\22-7-2026\QEC_AI_PAPER_MASTER_20260717,C:\Users\22228049\.codex\github_publish\hardware-adaptive-qec-ibm,phenomenological/Stim,audit or unavailable,promoted,Version V96 retained with original matrix fields; no missing fields were inferred.
V97,G2_MPNN_GNN_graph,MWPM/PyMatching; graph/DEM; postselection/gate,soft/LLR or analog; hard syndrome,phenomenological/Stim,unavailable,unavailable,"json.loads(path.read_text(encoding=""utf-8"")) for basis; = ""X"" else 1; ""X""); ""Z""); = ""X"" else clean_z",800; 100; 200,unavailable,unavailable,SHOTS = 800; SHOTS = 100; SHOTS = 200,C:\Users\22228049\.codex\qec_work\wolffe_archive_20260730\extracted\home\22228049\qec_v76_20260720\merge_v97_d3_recurrent_dem_graph_parts.py; C:\Users\22228049\.codex\qec_work\wolffe_archive_20260730\extracted\home\22228049\qec_v76_20260720\run_v97_d3_recurrent_dem_graph.py,"Simulation, algebraic or structural gate; no real-hardware decoder claim.",Convert the proxy into a paired logical-error experiment before promotion.,normal,not a V12 comparison,MWPM/BP-OSD comparator only when explicitly present; no claim if unavailable,early audit; Z:\Meetings\Complete\22-7-2026\QEC_AI_PAPER_MASTER_20260717\74_V97_D3_RECURRENT_DEM_GRAPH_20260720,,,,,,,,QEC_RUN_MATRIX_V1_V392_20260731.csv,Z:\Meetings\Complete\22-7-2026\QEC_AI_PAPER_MASTER_20260717,C:\Users\22228049\.codex\github_publish\hardware-adaptive-qec-ibm,phenomenological/Stim,audit or unavailable,promoted,Version V97 retained with original matrix fields; no missing fields were inferred.
V98,G2_MPNN_GNN_graph,postselection/gate,hard syndrome,unavailable,unavailable,unavailable,unavailable,unavailable,unavailable,unavailable,unavailable,C:\Users\22228049\.codex\qec_work\wolffe_archive_20260730\extracted\home\22228049\qec_v76_20260720\run_v98_outer_422_algebra.py,"Simulation, algebraic or structural gate; no real-hardware decoder claim.",Convert the proxy into a paired logical-error experiment before promotion.,normal,not a V12 comparison,MWPM/BP-OSD comparator only when explicitly present; no claim if unavailable,early audit; Z:\Meetings\Complete\22-7-2026\QEC_AI_PAPER_MASTER_20260717\75_V98_OUTER_422_ALGEBRA_20260720,,,,,,,,QEC_RUN_MATRIX_V1_V392_20260731.csv,Z:\Meetings\Complete\22-7-2026\QEC_AI_PAPER_MASTER_20260717,C:\Users\22228049\.codex\github_publish\hardware-adaptive-qec-ibm,unavailable,audit or unavailable,promoted,Version V98 retained with original matrix fields; no missing fields were inferred.
V99,G2_MPNN_GNN_graph,postselection/gate,hard syndrome,unavailable,unavailable,unavailable,unavailable,unavailable,unavailable,unavailable,unavailable,C:\Users\22228049\.codex\qec_work\wolffe_archive_20260730\extracted\home\22228049\qec_v76_20260720\run_v99_outer_subsystem.py,"Simulation, algebraic or structural gate; no real-hardware decoder claim.",Convert the proxy into a paired logical-error experiment before promotion.,normal,not a V12 comparison,MWPM/BP-OSD comparator only when explicitly present; no claim if unavailable,early audit; Z:\Meetings\Complete\22-7-2026\QEC_AI_PAPER_MASTER_20260717\76_V99_OUTER_SUBSYSTEM_20260720,,,,,,,,QEC_RUN_MATRIX_V1_V392_20260731.csv,Z:\Meetings\Complete\22-7-2026\QEC_AI_PAPER_MASTER_20260717,C:\Users\22228049\.codex\github_publish\hardware-adaptive-qec-ibm,unavailable,audit or unavailable,promoted,Version V99 retained with original matrix fields; no missing fields were inferred.
V100,G2_MPNN_GNN_graph,graph/DEM; calibration/drift; postselection/gate,calibration/backend metadata,IBM real shots; domain/held-out,unavailable,unavailable,"snapshot_graph(snap_path); raw[""backend""]",unavailable,unavailable,unavailable,unavailable,C:\Users\22228049\.codex\qec_work\wolffe_archive_20260730\extracted\home\22228049\qec_v76_20260720\run_v100_physical_logical_supports.py,"Simulation, algebraic or structural gate; no real-hardware decoder claim.",Convert the proxy into a paired logical-error experiment before promotion.,normal,not a V12 comparison,MWPM/BP-OSD comparator only when explicitly present; no claim if unavailable,early audit; Z:\Meetings\Complete\22-7-2026\QEC_AI_PAPER_MASTER_20260717\77_V100_PHYSICAL_LOGICAL_SUPPORTS_20260720,,,,,,,,QEC_RUN_MATRIX_V1_V392_20260731.csv,Z:\Meetings\Complete\22-7-2026\QEC_AI_PAPER_MASTER_20260717,C:\Users\22228049\.codex\github_publish\hardware-adaptive-qec-ibm,IBM real shots; domain/held-out,audit or unavailable,promoted,Version V100 retained with original matrix fields; no missing fields were inferred.
V101,G2_MPNN_GNN_graph,MWPM/PyMatching; graph/DEM; calibration/drift; postselection/gate,hard syndrome; calibration/backend metadata,IBM real shots; domain/held-out,unavailable,unavailable,"raw[""backend""]",unavailable,unavailable,unavailable,unavailable,C:\Users\22228049\.codex\qec_work\wolffe_archive_20260730\extracted\home\22228049\qec_v76_20260720\run_v101_outer_cat_connectivity.py,"Simulation, algebraic or structural gate; no real-hardware decoder claim.",Convert the proxy into a paired logical-error experiment before promotion.,normal,not a V12 comparison,MWPM/BP-OSD comparator only when explicitly present; no claim if unavailable,early audit; Z:\Meetings\Complete\22-7-2026\QEC_AI_PAPER_MASTER_20260717\78_V101_OUTER_CAT_CONNECTIVITY_20260720,,,,,,,,QEC_RUN_MATRIX_V1_V392_20260731.csv,Z:\Meetings\Complete\22-7-2026\QEC_AI_PAPER_MASTER_20260717,C:\Users\22228049\.codex\github_publish\hardware-adaptive-qec-ibm,IBM real shots; domain/held-out,audit or unavailable,promoted,Version V101 retained with original matrix fields; no missing fields were inferred.
V102,G2_MPNN_GNN_graph,graph/DEM; calibration/drift; postselection/gate; geometry/FAISS,soft/LLR or analog; calibration/backend metadata,IBM real shots; domain/held-out,unavailable,unavailable,"str):; schedule_weights(pattern; raw[""backend""]; score(mapping",unavailable,unavailable,unavailable,unavailable,C:\Users\22228049\.codex\qec_work\wolffe_archive_20260730\extracted\home\22228049\qec_v76_20260720\run_v102_all_packing_cat_connectivity.py; C:\Users\22228049\.codex\qec_work\wolffe_archive_20260730\extracted\home\22228049\qec_v76_20260720\v102_all_packing\run_v102_all_packing_cat_connectivity.py; C:\Users\22228049\.codex\qec_work\wolffe_archive_20260730\extracted\home\22228049\qec_v76_20260720\v103_segmented\run_v102_all_packing_cat_connectivity.py,"Simulation, algebraic or structural gate; no real-hardware decoder claim.",Convert the proxy into a paired logical-error experiment before promotion.,normal,not a V12 comparison,MWPM/BP-OSD comparator only when explicitly present; no claim if unavailable,early audit; Z:\Meetings\Complete\22-7-2026\QEC_AI_PAPER_MASTER_20260717\79_V102_ALL_PACKING_CAT_CONNECTIVITY_20260720,,,,,,,,QEC_RUN_MATRIX_V1_V392_20260731.csv,Z:\Meetings\Complete\22-7-2026\QEC_AI_PAPER_MASTER_20260717,C:\Users\22228049\.codex\github_publish\hardware-adaptive-qec-ibm,IBM real shots; domain/held-out,audit or unavailable,promoted,Version V102 retained with original matrix fields; no missing fields were inferred.
V103,G2_MPNN_GNN_graph,MWPM/PyMatching; graph/DEM; calibration/drift; postselection/gate; geometry/FAISS,soft/LLR or analog; calibration/backend metadata,IBM real shots; domain/held-out,unavailable,unavailable,"schedule_weights(pattern; raw[""backend""]; score(mapping",unavailable,unavailable,unavailable,unavailable,C:\Users\22228049\.codex\qec_work\wolffe_archive_20260730\extracted\home\22228049\qec_v76_20260720\v103_segmented\run_v103_segmented_cat_frontier.py,No sealed V103 artifact found.,Recover or seal the missing artifact; do not infer a metric.,normal,not a V12 comparison,MWPM/BP-OSD comparator only when explicitly present; no claim if unavailable,early audit; ,,,,,,,,QEC_RUN_MATRIX_V1_V392_20260731.csv,Z:\Meetings\Complete\22-7-2026\QEC_AI_PAPER_MASTER_20260717,C:\Users\22228049\.codex\github_publish\hardware-adaptive-qec-ibm,IBM real shots; domain/held-out,audit or unavailable,promoted,Version V103 retained with original matrix fields; no missing fields were inferred.
V104,G2_MPNN_GNN_graph,MWPM/PyMatching; graph/DEM; postselection/gate,soft/LLR or analog; hard syndrome,phenomenological/Stim,unavailable,unavailable,"json.loads(path.read_text(encoding=""utf-8"")) for basis; = ""X"" else 1; ""X""); ""Z""); = ""X"" else clean_z",800; 100; 200,unavailable,unavailable,SHOTS = 800; SHOTS = 100; SHOTS = 200,C:\Users\22228049\.codex\qec_work\wolffe_archive_20260730\extracted\home\22228049\qec_v76_20260720\merge_v104_pymatching_residual_graph_parts.py; C:\Users\22228049\.codex\qec_work\wolffe_archive_20260730\extracted\home\22228049\qec_v76_20260720\run_v104_pymatching_residual_graph.py; C:\Users\22228049\.codex\qec_work\wolffe_archive_20260730\extracted\home\22228049\qec_v76_20260720\smoke_v104_pymatching_residual_graph.py,No sealed V104 artifact found.,Recover or seal the missing artifact; do not infer a metric.,normal,not a V12 comparison,MWPM/BP-OSD comparator only when explicitly present; no claim if unavailable,early audit; ,,,,,,,,QEC_RUN_MATRIX_V1_V392_20260731.csv,Z:\Meetings\Complete\22-7-2026\QEC_AI_PAPER_MASTER_20260717,C:\Users\22228049\.codex\github_publish\hardware-adaptive-qec-ibm,phenomenological/Stim,audit or unavailable,promoted,Version V104 retained with original matrix fields; no missing fields were inferred.
V105,G2_MPNN_GNN_graph,MWPM/PyMatching; graph/DEM; postselection/gate,soft/LLR or analog; hard syndrome; calibration/backend metadata,phenomenological/Stim,unavailable,unavailable,"json.loads(path.read_text(encoding=""utf-8"")) for basis; = ""X"" else 1; ""X""); ""Z""); = ""X"" else clean_z; {}; = ""X"" else 1042",300; 50; 100,unavailable,unavailable,SHOTS = 300; SHOTS = 50; SHOTS = 100,C:\Users\22228049\.codex\qec_work\wolffe_archive_20260730\extracted\home\22228049\qec_v76_20260720\merge_v105_sparse_signature_residual_parts.py; C:\Users\22228049\.codex\qec_work\wolffe_archive_20260730\extracted\home\22228049\qec_v76_20260720\run_v105_sparse_signature_residual.py; C:\Users\22228049\.codex\qec_work\wolffe_archive_20260730\extracted\home\22228049\qec_v76_20260720\smoke_v105_sparse_signature_residual.py; C:\Users\22228049\.codex\qec_work\wolffe_archive_20260730\extracted\home\22228049\qec_v76_20260720\test_v105_pure_algebra.py,No sealed V105 artifact found.,Recover or seal the missing artifact; do not infer a metric.,normal,not a V12 comparison,MWPM/BP-OSD comparator only when explicitly present; no claim if unavailable,early audit; ,,,,,,,,QEC_RUN_MATRIX_V1_V392_20260731.csv,Z:\Meetings\Complete\22-7-2026\QEC_AI_PAPER_MASTER_20260717,C:\Users\22228049\.codex\github_publish\hardware-adaptive-qec-ibm,phenomenological/Stim,audit or unavailable,promoted,Version V105 retained with original matrix fields; no missing fields were inferred.
V106,G2_MPNN_GNN_graph,unavailable,unavailable,unavailable,unavailable,unavailable,unavailable,unavailable,unavailable,unavailable,unavailable,unavailable,No sealed V106 artifact found; the next preserved experiment is V107.,Recover or seal the missing artifact; do not infer a metric.,normal,not a V12 comparison,MWPM/BP-OSD comparator only when explicitly present; no claim if unavailable,early audit; ,,,,,,,,QEC_RUN_MATRIX_V1_V392_20260731.csv,Z:\Meetings\Complete\22-7-2026\QEC_AI_PAPER_MASTER_20260717,C:\Users\22228049\.codex\github_publish\hardware-adaptive-qec-ibm,unavailable,audit or unavailable,promoted,Version V106 retained with original matrix fields; no missing fields were inferred.
V107,G2_MPNN_GNN_graph,MWPM/PyMatching; calibration/drift,calibration/backend metadata,IBM real shots; domain/held-out,unavailable,+0.053755 pp,unavailable,unavailable,unavailable,unavailable,unavailable,unavailable,Naive global calibration and MWPM teacher labels rejected; motivated circuit-local context.,"Infer local calibration from circuit metadata, not global averages.",normal,not a V12 comparison,MWPM/BP-OSD comparator only when explicitly present; no claim if unavailable,early audit; Z:\Meetings\Complete\22-7-2026\QEC_AI_PAPER_MASTER_20260717\80_V107_IBM_QPU_DATASET_AUDIT_20260721,,,,,,,,QEC_RUN_MATRIX_V1_V392_20260731.csv,Z:\Meetings\Complete\22-7-2026\QEC_AI_PAPER_MASTER_20260717,C:\Users\22228049\.codex\github_publish\hardware-adaptive-qec-ibm,IBM real shots; domain/held-out,measured artifact,rejected,Version V107 retained with original matrix fields; no missing fields were inferred.
V108,G2_MPNN_GNN_graph,graph/DEM,hard syndrome; calibration/backend metadata,IBM real shots,unavailable,unavailable,unavailable,unavailable,unavailable,unavailable,unavailable,C:\Users\22228049\.codex\qec_work\wolffe_archive_20260730\extracted\home\22228049\qec_v109_open_source_20260722\recover_v108_qpy_mapping.py,Not a decoder-performance result; graph completion required before a defensible final model.,Save exact transpiled circuit and detector mapping at submission time.,normal,not a V12 comparison,MWPM/BP-OSD comparator only when explicitly present; no claim if unavailable,early audit; Z:\Meetings\Complete\22-7-2026\QEC_AI_PAPER_MASTER_20260717\81_V108_CIRCUIT_LOCAL_IBM_GRAPH_20260721,,,,,,,,QEC_RUN_MATRIX_V1_V392_20260731.csv,Z:\Meetings\Complete\22-7-2026\QEC_AI_PAPER_MASTER_20260717,C:\Users\22228049\.codex\github_publish\hardware-adaptive-qec-ibm,IBM real shots,audit or unavailable,promoted,Version V108 retained with original matrix fields; no missing fields were inferred.
V109,G2_MPNN_GNN_graph,MWPM/PyMatching; neural/ML; graph/DEM; calibration/drift; postselection/gate,hard syndrome; calibration/backend metadata,IBM real shots; correlated/drift; domain/held-out,unavailable,unavailable,"=0); =1); np.concatenate([b[""basis""] for b in blocks]); held.stem); test[held][""basis""]; held.stem; np.concatenate([a[""basis""] for a in agg])",unavailable,unavailable,unavailable,unavailable,C:\Users\22228049\.codex\qec_work\wolffe_archive_20260730\extracted\home\22228049\qec_v109_open_source_20260722\train_v109_open_source.py,Null development result; conservative gate retained MWPM.,Train residual GNN on paired labels with strict V12 fallback.,normal,not a V12 comparison,MWPM/BP-OSD comparator only when explicitly present; no claim if unavailable,early audit; Z:\Meetings\Complete\22-7-2026\QEC_AI_PAPER_MASTER_20260717\82_V109_V110_FOCUSED_IBM_ROADMAP_20260721,,,,,,,,QEC_RUN_MATRIX_V1_V392_20260731.csv,Z:\Meetings\Complete\22-7-2026\QEC_AI_PAPER_MASTER_20260717,C:\Users\22228049\.codex\github_publish\hardware-adaptive-qec-ibm,IBM real shots; correlated/drift; domain/held-out,audit or unavailable,promoted,Version V109 retained with original matrix fields; no missing fields were inferred.
V110,G2_MPNN_GNN_graph,neural/ML,unavailable,unavailable,unavailable,+0.00077 pp; +0.00154 pp,unavailable,unavailable,unavailable,unavailable,unavailable,unavailable,Not promoted. The initial OpenEvolve loop also lacked true per-candidate feedback.,Repair candidate fitness and use held-out domain reward only.,normal,not a V12 comparison,MWPM/BP-OSD comparator only when explicitly present; no claim if unavailable,early audit; Z:\Meetings\Complete\22-7-2026\QEC_AI_PAPER_MASTER_20260717\82_V109_V110_FOCUSED_IBM_ROADMAP_20260721,,,,,,,,QEC_RUN_MATRIX_V1_V392_20260731.csv,Z:\Meetings\Complete\22-7-2026\QEC_AI_PAPER_MASTER_20260717,C:\Users\22228049\.codex\github_publish\hardware-adaptive-qec-ibm,unavailable,audit or unavailable,see row status,Version V110 retained with original matrix fields; no missing fields were inferred.
V111,G2_MPNN_GNN_graph,MWPM/PyMatching; neural/ML; calibration/drift; postselection/gate,hard syndrome; calibration/backend metadata,IBM real shots; domain/held-out,unavailable,+0.02816 pp; +0.05633 pp; 0.01505 pp,"np.concatenate([row[""basis""] for row in domains]); =0); =1)",unavailable,unavailable,unavailable,unavailable,C:\Users\22228049\.codex\qec_work\wolffe_archive_20260730\extracted\home\22228049\qec_v109_open_source_20260722\v111_frozen_test.py; C:\Users\22228049\.codex\qec_work\wolffe_archive_20260730\extracted\home\22228049\qec_v109_open_source_20260722\v111_long_train.py,Useful Z-only development result; promotion rejected and longer training shown to overfit.,Early-stop on untouched domains; do not extend training after overfit.,normal,not a V12 comparison,MWPM/BP-OSD comparator only when explicitly present; no claim if unavailable,early audit; ,,,,,,,,QEC_RUN_MATRIX_V1_V392_20260731.csv,Z:\Meetings\Complete\22-7-2026\QEC_AI_PAPER_MASTER_20260717,C:\Users\22228049\.codex\github_publish\hardware-adaptive-qec-ibm,IBM real shots; domain/held-out,measured artifact,rejected,Version V111 retained with original matrix fields; no missing fields were inferred.
V112,G2_MPNN_GNN_graph,MWPM/PyMatching; neural/ML; graph/DEM; calibration/drift; postselection/gate,soft/LLR or analog; hard syndrome; calibration/backend metadata,IBM real shots; phenomenological/Stim; correlated/drift; domain/held-out,unavailable,unavailable,"d[""metadata""][ix; np.full(q.sum()",unavailable,unavailable,unavailable,unavailable,C:\Users\22228049\.codex\qec_work\wolffe_archive_20260730\extracted\home\22228049\qec_v109_open_source_20260722\prepare_v112_v12_data.py; C:\Users\22228049\.codex\qec_work\wolffe_archive_20260730\extracted\home\22228049\qec_v109_open_source_20260722\v112_basis_router.py,Not safer than V12 across domains.,Require basis/domain gates and preserve V12 on all unsafe cohorts.,normal,not a V12 comparison,MWPM/BP-OSD comparator only when explicitly present; no claim if unavailable,early audit; ,,,,,,,,QEC_RUN_MATRIX_V1_V392_20260731.csv,Z:\Meetings\Complete\22-7-2026\QEC_AI_PAPER_MASTER_20260717,C:\Users\22228049\.codex\github_publish\hardware-adaptive-qec-ibm,IBM real shots; phenomenological/Stim; correlated/drift; domain/held-out,audit or unavailable,promoted,Version V112 retained with original matrix fields; no missing fields were inferred.
V113,G2_MPNN_GNN_graph,neural/ML; graph/DEM; calibration/drift; postselection/gate,soft/LLR or analog; hard syndrome; calibration/backend metadata,IBM real shots; phenomenological/Stim; domain/held-out,unavailable,unavailable,np.full(q.sum(),unavailable,unavailable,unavailable,unavailable,C:\Users\22228049\.codex\qec_work\wolffe_archive_20260730\extracted\home\22228049\qec_v109_open_source_20260722\v113_applicability_gates.py; C:\Users\22228049\.codex\qec_work\wolffe_archive_20260730\extracted\home\22228049\qec_v109_open_source_20260722\v113_build_tensors.py; C:\Users\22228049\.codex\qec_work\wolffe_archive_20260730\extracted\home\22228049\qec_v109_open_source_20260722\v113_operation_router.py; C:\Users\22228049\.codex\qec_work\wolffe_archive_20260730\extracted\home\22228049\qec_v109_open_source_20260722\v113_qiskit_operation_graph.py,Not promoted; graph fidelity outside Kingston remained a limitation.,Use exact operation graph; empirical graph is diagnostic only.,normal,not a V12 comparison,MWPM/BP-OSD comparator only when explicitly present; no claim if unavailable,early audit; Z:\Meetings\Complete\22-7-2026\QEC_AI_PAPER_MASTER_20260717\83_V113_QISKIT_OPERATION_GRAPH_20260722,,,,,,,,QEC_RUN_MATRIX_V1_V392_20260731.csv,Z:\Meetings\Complete\22-7-2026\QEC_AI_PAPER_MASTER_20260717,C:\Users\22228049\.codex\github_publish\hardware-adaptive-qec-ibm,IBM real shots; phenomenological/Stim; domain/held-out,audit or unavailable,see row status,Version V113 retained with original matrix fields; no missing fields were inferred.
V114,G2_MPNN_GNN_graph,graph/DEM; calibration/drift; postselection/gate,hard syndrome; calibration/backend metadata,domain/held-out,unavailable,unavailable,unavailable,unavailable,unavailable,unavailable,unavailable,C:\Users\22228049\.codex\qec_work\wolffe_archive_20260730\extracted\home\22228049\qec_v109_open_source_20260722\v114_closed_loop_model.py; C:\Users\22228049\.codex\qec_work\wolffe_archive_20260730\extracted\home\22228049\qec_v109_open_source_20260722\v114_evaluator.py; C:\Users\22228049\.codex\qec_work\wolffe_archive_20260730\extracted\home\22228049\qec_v109_open_source_20260722\v114_eval_candidate.py; C:\Users\22228049\.codex\qec_work\wolffe_archive_20260730\extracted\home\22228049\qec_v109_open_source_20260722\v114_initial_program.py,"Useful search-infrastructure correction, not a logical-error improvement.",Keep real candidate feedback and deterministic ledger logging.,normal,not a V12 comparison,MWPM/BP-OSD comparator only when explicitly present; no claim if unavailable,early audit; Z:\Meetings\Complete\22-7-2026\QEC_AI_PAPER_MASTER_20260717\84_V114_CLOSED_LOOP_OPENEVOLVE_20260722,,,,,,,,QEC_RUN_MATRIX_V1_V392_20260731.csv,Z:\Meetings\Complete\22-7-2026\QEC_AI_PAPER_MASTER_20260717,C:\Users\22228049\.codex\github_publish\hardware-adaptive-qec-ibm,domain/held-out,audit or unavailable,promoted,Version V114 retained with original matrix fields; no missing fields were inferred.
V115,G2_MPNN_GNN_graph,graph/DEM; calibration/drift; postselection/gate,hard syndrome; calibration/backend metadata,IBM real shots; domain/held-out,unavailable,unavailable,unavailable,unavailable,unavailable,unavailable,unavailable,C:\Users\22228049\.codex\qec_work\wolffe_archive_20260730\extracted\home\22228049\qec_v109_open_source_20260722\v115_compare.py; C:\Users\22228049\.codex\qec_work\wolffe_archive_20260730\extracted\home\22228049\qec_v109_open_source_20260722\v115_eval_candidate.py; C:\Users\22228049\.codex\qec_work\wolffe_archive_20260730\extracted\home\22228049\qec_v109_open_source_20260722\v115_noise_context_model.py,Naive density context rejected.,Replace density-only context with calibrated operation-local features.,normal,not a V12 comparison,MWPM/BP-OSD comparator only when explicitly present; no claim if unavailable,early audit; Z:\Meetings\Complete\22-7-2026\QEC_AI_PAPER_MASTER_20260717\85_V115_IBM_HEAVY_HEX_PAPER_CONTEXT_20260722,,,,,,,,QEC_RUN_MATRIX_V1_V392_20260731.csv,Z:\Meetings\Complete\22-7-2026\QEC_AI_PAPER_MASTER_20260717,C:\Users\22228049\.codex\github_publish\hardware-adaptive-qec-ibm,IBM real shots; domain/held-out,measured artifact,rejected,Version V115 retained with original matrix fields; no missing fields were inferred.
V116,G2_MPNN_GNN_graph,neural/ML; graph/DEM; calibration/drift; postselection/gate,hard syndrome; calibration/backend metadata,correlated/drift; domain/held-out,unavailable,unavailable,unavailable,unavailable,unavailable,unavailable,unavailable,C:\Users\22228049\.codex\qec_work\wolffe_archive_20260730\extracted\home\22228049\qec_v109_open_source_20260722\v116_compare.py; C:\Users\22228049\.codex\qec_work\wolffe_archive_20260730\extracted\home\22228049\qec_v109_open_source_20260722\v116_domain_fingerprint_model.py; C:\Users\22228049\.codex\qec_work\wolffe_archive_20260730\extracted\home\22228049\qec_v109_open_source_20260722\v116_eval_candidate.py,Null development result.,Use correlation features only if they alter paired residual decisions.,normal,not a V12 comparison,MWPM/BP-OSD comparator only when explicitly present; no claim if unavailable,early audit; Z:\Meetings\Complete\22-7-2026\QEC_AI_PAPER_MASTER_20260717\86_V116_DOMAIN_FINGERPRINT_20260722,,,,,,,,QEC_RUN_MATRIX_V1_V392_20260731.csv,Z:\Meetings\Complete\22-7-2026\QEC_AI_PAPER_MASTER_20260717,C:\Users\22228049\.codex\github_publish\hardware-adaptive-qec-ibm,correlated/drift; domain/held-out,audit or unavailable,promoted,Version V116 retained with original matrix fields; no missing fields were inferred.
V117,G2_MPNN_GNN_graph,unavailable,unavailable,unavailable,unavailable,unavailable,unavailable,unavailable,unavailable,unavailable,unavailable,unavailable,Structural feasibility only; no logical-error improvement.,"Evaluate discovered code with logical-error shots, not routing proxy.",normal,not a V12 comparison,MWPM/BP-OSD comparator only when explicitly present; no claim if unavailable,early audit; Z:\Meetings\Complete\22-7-2026\QEC_AI_PAPER_MASTER_20260717\87_V117_CONSTRAINT_FIRST_CODE_DISCOVERY_20260722,,,,,,,,QEC_RUN_MATRIX_V1_V392_20260731.csv,Z:\Meetings\Complete\22-7-2026\QEC_AI_PAPER_MASTER_20260717,C:\Users\22228049\.codex\github_publish\hardware-adaptive-qec-ibm,unavailable,audit or unavailable,promoted,Version V117 retained with original matrix fields; no missing fields were inferred.
V118,G2_MPNN_GNN_graph,MWPM/PyMatching; postselection/gate,hard syndrome,IBM real shots; phenomenological/Stim; correlated/drift,unavailable,unavailable,'x',unavailable,unavailable,unavailable,unavailable,C:\Users\22228049\.codex\qec_work\wolffe_archive_20260730\extracted\home\22228049\qec_v109_open_source_20260722\v118_env_probe.py; C:\Users\22228049\.codex\qec_work\wolffe_archive_20260730\extracted\home\22228049\qec_v109_open_source_20260722\v118\v118_env_probe.py; C:\Users\22228049\.codex\qec_work\wolffe_archive_20260730\extracted\home\22228049\qec_v109_open_source_20260722\v118\v118_inspect_qpy.py; C:\Users\22228049\.codex\qec_work\wolffe_archive_20260730\extracted\home\22228049\qec_v109_open_source_20260722\v118\v118_mcts_schedule.py; C:\Users\22228049\.codex\qec_work\wolffe_archive_20260730\extracted\home\22228049\qec_v109_open_source_20260722\v118\v118_pareto_integrity.py; C:\Users\22228049\.codex\qec_work\wolffe_archive_20260730\extracted\home\22228049\qec_v109_open_source_20260722\v118\v118_qec_import_probe.py; C:\Users\22228049\.codex\qec_work\wolffe_archive_20260730\extracted\home\22228049\qec_v109_open_source_20260722\v118\v118_qec_probe.py,Proxy is not logical error; real paired decoding is required before promotion.,Pair schedule changes with real decoder outcomes and fixed circuits.,normal,not a V12 comparison,MWPM/BP-OSD comparator only when explicitly present; no claim if unavailable,early audit; Z:\Meetings\Complete\22-7-2026\QEC_AI_PAPER_MASTER_20260717\88_V118_SCHEDULE_DECODER_CODDESIGN_20260722,,,,,,,,QEC_RUN_MATRIX_V1_V392_20260731.csv,Z:\Meetings\Complete\22-7-2026\QEC_AI_PAPER_MASTER_20260717,C:\Users\22228049\.codex\github_publish\hardware-adaptive-qec-ibm,IBM real shots; phenomenological/Stim; correlated/drift,audit or unavailable,see row status,Version V118 retained with original matrix fields; no missing fields were inferred.
V119,G2_MPNN_GNN_graph,neural/ML; calibration/drift; postselection/gate; geometry/FAISS,hard syndrome; calibration/backend metadata,IBM real shots; domain/held-out,unavailable,unavailable,None):,unavailable,unavailable,unavailable,unavailable,C:\Users\22228049\.codex\qec_work\wolffe_archive_20260730\extracted\home\22228049\qec_v109_open_source_20260722\v119_masked_syndrome_transformer.py,Retained as an architectural comparator.,Compare masked model against V12 on untouched domains and latency.,normal,not a V12 comparison,MWPM/BP-OSD comparator only when explicitly present; no claim if unavailable,early audit; Z:\Meetings\Complete\22-7-2026\QEC_AI_PAPER_MASTER_20260717\89_V119_V123_LITERATURE_GITHUB_HF_REAL_DATA_20260723,,,,,,,,QEC_RUN_MATRIX_V1_V392_20260731.csv,Z:\Meetings\Complete\22-7-2026\QEC_AI_PAPER_MASTER_20260717,C:\Users\22228049\.codex\github_publish\hardware-adaptive-qec-ibm,IBM real shots; domain/held-out,audit or unavailable,promoted,Version V119 retained with original matrix fields; no missing fields were inferred.
V120,G2_MPNN_GNN_graph,MWPM/PyMatching; neural/ML; calibration/drift; ensemble/consensus; postselection/gate; geometry/FAISS,soft/LLR or analog; hard syndrome; calibration/backend metadata,IBM real shots; domain/held-out,unavailable,unavailable,"def __init__(self; d[""basis""].astype(np.int64); int):; = basis) & (d.mwpm != d.v12); Domain; int; = basis) & (domain.mwpm != domain.v12)); =basis",unavailable,unavailable,unavailable,unavailable,C:\Users\22228049\.codex\qec_work\wolffe_archive_20260730\extracted\home\22228049\qec_v109_open_source_20260722\v120_neural_ensemble_selector.py,Null; expert diversity alone did not create safe routing information.,Require expert disagreement to predict real residuals before routing.,high,not a V12 comparison,MWPM/BP-OSD comparator only when explicitly present; no claim if unavailable,early audit; ,,,,,,,,QEC_RUN_MATRIX_V1_V392_20260731.csv,Z:\Meetings\Complete\22-7-2026\QEC_AI_PAPER_MASTER_20260717,C:\Users\22228049\.codex\github_publish\hardware-adaptive-qec-ibm,IBM real shots; domain/held-out,audit or unavailable,promoted,Version V120 retained with original matrix fields; no missing fields were inferred.
V121,G2_MPNN_GNN_graph,MWPM/PyMatching; neural/ML; calibration/drift; ensemble/consensus; postselection/gate; geometry/FAISS,soft/LLR or analog; hard syndrome; calibration/backend metadata,IBM real shots; correlated/drift; domain/held-out,unavailable,unavailable,"str; Domain; int; =basis)&((d.mwpm!=d.v12) if mode==""ensemble"" else True)); =basis)&((domain.mwpm!=domain.v12) if mode==""ensemble"" else True)); =basis; =basis].copy())",unavailable,unavailable,unavailable,unavailable,C:\Users\22228049\.codex\qec_work\wolffe_archive_20260730\extracted\home\22228049\qec_v109_open_source_20260722\v121_calibration_film_selector.py,No validated gain; matched timing/mapping remained critical.,Use calibration FiLM with saved timestamped snapshots and held days.,high,not a V12 comparison,MWPM/BP-OSD comparator only when explicitly present; no claim if unavailable,early audit; ,,,,,,,,QEC_RUN_MATRIX_V1_V392_20260731.csv,Z:\Meetings\Complete\22-7-2026\QEC_AI_PAPER_MASTER_20260717,C:\Users\22228049\.codex\github_publish\hardware-adaptive-qec-ibm,IBM real shots; correlated/drift; domain/held-out,measured artifact,promoted,Version V121 retained with original matrix fields; no missing fields were inferred.
V122,G2_MPNN_GNN_graph,calibration/drift; postselection/gate,calibration/backend metadata,domain/held-out,unavailable,unavailable,unavailable,unavailable,unavailable,unavailable,unavailable,unavailable,Development gain only; not promoted.,Diagnose unsafe cohorts; gate per configuration rather than pooled gain.,high,not a V12 comparison,MWPM/BP-OSD comparator only when explicitly present; no claim if unavailable,early audit; ,,,,,,,,QEC_RUN_MATRIX_V1_V392_20260731.csv,Z:\Meetings\Complete\22-7-2026\QEC_AI_PAPER_MASTER_20260717,C:\Users\22228049\.codex\github_publish\hardware-adaptive-qec-ibm,domain/held-out,audit or unavailable,see row status,Version V122 retained with original matrix fields; no missing fields were inferred.
V123,G2_MPNN_GNN_graph,calibration/drift,calibration/backend metadata,unavailable,unavailable,unavailable,unavailable,unavailable,unavailable,unavailable,unavailable,unavailable,Mark incomplete/unsealed rather than infer a gain.,Seal the artifact and reproduce before drawing conclusions.,high,not a V12 comparison,MWPM/BP-OSD comparator only when explicitly present; no claim if unavailable,early audit; Z:\Meetings\Complete\22-7-2026\QEC_AI_PAPER_MASTER_20260717\89_V119_V123_LITERATURE_GITHUB_HF_REAL_DATA_20260723,,,,,,,,QEC_RUN_MATRIX_V1_V392_20260731.csv,Z:\Meetings\Complete\22-7-2026\QEC_AI_PAPER_MASTER_20260717,C:\Users\22228049\.codex\github_publish\hardware-adaptive-qec-ibm,unavailable,audit or unavailable,promoted,Version V123 retained with original matrix fields; no missing fields were inferred.
V124,G2_MPNN_GNN_graph,MWPM/PyMatching; neural/ML; graph/DEM; calibration/drift; ensemble/consensus; postselection/gate,soft/LLR or analog; hard syndrome; calibration/backend metadata,IBM real shots; domain/held-out,unavailable,unavailable,= basis; np.concatenate([r[5] for r in rows]); meta[:; = d)) for d in np.unique(data.domain)}; domains[held]; = basis].copy())),unavailable,unavailable,unavailable,unavailable,C:\Users\22228049\.codex\qec_work\wolffe_archive_20260730\extracted\home\22228049\qec_v109_open_source_20260722\v124_open_source_mixmatch.py,Rejected by basis/domain safety criteria.,Retain only basis/domain-safe combinations; test on new IBM block.,high,not a V12 comparison,MWPM/BP-OSD comparator only when explicitly present; no claim if unavailable,early audit; Z:\Meetings\Complete\22-7-2026\QEC_AI_PAPER_MASTER_20260717\90_V124_OPEN_SOURCE_MIXMATCH_REAL_IBM_20260723,,,,,,,,QEC_RUN_MATRIX_V1_V392_20260731.csv,Z:\Meetings\Complete\22-7-2026\QEC_AI_PAPER_MASTER_20260717,C:\Users\22228049\.codex\github_publish\hardware-adaptive-qec-ibm,IBM real shots; domain/held-out,measured artifact,rejected,Version V124 retained with original matrix fields; no missing fields were inferred.
V125,G2_MPNN_GNN_graph,BP-OSD; MWPM/PyMatching; neural/ML; graph/DEM; calibration/drift; ensemble/consensus; postselection/gate; geometry/FAISS,soft/LLR or analog; hard syndrome; calibration/backend metadata,IBM real shots; phenomenological/Stim; correlated/drift; domain/held-out,unavailable,unavailable,np.clip(np.rint(meta[:; Domain) -> np.ndarray:; int; = basis; np.concatenate([r[6] for r in rows]); meta[:; = d)) for d in np.unique(data.domain)}; = basis),unavailable,unavailable,unavailable,unavailable,C:\Users\22228049\.codex\qec_work\audit_versions_v1_v125.py; C:\Users\22228049\.codex\qec_work\wolffe_archive_20260730\extracted\home\22228049\qec_v109_open_source_20260722\v125_manuscript_relational_decoder.py,Not promoted because basis/domain safety gates failed; highest-value recent failure to diagnose.,Investigate pooled gain with per-domain sign-safe residual gate.,high,not a V12 comparison,MWPM/BP-OSD comparator only when explicitly present; no claim if unavailable,early audit; Z:\Meetings\Complete\22-7-2026\QEC_AI_PAPER_MASTER_20260717\91_V125_MANUSCRIPT_DERIVED_RELATIONAL_DECODER_20260723,,,,,,,,QEC_RUN_MATRIX_V1_V392_20260731.csv,Z:\Meetings\Complete\22-7-2026\QEC_AI_PAPER_MASTER_20260717,C:\Users\22228049\.codex\github_publish\hardware-adaptive-qec-ibm,IBM real shots; phenomenological/Stim; correlated/drift; domain/held-out,audit or unavailable,see row status,Version V125 retained with original matrix fields; no missing fields were inferred.
V126,G2_MPNN_GNN_graph,BP-OSD; neural/ML; graph/DEM; calibration/drift; ensemble/consensus; postselection/gate; geometry/FAISS,soft/LLR or analog; hard syndrome; calibration/backend metadata,IBM real shots; phenomenological/Stim; correlated/drift; domain/held-out,unavailable,unavailable,meta[:; = d)) for d in np.unique(data.domain)}; =basis; =basis].copy()),unavailable,unavailable,unavailable,unavailable,92_V126_OPEN_QEC_MODEL_FORUM_ADAPTERS_20260723\v126_all_backbones_smoke.slurm; 92_V126_OPEN_QEC_MODEL_FORUM_ADAPTERS_20260723\v126_open_qec_backbone_adapter.py; 92_V126_OPEN_QEC_MODEL_FORUM_ADAPTERS_20260723\v126_open_qec_backbone_adapter.slurm; 92_V126_OPEN_QEC_MODEL_FORUM_ADAPTERS_20260723\v126_open_qec_backbone_adapter_smoke.slurm; 92_V126_OPEN_QEC_MODEL_FORUM_ADAPTERS_20260723\V126_OPEN_QEC_MODEL_FORUM_AUDIT_AND_IMPLEMENTATION_20260723.md; qec_work\audit_versions_v126_v251.py; qec_work\build_v126_v251_manifest.py; qec_work\QEC_V126_V251_LOCAL_SHA256_MANIFEST_20260730.csv; qec_work\QEC_VERSION_AUDIT_V126_V251_20260730.csv; qec_work\QEC_VERSION_AUDIT_V126_V251_20260730.md; qec_work\wolffe_archive_20260730\extracted\home\22228049\qec_v109_open_source_20260722\v126_all_backbones_smoke.slurm; qec_work\wolffe_archive_20260730\extracted\home\22228049\qec_v109_open_source_20260722\v126_open_qec_backbone_adapter.py; qec_work\wolffe_archive_20260730\extracted\home\22228049\qec_v109_open_source_20260722\v126_open_qec_backbone_adapter.slurm; qec_work\wolffe_archive_20260730\extracted\home\22228049\qec_v109_open_source_20260722\v126_open_qec_backbone_adapter_smoke.slurm; qec_work\wolffe_archive_20260730\extracted\home\22228049\qec_v109_open_source_20260722\logs\v126_51867_0.err; qec_work\wolffe_archive_20260730\extracted\home\22228049\qec_v109_open_source_20260722\logs\v126_51867_0.out; qec_work\wolffe_archive_20260730\extracted\home\22228049\qec_v109_open_source_20260722\logs\v126_51867_1.err; qec_work\wolffe_archive_20260730\extracted\home\22228049\qec_v109_open_source_20260722\logs\v126_51867_1.out; qec_work\wolffe_archive_20260730\extracted\home\22228049\qec_v109_open_source_20260722\logs\v126_51867_10.err; qec_work\wolffe_archive_20260730\extracted\home\22228049\qec_v109_open_source_20260722\logs\v126_51867_10.out; qec_work\wolffe_archive_20260730\extracted\home\22228049\qec_v109_open_source_20260722\logs\v126_51867_11.err; qec_work\wolffe_archive_20260730\extracted\home\22228049\qec_v109_open_source_20260722\logs\v126_51867_11.out; qec_work\wolffe_archive_20260730\extracted\home\22228049\qec_v109_open_source_20260722\logs\v126_51867_12.err; qec_work\wolffe_archive_20260730\extracted\home\22228049\qec_v109_open_source_20260722\logs\v126_51867_12.out; qec_work\wolffe_archive_20260730\extracted\home\22228049\qec_v109_open_source_20260722\logs\v126_51867_13.err; C:\Users\22228049\.codex\qec_work\audit_versions_v126_v251.py; C:\Users\22228049\.codex\qec_work\build_v126_v251_manifest.py; C:\Users\22228049\.codex\qec_work\wolffe_archive_20260730\extracted\home\22228049\qec_v109_open_source_20260722\v126_open_qec_backbone_adapter.py,measured artifact found; diagnostic/protocol or pending,"Run a frozen, untouched IBM block with V12 fallback; report X/Z/domain confidence intervals before promotion.",high,not a V12 comparison,MWPM/BP-OSD comparator only when explicitly present; no claim if unavailable,late audit; 92_V126_OPEN_QEC_MODEL_FORUM_ADAPTERS_20260723\v126_all_backbones_smoke.slurm; 92_V126_OPEN_QEC_MODEL_FORUM_ADAPTERS_20260723\v126_open_qec_backbone_adapter.py; 92_V126_OPEN_QEC_MODEL_FORUM_ADAPTERS_20260723\v126_open_qec_backbone_adapter.slurm; 92_V126_OPEN_QEC_MODEL_FORUM_ADAPTERS_20260723\v126_open_qec_backbone_adapter_smoke.slurm; 92_V126_OPEN_QEC_MODEL_FORUM_ADAPTERS_20260723\V126_OPEN_QEC_MODEL_FORUM_AUDIT_AND_IMPLEMENTATION_20260723.md; qec_work\audit_versions_v126_v251.py; qec_work\build_v126_v251_manifest.py; qec_work\QEC_V126_V251_LOCAL_SHA256_MANIFEST_20260730.csv; qec_work\QEC_VERSION_AUDIT_V126_V251_20260730.csv; qec_work\QEC_VERSION_AUDIT_V126_V251_20260730.md; qec_work\wolffe_archive_20260730\extracted\home\22228049\qec_v109_open_source_20260722\v126_all_backbones_smoke.slurm; qec_work\wolffe_archive_20260730\extracted\home\22228049\qec_v109_open_source_20260722\v126_open_qec_backbone_adapter.py; qec_work\wolffe_archive_20260730\extracted\home\22228049\qec_v109_open_source_20260722\v126_open_qec_backbone_adapter.slurm; qec_work\wolffe_archive_20260730\extracted\home\22228049\qec_v109_open_source_20260722\v126_open_qec_backbone_adapter_smoke.slurm; qec_work\wolffe_archive_20260730\extracted\home\22228049\qec_v109_open_source_20260722\logs\v126_51867_0.err; qec_work\wolffe_archive_20260730\extracted\home\22228049\qec_v109_open_source_20260722\logs\v126_51867_0.out; qec_work\wolffe_archive_20260730\extracted\home\22228049\qec_v109_open_source_20260722\logs\v126_51867_1.err; qec_work\wolffe_archive_20260730\extracted\home\22228049\qec_v109_open_source_20260722\logs\v126_51867_1.out; qec_work\wolffe_archive_20260730\extracted\home\22228049\qec_v109_open_source_20260722\logs\v126_51867_10.err; qec_work\wolffe_archive_20260730\extracted\home\22228049\qec_v109_open_source_20260722\logs\v126_51867_10.out; qec_work\wolffe_archive_20260730\extracted\home\22228049\qec_v109_open_source_20260722\logs\v126_51867_11.err; qec_work\wolffe_archive_20260730\extracted\home\22228049\qec_v109_open_source_20260722\logs\v126_51867_11.out; qec_work\wolffe_archive_20260730\extracted\home\22228049\qec_v109_open_source_20260722\logs\v126_51867_12.err; qec_work\wolffe_archive_20260730\extracted\home\22228049\qec_v109_open_source_20260722\logs\v126_51867_12.out; qec_work\wolffe_archive_20260730\extracted\home\22228049\qec_v109_open_source_20260722\logs\v126_51867_13.err,,,,,,,,QEC_RUN_MATRIX_V1_V392_20260731.csv,Z:\Meetings\Complete\22-7-2026\QEC_AI_PAPER_MASTER_20260717,C:\Users\22228049\.codex\github_publish\hardware-adaptive-qec-ibm,IBM real shots; phenomenological/Stim; correlated/drift; domain/held-out,measured artifact,diagnostic/not promoted,Version V126 retained with original matrix fields; no missing fields were inferred.
V127,G2_MPNN_GNN_graph,neural/ML; graph/DEM; calibration/drift; ensemble/consensus; geometry/FAISS,soft/LLR or analog; hard syndrome; calibration/backend metadata,IBM real shots; domain/held-out,unavailable,unavailable,=d)) for d in np.unique(data.domain)}; =basis); =basis,unavailable,unavailable,unavailable,unavailable,93_V127_DIFFQEC_REAL_IBM_20260723\V127_DIFFQEC_REAL_IBM_LOGICAL_POSTERIOR_RECORD_20260723.md; 93_V127_DIFFQEC_REAL_IBM_20260723\v127_discrete_diffusion_residual.py; 93_V127_DIFFQEC_REAL_IBM_20260723\v127_discrete_diffusion_residual.slurm; 93_V127_DIFFQEC_REAL_IBM_20260723\v127_discrete_diffusion_residual_smoke.slurm; qec_work\wolffe_archive_20260730\extracted\home\22228049\qec_v109_open_source_20260722\v127_discrete_diffusion_residual.py; qec_work\wolffe_archive_20260730\extracted\home\22228049\qec_v109_open_source_20260722\v127_discrete_diffusion_residual.slurm; qec_work\wolffe_archive_20260730\extracted\home\22228049\qec_v109_open_source_20260722\v127_discrete_diffusion_residual_smoke.slurm; qec_work\wolffe_archive_20260730\extracted\home\22228049\qec_v109_open_source_20260722\logs\v127_51871_0.err; qec_work\wolffe_archive_20260730\extracted\home\22228049\qec_v109_open_source_20260722\logs\v127_51871_0.out; qec_work\wolffe_archive_20260730\extracted\home\22228049\qec_v109_open_source_20260722\logs\v127_51871_1.err; qec_work\wolffe_archive_20260730\extracted\home\22228049\qec_v109_open_source_20260722\logs\v127_51871_1.out; qec_work\wolffe_archive_20260730\extracted\home\22228049\qec_v109_open_source_20260722\logs\v127_51871_10.err; qec_work\wolffe_archive_20260730\extracted\home\22228049\qec_v109_open_source_20260722\logs\v127_51871_10.out; qec_work\wolffe_archive_20260730\extracted\home\22228049\qec_v109_open_source_20260722\logs\v127_51871_11.err; qec_work\wolffe_archive_20260730\extracted\home\22228049\qec_v109_open_source_20260722\logs\v127_51871_11.out; qec_work\wolffe_archive_20260730\extracted\home\22228049\qec_v109_open_source_20260722\logs\v127_51871_2.err; qec_work\wolffe_archive_20260730\extracted\home\22228049\qec_v109_open_source_20260722\logs\v127_51871_2.out; qec_work\wolffe_archive_20260730\extracted\home\22228049\qec_v109_open_source_20260722\logs\v127_51871_3.err; qec_work\wolffe_archive_20260730\extracted\home\22228049\qec_v109_open_source_20260722\logs\v127_51871_3.out; qec_work\wolffe_archive_20260730\extracted\home\22228049\qec_v109_open_source_20260722\logs\v127_51871_4.err; qec_work\wolffe_archive_20260730\extracted\home\22228049\qec_v109_open_source_20260722\logs\v127_51871_4.out; qec_work\wolffe_archive_20260730\extracted\home\22228049\qec_v109_open_source_20260722\logs\v127_51871_5.err; qec_work\wolffe_archive_20260730\extracted\home\22228049\qec_v109_open_source_20260722\logs\v127_51871_5.out; qec_work\wolffe_archive_20260730\extracted\home\22228049\qec_v109_open_source_20260722\logs\v127_51871_6.err; qec_work\wolffe_archive_20260730\extracted\home\22228049\qec_v109_open_source_20260722\logs\v127_51871_6.out; C:\Users\22228049\.codex\qec_work\wolffe_archive_20260730\extracted\home\22228049\qec_v109_open_source_20260722\v127_discrete_diffusion_residual.py,measured artifact found; diagnostic/protocol or pending,"Run a frozen, untouched IBM block with V12 fallback; report X/Z/domain confidence intervals before promotion.",high,not a V12 comparison,MWPM/BP-OSD comparator only when explicitly present; no claim if unavailable,late audit; 93_V127_DIFFQEC_REAL_IBM_20260723\V127_DIFFQEC_REAL_IBM_LOGICAL_POSTERIOR_RECORD_20260723.md; 93_V127_DIFFQEC_REAL_IBM_20260723\v127_discrete_diffusion_residual.py; 93_V127_DIFFQEC_REAL_IBM_20260723\v127_discrete_diffusion_residual.slurm; 93_V127_DIFFQEC_REAL_IBM_20260723\v127_discrete_diffusion_residual_smoke.slurm; qec_work\wolffe_archive_20260730\extracted\home\22228049\qec_v109_open_source_20260722\v127_discrete_diffusion_residual.py; qec_work\wolffe_archive_20260730\extracted\home\22228049\qec_v109_open_source_20260722\v127_discrete_diffusion_residual.slurm; qec_work\wolffe_archive_20260730\extracted\home\22228049\qec_v109_open_source_20260722\v127_discrete_diffusion_residual_smoke.slurm; qec_work\wolffe_archive_20260730\extracted\home\22228049\qec_v109_open_source_20260722\logs\v127_51871_0.err; qec_work\wolffe_archive_20260730\extracted\home\22228049\qec_v109_open_source_20260722\logs\v127_51871_0.out; qec_work\wolffe_archive_20260730\extracted\home\22228049\qec_v109_open_source_20260722\logs\v127_51871_1.err; qec_work\wolffe_archive_20260730\extracted\home\22228049\qec_v109_open_source_20260722\logs\v127_51871_1.out; qec_work\wolffe_archive_20260730\extracted\home\22228049\qec_v109_open_source_20260722\logs\v127_51871_10.err; qec_work\wolffe_archive_20260730\extracted\home\22228049\qec_v109_open_source_20260722\logs\v127_51871_10.out; qec_work\wolffe_archive_20260730\extracted\home\22228049\qec_v109_open_source_20260722\logs\v127_51871_11.err; qec_work\wolffe_archive_20260730\extracted\home\22228049\qec_v109_open_source_20260722\logs\v127_51871_11.out; qec_work\wolffe_archive_20260730\extracted\home\22228049\qec_v109_open_source_20260722\logs\v127_51871_2.err; qec_work\wolffe_archive_20260730\extracted\home\22228049\qec_v109_open_source_20260722\logs\v127_51871_2.out; qec_work\wolffe_archive_20260730\extracted\home\22228049\qec_v109_open_source_20260722\logs\v127_51871_3.err; qec_work\wolffe_archive_20260730\extracted\home\22228049\qec_v109_open_source_20260722\logs\v127_51871_3.out; qec_work\wolffe_archive_20260730\extracted\home\22228049\qec_v109_open_source_20260722\logs\v127_51871_4.err; qec_work\wolffe_archive_20260730\extracted\home\22228049\qec_v109_open_source_20260722\logs\v127_51871_4.out; qec_work\wolffe_archive_20260730\extracted\home\22228049\qec_v109_open_source_20260722\logs\v127_51871_5.err; qec_work\wolffe_archive_20260730\extracted\home\22228049\qec_v109_open_source_20260722\logs\v127_51871_5.out; qec_work\wolffe_archive_20260730\extracted\home\22228049\qec_v109_open_source_20260722\logs\v127_51871_6.err; qec_work\wolffe_archive_20260730\extracted\home\22228049\qec_v109_open_source_20260722\logs\v127_51871_6.out,,,,,,,,QEC_RUN_MATRIX_V1_V392_20260731.csv,Z:\Meetings\Complete\22-7-2026\QEC_AI_PAPER_MASTER_20260717,C:\Users\22228049\.codex\github_publish\hardware-adaptive-qec-ibm,IBM real shots; domain/held-out,measured artifact,diagnostic/not promoted,Version V127 retained with original matrix fields; no missing fields were inferred.
V128,G2_MPNN_GNN_graph,neural/ML; graph/DEM; calibration/drift; ensemble/consensus; postselection/gate; geometry/FAISS,soft/LLR or analog; hard syndrome; calibration/backend metadata,IBM real shots; domain/held-out,unavailable,unavailable,= basis; np.concatenate([r[8] for r in rows]); meta[:; =d)) for d in np.unique(data.domain)}; =basis); =basis; = d)) for d in np.unique(data.domain)}; domains[held],unavailable,unavailable,unavailable,unavailable,101_V135_V12_V128_V130_MERGED_DECODER_20260724\v135_merge_full.slurm; 101_V135_V12_V128_V130_MERGED_DECODER_20260724\v135_merge_smoke.slurm; 101_V135_V12_V128_V130_MERGED_DECODER_20260724\V135_RECORD_20260724.md; 101_V135_V12_V128_V130_MERGED_DECODER_20260724\v135_v128_v130_v12_merge.py; 94_V128_HACKATHON_STRUCTURAL_DECODER_20260723\V128_HACKATHON_IDEAS_AND_EXPERIMENT_RECORD_20260723.md; 94_V128_HACKATHON_STRUCTURAL_DECODER_20260723\v128_hackathon_structural_decoder.py; 94_V128_HACKATHON_STRUCTURAL_DECODER_20260723\v128_hackathon_structural_full.slurm; 94_V128_HACKATHON_STRUCTURAL_DECODER_20260723\v128_hackathon_structural_smoke.slurm; qec_work\wolffe_archive_20260730\extracted\home\22228049\qec_v109_open_source_20260722\v128_hackathon_structural_decoder.py; qec_work\wolffe_archive_20260730\extracted\home\22228049\qec_v109_open_source_20260722\v128_hackathon_structural_full.slurm; qec_work\wolffe_archive_20260730\extracted\home\22228049\qec_v109_open_source_20260722\v128_hackathon_structural_smoke.slurm; qec_work\wolffe_archive_20260730\extracted\home\22228049\qec_v109_open_source_20260722\v135_v128_v130_v12_merge.py; qec_work\wolffe_archive_20260730\extracted\home\22228049\qec_v109_open_source_20260722\logs\v128_51905_0.err; qec_work\wolffe_archive_20260730\extracted\home\22228049\qec_v109_open_source_20260722\logs\v128_51905_0.out; qec_work\wolffe_archive_20260730\extracted\home\22228049\qec_v109_open_source_20260722\logs\v128_51905_1.err; qec_work\wolffe_archive_20260730\extracted\home\22228049\qec_v109_open_source_20260722\logs\v128_51905_1.out; qec_work\wolffe_archive_20260730\extracted\home\22228049\qec_v109_open_source_20260722\logs\v128_51905_10.err; qec_work\wolffe_archive_20260730\extracted\home\22228049\qec_v109_open_source_20260722\logs\v128_51905_10.out; qec_work\wolffe_archive_20260730\extracted\home\22228049\qec_v109_open_source_20260722\logs\v128_51905_11.err; qec_work\wolffe_archive_20260730\extracted\home\22228049\qec_v109_open_source_20260722\logs\v128_51905_11.out; qec_work\wolffe_archive_20260730\extracted\home\22228049\qec_v109_open_source_20260722\logs\v128_51905_12.err; qec_work\wolffe_archive_20260730\extracted\home\22228049\qec_v109_open_source_20260722\logs\v128_51905_12.out; qec_work\wolffe_archive_20260730\extracted\home\22228049\qec_v109_open_source_20260722\logs\v128_51905_13.err; qec_work\wolffe_archive_20260730\extracted\home\22228049\qec_v109_open_source_20260722\logs\v128_51905_13.out; qec_work\wolffe_archive_20260730\extracted\home\22228049\qec_v109_open_source_20260722\logs\v128_51905_14.err; C:\Users\22228049\.codex\qec_work\wolffe_archive_20260730\extracted\home\22228049\qec_v109_open_source_20260722\v128_hackathon_structural_decoder.py; C:\Users\22228049\.codex\qec_work\wolffe_archive_20260730\extracted\home\22228049\qec_v109_open_source_20260722\v135_v128_v130_v12_merge.py,measured artifact found; diagnostic/protocol or pending,"Run a frozen, untouched IBM block with V12 fallback; report X/Z/domain confidence intervals before promotion.",high,not a V12 comparison,MWPM/BP-OSD comparator only when explicitly present; no claim if unavailable,late audit; 101_V135_V12_V128_V130_MERGED_DECODER_20260724\v135_merge_full.slurm; 101_V135_V12_V128_V130_MERGED_DECODER_20260724\v135_merge_smoke.slurm; 101_V135_V12_V128_V130_MERGED_DECODER_20260724\V135_RECORD_20260724.md; 101_V135_V12_V128_V130_MERGED_DECODER_20260724\v135_v128_v130_v12_merge.py; 94_V128_HACKATHON_STRUCTURAL_DECODER_20260723\V128_HACKATHON_IDEAS_AND_EXPERIMENT_RECORD_20260723.md; 94_V128_HACKATHON_STRUCTURAL_DECODER_20260723\v128_hackathon_structural_decoder.py; 94_V128_HACKATHON_STRUCTURAL_DECODER_20260723\v128_hackathon_structural_full.slurm; 94_V128_HACKATHON_STRUCTURAL_DECODER_20260723\v128_hackathon_structural_smoke.slurm; qec_work\wolffe_archive_20260730\extracted\home\22228049\qec_v109_open_source_20260722\v128_hackathon_structural_decoder.py; qec_work\wolffe_archive_20260730\extracted\home\22228049\qec_v109_open_source_20260722\v128_hackathon_structural_full.slurm; qec_work\wolffe_archive_20260730\extracted\home\22228049\qec_v109_open_source_20260722\v128_hackathon_structural_smoke.slurm; qec_work\wolffe_archive_20260730\extracted\home\22228049\qec_v109_open_source_20260722\v135_v128_v130_v12_merge.py; qec_work\wolffe_archive_20260730\extracted\home\22228049\qec_v109_open_source_20260722\logs\v128_51905_0.err; qec_work\wolffe_archive_20260730\extracted\home\22228049\qec_v109_open_source_20260722\logs\v128_51905_0.out; qec_work\wolffe_archive_20260730\extracted\home\22228049\qec_v109_open_source_20260722\logs\v128_51905_1.err; qec_work\wolffe_archive_20260730\extracted\home\22228049\qec_v109_open_source_20260722\logs\v128_51905_1.out; qec_work\wolffe_archive_20260730\extracted\home\22228049\qec_v109_open_source_20260722\logs\v128_51905_10.err; qec_work\wolffe_archive_20260730\extracted\home\22228049\qec_v109_open_source_20260722\logs\v128_51905_10.out; qec_work\wolffe_archive_20260730\extracted\home\22228049\qec_v109_open_source_20260722\logs\v128_51905_11.err; qec_work\wolffe_archive_20260730\extracted\home\22228049\qec_v109_open_source_20260722\logs\v128_51905_11.out; qec_work\wolffe_archive_20260730\extracted\home\22228049\qec_v109_open_source_20260722\logs\v128_51905_12.err; qec_work\wolffe_archive_20260730\extracted\home\22228049\qec_v109_open_source_20260722\logs\v128_51905_12.out; qec_work\wolffe_archive_20260730\extracted\home\22228049\qec_v109_open_source_20260722\logs\v128_51905_13.err; qec_work\wolffe_archive_20260730\extracted\home\22228049\qec_v109_open_source_20260722\logs\v128_51905_13.out; qec_work\wolffe_archive_20260730\extracted\home\22228049\qec_v109_open_source_20260722\logs\v128_51905_14.err,,,,,,,,QEC_RUN_MATRIX_V1_V392_20260731.csv,Z:\Meetings\Complete\22-7-2026\QEC_AI_PAPER_MASTER_20260717,C:\Users\22228049\.codex\github_publish\hardware-adaptive-qec-ibm,IBM real shots; domain/held-out,measured artifact,diagnostic/not promoted,Version V128 retained with original matrix fields; no missing fields were inferred.
V129,G2_MPNN_GNN_graph,neural/ML; graph/DEM; calibration/drift; ensemble/consensus; postselection/gate; geometry/FAISS,soft/LLR or analog; hard syndrome; calibration/backend metadata,IBM real shots; domain/held-out,3/; 3/7,unavailable,meta[:; =d)) for d in np.unique(data.domain)}; =basis; =basis].copy()),unavailable,unavailable,unavailable,unavailable,95_V129_PATHFINDER_BETA_ADAPTER_20260723\SOURCE_CHECKSUMS.sha256; 95_V129_PATHFINDER_BETA_ADAPTER_20260723\v129_pathfinder_beta_adapter.py; 95_V129_PATHFINDER_BETA_ADAPTER_20260723\V129_PATHFINDER_BETA_AUDIT_AND_IMPLEMENTATION_20260723.md; 95_V129_PATHFINDER_BETA_ADAPTER_20260723\v129_pathfinder_full.slurm; 95_V129_PATHFINDER_BETA_ADAPTER_20260723\v129_pathfinder_smoke.slurm; QEC_ALL_VERSIONS_V1_TO_V129_FULL_TECHNICAL_HANDOFF_20260723.docx; qec_work\wolffe_archive_20260730\extracted\home\22228049\qec_v109_open_source_20260722\v129_pathfinder_beta_adapter.py; qec_work\wolffe_archive_20260730\extracted\home\22228049\qec_v109_open_source_20260722\v129_pathfinder_full.slurm; qec_work\wolffe_archive_20260730\extracted\home\22228049\qec_v109_open_source_20260722\v129_pathfinder_smoke.slurm; qec_work\wolffe_archive_20260730\extracted\home\22228049\qec_v109_open_source_20260722\logs\v129_51932_0.err; qec_work\wolffe_archive_20260730\extracted\home\22228049\qec_v109_open_source_20260722\logs\v129_51932_0.out; qec_work\wolffe_archive_20260730\extracted\home\22228049\qec_v109_open_source_20260722\logs\v129_51932_1.err; qec_work\wolffe_archive_20260730\extracted\home\22228049\qec_v109_open_source_20260722\logs\v129_51932_1.out; qec_work\wolffe_archive_20260730\extracted\home\22228049\qec_v109_open_source_20260722\logs\v129_51932_10.err; qec_work\wolffe_archive_20260730\extracted\home\22228049\qec_v109_open_source_20260722\logs\v129_51932_10.out; qec_work\wolffe_archive_20260730\extracted\home\22228049\qec_v109_open_source_20260722\logs\v129_51932_11.err; qec_work\wolffe_archive_20260730\extracted\home\22228049\qec_v109_open_source_20260722\logs\v129_51932_11.out; qec_work\wolffe_archive_20260730\extracted\home\22228049\qec_v109_open_source_20260722\logs\v129_51932_2.err; qec_work\wolffe_archive_20260730\extracted\home\22228049\qec_v109_open_source_20260722\logs\v129_51932_2.out; qec_work\wolffe_archive_20260730\extracted\home\22228049\qec_v109_open_source_20260722\logs\v129_51932_3.err; qec_work\wolffe_archive_20260730\extracted\home\22228049\qec_v109_open_source_20260722\logs\v129_51932_3.out; qec_work\wolffe_archive_20260730\extracted\home\22228049\qec_v109_open_source_20260722\logs\v129_51932_4.err; qec_work\wolffe_archive_20260730\extracted\home\22228049\qec_v109_open_source_20260722\logs\v129_51932_4.out; qec_work\wolffe_archive_20260730\extracted\home\22228049\qec_v109_open_source_20260722\logs\v129_51932_5.err; qec_work\wolffe_archive_20260730\extracted\home\22228049\qec_v109_open_source_20260722\logs\v129_51932_5.out; C:\Users\22228049\.codex\qec_work\wolffe_archive_20260730\extracted\home\22228049\qec_v109_open_source_20260722\v129_pathfinder_beta_adapter.py,measured artifact found; diagnostic/protocol or pending,"Run a frozen, untouched IBM block with V12 fallback; report X/Z/domain confidence intervals before promotion.",high,not a V12 comparison,MWPM/BP-OSD comparator only when explicitly present; no claim if unavailable,late audit; 95_V129_PATHFINDER_BETA_ADAPTER_20260723\SOURCE_CHECKSUMS.sha256; 95_V129_PATHFINDER_BETA_ADAPTER_20260723\v129_pathfinder_beta_adapter.py; 95_V129_PATHFINDER_BETA_ADAPTER_20260723\V129_PATHFINDER_BETA_AUDIT_AND_IMPLEMENTATION_20260723.md; 95_V129_PATHFINDER_BETA_ADAPTER_20260723\v129_pathfinder_full.slurm; 95_V129_PATHFINDER_BETA_ADAPTER_20260723\v129_pathfinder_smoke.slurm; QEC_ALL_VERSIONS_V1_TO_V129_FULL_TECHNICAL_HANDOFF_20260723.docx; qec_work\wolffe_archive_20260730\extracted\home\22228049\qec_v109_open_source_20260722\v129_pathfinder_beta_adapter.py; qec_work\wolffe_archive_20260730\extracted\home\22228049\qec_v109_open_source_20260722\v129_pathfinder_full.slurm; qec_work\wolffe_archive_20260730\extracted\home\22228049\qec_v109_open_source_20260722\v129_pathfinder_smoke.slurm; qec_work\wolffe_archive_20260730\extracted\home\22228049\qec_v109_open_source_20260722\logs\v129_51932_0.err; qec_work\wolffe_archive_20260730\extracted\home\22228049\qec_v109_open_source_20260722\logs\v129_51932_0.out; qec_work\wolffe_archive_20260730\extracted\home\22228049\qec_v109_open_source_20260722\logs\v129_51932_1.err; qec_work\wolffe_archive_20260730\extracted\home\22228049\qec_v109_open_source_20260722\logs\v129_51932_1.out; qec_work\wolffe_archive_20260730\extracted\home\22228049\qec_v109_open_source_20260722\logs\v129_51932_10.err; qec_work\wolffe_archive_20260730\extracted\home\22228049\qec_v109_open_source_20260722\logs\v129_51932_10.out; qec_work\wolffe_archive_20260730\extracted\home\22228049\qec_v109_open_source_20260722\logs\v129_51932_11.err; qec_work\wolffe_archive_20260730\extracted\home\22228049\qec_v109_open_source_20260722\logs\v129_51932_11.out; qec_work\wolffe_archive_20260730\extracted\home\22228049\qec_v109_open_source_20260722\logs\v129_51932_2.err; qec_work\wolffe_archive_20260730\extracted\home\22228049\qec_v109_open_source_20260722\logs\v129_51932_2.out; qec_work\wolffe_archive_20260730\extracted\home\22228049\qec_v109_open_source_20260722\logs\v129_51932_3.err; qec_work\wolffe_archive_20260730\extracted\home\22228049\qec_v109_open_source_20260722\logs\v129_51932_3.out; qec_work\wolffe_archive_20260730\extracted\home\22228049\qec_v109_open_source_20260722\logs\v129_51932_4.err; qec_work\wolffe_archive_20260730\extracted\home\22228049\qec_v109_open_source_20260722\logs\v129_51932_4.out; qec_work\wolffe_archive_20260730\extracted\home\22228049\qec_v109_open_source_20260722\logs\v129_51932_5.err; qec_work\wolffe_archive_20260730\extracted\home\22228049\qec_v109_open_source_20260722\logs\v129_51932_5.out,,,,,,,,QEC_RUN_MATRIX_V1_V392_20260731.csv,Z:\Meetings\Complete\22-7-2026\QEC_AI_PAPER_MASTER_20260717,C:\Users\22228049\.codex\github_publish\hardware-adaptive-qec-ibm,IBM real shots; domain/held-out,measured artifact,diagnostic/not promoted,Version V129 retained with original matrix fields; no missing fields were inferred.
V130,G2_MPNN_GNN_graph,MWPM/PyMatching; neural/ML; graph/DEM; calibration/drift; ensemble/consensus; postselection/gate; geometry/FAISS,soft/LLR or analog; hard syndrome; calibration/backend metadata,IBM real shots; phenomenological/Stim; correlated/drift; domain/held-out,unavailable,unavailable,"""XZ""[int(np.clip(item[0]; {}; normalize_domain(row[""Domain""]); row[""Basis""].strip().upper(); = ""X"" else ""X""; normalize_domain(target_domain); normalize_domain(domain); np.clip(np.rint(meta[:; Domain) -> np.ndarray:; int; = basis; np.concatenate([r[6] for r in rows]); meta[:; = d)) for d in np.unique(data.domain)}; = basis); domains[held]",unavailable,unavailable,unavailable,unavailable,101_V135_V12_V128_V130_MERGED_DECODER_20260724\v135_merge_full.slurm; 101_V135_V12_V128_V130_MERGED_DECODER_20260724\v135_merge_smoke.slurm; 101_V135_V12_V128_V130_MERGED_DECODER_20260724\V135_RECORD_20260724.md; 101_V135_V12_V128_V130_MERGED_DECODER_20260724\v135_v128_v130_v12_merge.py; 96_V130_ALPHAQUBIT_METRIC_CONDITIONING_20260723\audit_v130_metric_join.py; 96_V130_ALPHAQUBIT_METRIC_CONDITIONING_20260723\IBM_QEC_ALPHAQUBIT_COMPATIBLE_V12_METRICS_20260722.csv; 96_V130_ALPHAQUBIT_METRIC_CONDITIONING_20260723\summarize_v130.py; 96_V130_ALPHAQUBIT_METRIC_CONDITIONING_20260723\V130_ALPHAQUBIT_METRIC_CONDITIONING_RECORD_20260723.md; 96_V130_ALPHAQUBIT_METRIC_CONDITIONING_20260723\V130_aux_prefix_single_basis_RESULT.json; 96_V130_ALPHAQUBIT_METRIC_CONDITIONING_20260723\V130_both_prefix_single_basis_RESULT.json; 96_V130_ALPHAQUBIT_METRIC_CONDITIONING_20260723\V130_FINAL_RESULT_20260724.md; 96_V130_ALPHAQUBIT_METRIC_CONDITIONING_20260723\v130_metric_conditioned_full.slurm; 96_V130_ALPHAQUBIT_METRIC_CONDITIONING_20260723\v130_metric_conditioned_relational.py; 96_V130_ALPHAQUBIT_METRIC_CONDITIONING_20260723\v130_metric_conditioned_smoke.slurm; 96_V130_ALPHAQUBIT_METRIC_CONDITIONING_20260723\V130_METRIC_JOIN_AUDIT.json; 96_V130_ALPHAQUBIT_METRIC_CONDITIONING_20260723\V130_none_prefix_single_basis_RESULT.json; 96_V130_ALPHAQUBIT_METRIC_CONDITIONING_20260723\V130_prior_prefix_single_basis_RESULT.json; 96_V130_ALPHAQUBIT_METRIC_CONDITIONING_20260723\V130_shuffled_prefix_single_basis_RESULT.json; 96_V130_ALPHAQUBIT_METRIC_CONDITIONING_20260723\V130_SUMMARY.json; 96_V130_ALPHAQUBIT_METRIC_CONDITIONING_20260723\v130_summary.slurm; 99_V133_V12_METRIC_AUX_AMPLIFICATION_20260724\v130_metric_conditioned_relational.py; qec_work\wolffe_archive_20260730\extracted\home\22228049\qec_v109_open_source_20260722\audit_v130_metric_join.py; qec_work\wolffe_archive_20260730\extracted\home\22228049\qec_v109_open_source_20260722\summarize_v130.py; qec_work\wolffe_archive_20260730\extracted\home\22228049\qec_v109_open_source_20260722\v130_metric_conditioned_full.slurm; qec_work\wolffe_archive_20260730\extracted\home\22228049\qec_v109_open_source_20260722\v130_metric_conditioned_relational.py; C:\Users\22228049\.codex\qec_work\wolffe_archive_20260730\extracted\home\22228049\qec_v109_open_source_20260722\audit_v130_metric_join.py; C:\Users\22228049\.codex\qec_work\wolffe_archive_20260730\extracted\home\22228049\qec_v109_open_source_20260722\summarize_v130.py; C:\Users\22228049\.codex\qec_work\wolffe_archive_20260730\extracted\home\22228049\qec_v109_open_source_20260722\v130_metric_conditioned_relational.py; C:\Users\22228049\.codex\qec_work\wolffe_archive_20260730\extracted\home\22228049\qec_v109_open_source_20260722\v135_v128_v130_v12_merge.py,measured artifact found; diagnostic/protocol or pending,"Run a frozen, untouched IBM block with V12 fallback; report X/Z/domain confidence intervals before promotion.",normal,not a V12 comparison,MWPM/BP-OSD comparator only when explicitly present; no claim if unavailable,late audit; 101_V135_V12_V128_V130_MERGED_DECODER_20260724\v135_merge_full.slurm; 101_V135_V12_V128_V130_MERGED_DECODER_20260724\v135_merge_smoke.slurm; 101_V135_V12_V128_V130_MERGED_DECODER_20260724\V135_RECORD_20260724.md; 101_V135_V12_V128_V130_MERGED_DECODER_20260724\v135_v128_v130_v12_merge.py; 96_V130_ALPHAQUBIT_METRIC_CONDITIONING_20260723\audit_v130_metric_join.py; 96_V130_ALPHAQUBIT_METRIC_CONDITIONING_20260723\IBM_QEC_ALPHAQUBIT_COMPATIBLE_V12_METRICS_20260722.csv; 96_V130_ALPHAQUBIT_METRIC_CONDITIONING_20260723\summarize_v130.py; 96_V130_ALPHAQUBIT_METRIC_CONDITIONING_20260723\V130_ALPHAQUBIT_METRIC_CONDITIONING_RECORD_20260723.md; 96_V130_ALPHAQUBIT_METRIC_CONDITIONING_20260723\V130_aux_prefix_single_basis_RESULT.json; 96_V130_ALPHAQUBIT_METRIC_CONDITIONING_20260723\V130_both_prefix_single_basis_RESULT.json; 96_V130_ALPHAQUBIT_METRIC_CONDITIONING_20260723\V130_FINAL_RESULT_20260724.md; 96_V130_ALPHAQUBIT_METRIC_CONDITIONING_20260723\v130_metric_conditioned_full.slurm; 96_V130_ALPHAQUBIT_METRIC_CONDITIONING_20260723\v130_metric_conditioned_relational.py; 96_V130_ALPHAQUBIT_METRIC_CONDITIONING_20260723\v130_metric_conditioned_smoke.slurm; 96_V130_ALPHAQUBIT_METRIC_CONDITIONING_20260723\V130_METRIC_JOIN_AUDIT.json; 96_V130_ALPHAQUBIT_METRIC_CONDITIONING_20260723\V130_none_prefix_single_basis_RESULT.json; 96_V130_ALPHAQUBIT_METRIC_CONDITIONING_20260723\V130_prior_prefix_single_basis_RESULT.json; 96_V130_ALPHAQUBIT_METRIC_CONDITIONING_20260723\V130_shuffled_prefix_single_basis_RESULT.json; 96_V130_ALPHAQUBIT_METRIC_CONDITIONING_20260723\V130_SUMMARY.json; 96_V130_ALPHAQUBIT_METRIC_CONDITIONING_20260723\v130_summary.slurm; 99_V133_V12_METRIC_AUX_AMPLIFICATION_20260724\v130_metric_conditioned_relational.py; qec_work\wolffe_archive_20260730\extracted\home\22228049\qec_v109_open_source_20260722\audit_v130_metric_join.py; qec_work\wolffe_archive_20260730\extracted\home\22228049\qec_v109_open_source_20260722\summarize_v130.py; qec_work\wolffe_archive_20260730\extracted\home\22228049\qec_v109_open_source_20260722\v130_metric_conditioned_full.slurm; qec_work\wolffe_archive_20260730\extracted\home\22228049\qec_v109_open_source_20260722\v130_metric_conditioned_relational.py,,,,,,,,QEC_RUN_MATRIX_V1_V392_20260731.csv,Z:\Meetings\Complete\22-7-2026\QEC_AI_PAPER_MASTER_20260717,C:\Users\22228049\.codex\github_publish\hardware-adaptive-qec-ibm,IBM real shots; phenomenological/Stim; correlated/drift; domain/held-out,measured artifact,diagnostic/not promoted,Version V130 retained with original matrix fields; no missing fields were inferred.
V131,G2_MPNN_GNN_graph,MWPM/PyMatching; neural/ML; graph/DEM; calibration/drift; ensemble/consensus; postselection/gate; geometry/FAISS,soft/LLR or analog; hard syndrome; calibration/backend metadata,IBM real shots; phenomenological/Stim; domain/held-out,7/,unavailable,meta[:; int; Domain; = basis) & (domain.mwpm != domain.v12)); = basis,unavailable,unavailable,unavailable,unavailable,97_V131_EXTERNAL_QEC_MODEL_TRANSFER_20260723\EXTERNAL_QEC_ARTIFACT_DEEP_AUDIT_20260723.md; 97_V131_EXTERNAL_QEC_MODEL_TRANSFER_20260723\v131_ntu_foundation_transfer.py; 97_V131_EXTERNAL_QEC_MODEL_TRANSFER_20260723\V131_NTU_FOUNDATION_TRANSFER_RECORD_20260723.md; 97_V131_EXTERNAL_QEC_MODEL_TRANSFER_20260723\v131_ntu_full.slurm; 97_V131_EXTERNAL_QEC_MODEL_TRANSFER_20260723\v131_ntu_smoke.slurm; qec_work\wolffe_archive_20260730\extracted\home\22228049\qec_v109_open_source_20260722\v131_ntu_foundation_transfer.py; qec_work\wolffe_archive_20260730\extracted\home\22228049\qec_v109_open_source_20260722\v131_ntu_full.slurm; qec_work\wolffe_archive_20260730\extracted\home\22228049\qec_v109_open_source_20260722\v131_ntu_smoke.slurm; qec_work\wolffe_archive_20260730\extracted\home\22228049\qec_v109_open_source_20260722\logs\v131_52034_0.err; qec_work\wolffe_archive_20260730\extracted\home\22228049\qec_v109_open_source_20260722\logs\v131_52034_0.out; qec_work\wolffe_archive_20260730\extracted\home\22228049\qec_v109_open_source_20260722\logs\v131_52034_1.err; qec_work\wolffe_archive_20260730\extracted\home\22228049\qec_v109_open_source_20260722\logs\v131_52034_1.out; qec_work\wolffe_archive_20260730\extracted\home\22228049\qec_v109_open_source_20260722\logs\v131_52034_2.err; qec_work\wolffe_archive_20260730\extracted\home\22228049\qec_v109_open_source_20260722\logs\v131_52034_2.out; qec_work\wolffe_archive_20260730\extracted\home\22228049\qec_v109_open_source_20260722\logs\v131_smoke_52018_0.err; qec_work\wolffe_archive_20260730\extracted\home\22228049\qec_v109_open_source_20260722\logs\v131_smoke_52018_0.out; qec_work\wolffe_archive_20260730\extracted\home\22228049\qec_v109_open_source_20260722\logs\v131_smoke_52018_1.err; qec_work\wolffe_archive_20260730\extracted\home\22228049\qec_v109_open_source_20260722\logs\v131_smoke_52018_1.out; qec_work\wolffe_archive_20260730\extracted\home\22228049\qec_v109_open_source_20260722\logs\v131_smoke_52018_2.err; qec_work\wolffe_archive_20260730\extracted\home\22228049\qec_v109_open_source_20260722\logs\v131_smoke_52018_2.out; qec_work\wolffe_archive_20260730\extracted\home\22228049\qec_v109_open_source_20260722\logs\v131_smoke_52033_0.err; qec_work\wolffe_archive_20260730\extracted\home\22228049\qec_v109_open_source_20260722\logs\v131_smoke_52033_0.out; qec_work\wolffe_archive_20260730\extracted\home\22228049\qec_v109_open_source_20260722\logs\v131_smoke_52033_1.err; qec_work\wolffe_archive_20260730\extracted\home\22228049\qec_v109_open_source_20260722\logs\v131_smoke_52033_1.out; qec_work\wolffe_archive_20260730\extracted\home\22228049\qec_v109_open_source_20260722\logs\v131_smoke_52033_2.err; C:\Users\22228049\.codex\qec_work\wolffe_archive_20260730\extracted\home\22228049\qec_v109_open_source_20260722\v131_ntu_foundation_transfer.py,measured artifact found; diagnostic/protocol or pending,"Run a frozen, untouched IBM block with V12 fallback; report X/Z/domain confidence intervals before promotion.",normal,not a V12 comparison,MWPM/BP-OSD comparator only when explicitly present; no claim if unavailable,late audit; 97_V131_EXTERNAL_QEC_MODEL_TRANSFER_20260723\EXTERNAL_QEC_ARTIFACT_DEEP_AUDIT_20260723.md; 97_V131_EXTERNAL_QEC_MODEL_TRANSFER_20260723\v131_ntu_foundation_transfer.py; 97_V131_EXTERNAL_QEC_MODEL_TRANSFER_20260723\V131_NTU_FOUNDATION_TRANSFER_RECORD_20260723.md; 97_V131_EXTERNAL_QEC_MODEL_TRANSFER_20260723\v131_ntu_full.slurm; 97_V131_EXTERNAL_QEC_MODEL_TRANSFER_20260723\v131_ntu_smoke.slurm; qec_work\wolffe_archive_20260730\extracted\home\22228049\qec_v109_open_source_20260722\v131_ntu_foundation_transfer.py; qec_work\wolffe_archive_20260730\extracted\home\22228049\qec_v109_open_source_20260722\v131_ntu_full.slurm; qec_work\wolffe_archive_20260730\extracted\home\22228049\qec_v109_open_source_20260722\v131_ntu_smoke.slurm; qec_work\wolffe_archive_20260730\extracted\home\22228049\qec_v109_open_source_20260722\logs\v131_52034_0.err; qec_work\wolffe_archive_20260730\extracted\home\22228049\qec_v109_open_source_20260722\logs\v131_52034_0.out; qec_work\wolffe_archive_20260730\extracted\home\22228049\qec_v109_open_source_20260722\logs\v131_52034_1.err; qec_work\wolffe_archive_20260730\extracted\home\22228049\qec_v109_open_source_20260722\logs\v131_52034_1.out; qec_work\wolffe_archive_20260730\extracted\home\22228049\qec_v109_open_source_20260722\logs\v131_52034_2.err; qec_work\wolffe_archive_20260730\extracted\home\22228049\qec_v109_open_source_20260722\logs\v131_52034_2.out; qec_work\wolffe_archive_20260730\extracted\home\22228049\qec_v109_open_source_20260722\logs\v131_smoke_52018_0.err; qec_work\wolffe_archive_20260730\extracted\home\22228049\qec_v109_open_source_20260722\logs\v131_smoke_52018_0.out; qec_work\wolffe_archive_20260730\extracted\home\22228049\qec_v109_open_source_20260722\logs\v131_smoke_52018_1.err; qec_work\wolffe_archive_20260730\extracted\home\22228049\qec_v109_open_source_20260722\logs\v131_smoke_52018_1.out; qec_work\wolffe_archive_20260730\extracted\home\22228049\qec_v109_open_source_20260722\logs\v131_smoke_52018_2.err; qec_work\wolffe_archive_20260730\extracted\home\22228049\qec_v109_open_source_20260722\logs\v131_smoke_52018_2.out; qec_work\wolffe_archive_20260730\extracted\home\22228049\qec_v109_open_source_20260722\logs\v131_smoke_52033_0.err; qec_work\wolffe_archive_20260730\extracted\home\22228049\qec_v109_open_source_20260722\logs\v131_smoke_52033_0.out; qec_work\wolffe_archive_20260730\extracted\home\22228049\qec_v109_open_source_20260722\logs\v131_smoke_52033_1.err; qec_work\wolffe_archive_20260730\extracted\home\22228049\qec_v109_open_source_20260722\logs\v131_smoke_52033_1.out; qec_work\wolffe_archive_20260730\extracted\home\22228049\qec_v109_open_source_20260722\logs\v131_smoke_52033_2.err,,,,,,,,QEC_RUN_MATRIX_V1_V392_20260731.csv,Z:\Meetings\Complete\22-7-2026\QEC_AI_PAPER_MASTER_20260717,C:\Users\22228049\.codex\github_publish\hardware-adaptive-qec-ibm,IBM real shots; phenomenological/Stim; domain/held-out,measured artifact,diagnostic/not promoted,Version V131 retained with original matrix fields; no missing fields were inferred.
V132,G2_MPNN_GNN_graph,neural/ML; graph/DEM; calibration/drift; ensemble/consensus; postselection/gate,soft/LLR or analog; hard syndrome; calibration/backend metadata,IBM real shots; phenomenological/Stim; correlated/drift; domain/held-out,3/,unavailable,= d)) for d in np.unique(data.domain)}; = basis; = basis].copy()),unavailable,unavailable,unavailable,unavailable,98_V132_STRUCTURAL_PATHFINDER_FUSION_20260724\v132_fusion_full.slurm; 98_V132_STRUCTURAL_PATHFINDER_FUSION_20260724\v132_fusion_smoke.slurm; 98_V132_STRUCTURAL_PATHFINDER_FUSION_20260724\V132_RECORD_20260724.md; 98_V132_STRUCTURAL_PATHFINDER_FUSION_20260724\v132_structural_pathfinder_fusion.py; qec_work\wolffe_archive_20260730\extracted\home\22228049\qec_v109_open_source_20260722\v132_fusion_full.slurm; qec_work\wolffe_archive_20260730\extracted\home\22228049\qec_v109_open_source_20260722\v132_fusion_smoke.slurm; qec_work\wolffe_archive_20260730\extracted\home\22228049\qec_v109_open_source_20260722\v132_structural_pathfinder_fusion.py; qec_work\wolffe_archive_20260730\extracted\home\22228049\qec_v109_open_source_20260722\logs\v132_52040_0.err; qec_work\wolffe_archive_20260730\extracted\home\22228049\qec_v109_open_source_20260722\logs\v132_52040_0.out; qec_work\wolffe_archive_20260730\extracted\home\22228049\qec_v109_open_source_20260722\logs\v132_52040_1.err; qec_work\wolffe_archive_20260730\extracted\home\22228049\qec_v109_open_source_20260722\logs\v132_52040_1.out; qec_work\wolffe_archive_20260730\extracted\home\22228049\qec_v109_open_source_20260722\logs\v132_52040_2.err; qec_work\wolffe_archive_20260730\extracted\home\22228049\qec_v109_open_source_20260722\logs\v132_52040_2.out; qec_work\wolffe_archive_20260730\extracted\home\22228049\qec_v109_open_source_20260722\logs\v132_52040_3.err; qec_work\wolffe_archive_20260730\extracted\home\22228049\qec_v109_open_source_20260722\logs\v132_52040_3.out; qec_work\wolffe_archive_20260730\extracted\home\22228049\qec_v109_open_source_20260722\logs\v132_smoke_52039_0.err; qec_work\wolffe_archive_20260730\extracted\home\22228049\qec_v109_open_source_20260722\logs\v132_smoke_52039_0.out; qec_work\wolffe_archive_20260730\extracted\home\22228049\qec_v109_open_source_20260722\logs\v132_smoke_52039_1.err; qec_work\wolffe_archive_20260730\extracted\home\22228049\qec_v109_open_source_20260722\logs\v132_smoke_52039_1.out; qec_work\wolffe_archive_20260730\extracted\home\22228049\qec_v109_open_source_20260722\logs\v132_smoke_52039_2.err; qec_work\wolffe_archive_20260730\extracted\home\22228049\qec_v109_open_source_20260722\logs\v132_smoke_52039_2.out; qec_work\wolffe_archive_20260730\extracted\home\22228049\qec_v109_open_source_20260722\logs\v132_smoke_52039_3.err; qec_work\wolffe_archive_20260730\extracted\home\22228049\qec_v109_open_source_20260722\logs\v132_smoke_52039_3.out; C:\Users\22228049\.codex\qec_work\wolffe_archive_20260730\extracted\home\22228049\qec_v109_open_source_20260722\v132_structural_pathfinder_fusion.py,measured artifact found; diagnostic/protocol or pending,"Run a frozen, untouched IBM block with V12 fallback; report X/Z/domain confidence intervals before promotion.",normal,not a V12 comparison,MWPM/BP-OSD comparator only when explicitly present; no claim if unavailable,late audit; 98_V132_STRUCTURAL_PATHFINDER_FUSION_20260724\v132_fusion_full.slurm; 98_V132_STRUCTURAL_PATHFINDER_FUSION_20260724\v132_fusion_smoke.slurm; 98_V132_STRUCTURAL_PATHFINDER_FUSION_20260724\V132_RECORD_20260724.md; 98_V132_STRUCTURAL_PATHFINDER_FUSION_20260724\v132_structural_pathfinder_fusion.py; qec_work\wolffe_archive_20260730\extracted\home\22228049\qec_v109_open_source_20260722\v132_fusion_full.slurm; qec_work\wolffe_archive_20260730\extracted\home\22228049\qec_v109_open_source_20260722\v132_fusion_smoke.slurm; qec_work\wolffe_archive_20260730\extracted\home\22228049\qec_v109_open_source_20260722\v132_structural_pathfinder_fusion.py; qec_work\wolffe_archive_20260730\extracted\home\22228049\qec_v109_open_source_20260722\logs\v132_52040_0.err; qec_work\wolffe_archive_20260730\extracted\home\22228049\qec_v109_open_source_20260722\logs\v132_52040_0.out; qec_work\wolffe_archive_20260730\extracted\home\22228049\qec_v109_open_source_20260722\logs\v132_52040_1.err; qec_work\wolffe_archive_20260730\extracted\home\22228049\qec_v109_open_source_20260722\logs\v132_52040_1.out; qec_work\wolffe_archive_20260730\extracted\home\22228049\qec_v109_open_source_20260722\logs\v132_52040_2.err; qec_work\wolffe_archive_20260730\extracted\home\22228049\qec_v109_open_source_20260722\logs\v132_52040_2.out; qec_work\wolffe_archive_20260730\extracted\home\22228049\qec_v109_open_source_20260722\logs\v132_52040_3.err; qec_work\wolffe_archive_20260730\extracted\home\22228049\qec_v109_open_source_20260722\logs\v132_52040_3.out; qec_work\wolffe_archive_20260730\extracted\home\22228049\qec_v109_open_source_20260722\logs\v132_smoke_52039_0.err; qec_work\wolffe_archive_20260730\extracted\home\22228049\qec_v109_open_source_20260722\logs\v132_smoke_52039_0.out; qec_work\wolffe_archive_20260730\extracted\home\22228049\qec_v109_open_source_20260722\logs\v132_smoke_52039_1.err; qec_work\wolffe_archive_20260730\extracted\home\22228049\qec_v109_open_source_20260722\logs\v132_smoke_52039_1.out; qec_work\wolffe_archive_20260730\extracted\home\22228049\qec_v109_open_source_20260722\logs\v132_smoke_52039_2.err; qec_work\wolffe_archive_20260730\extracted\home\22228049\qec_v109_open_source_20260722\logs\v132_smoke_52039_2.out; qec_work\wolffe_archive_20260730\extracted\home\22228049\qec_v109_open_source_20260722\logs\v132_smoke_52039_3.err; qec_work\wolffe_archive_20260730\extracted\home\22228049\qec_v109_open_source_20260722\logs\v132_smoke_52039_3.out,,,,,,,,QEC_RUN_MATRIX_V1_V392_20260731.csv,Z:\Meetings\Complete\22-7-2026\QEC_AI_PAPER_MASTER_20260717,C:\Users\22228049\.codex\github_publish\hardware-adaptive-qec-ibm,IBM real shots; phenomenological/Stim; correlated/drift; domain/held-out,measured artifact,diagnostic/not promoted,Version V132 retained with original matrix fields; no missing fields were inferred.
V133,G2_MPNN_GNN_graph,calibration/drift; postselection/gate,calibration/backend metadata,correlated/drift; domain/held-out,unavailable,unavailable,"row[""Basis""].strip().upper() | ""error"": self._pct(row.get(""Full_Circuit_Error_Pe",unavailable,unavailable,unavailable,unavailable,99_V133_V12_METRIC_AUX_AMPLIFICATION_20260724\v130_metric_conditioned_relational.py; 99_V133_V12_METRIC_AUX_AMPLIFICATION_20260724\V133_RECORD_20260724.md; 99_V133_V12_METRIC_AUX_AMPLIFICATION_20260724\v133_v12_aux_amplification.slurm; 99_V133_V12_METRIC_AUX_AMPLIFICATION_20260724\v133_v12_aux_smoke.slurm; QEC_BIG_PICTURE_REVIEW_AND_PRIORITY_ROADMAP_V1_V133_20260724.md; qec_work\wolffe_archive_20260730\extracted\home\22228049\qec_v109_open_source_20260722\QEC_BIG_PICTURE_REVIEW_AND_PRIORITY_ROADMAP_V1_V133_20260724.md; qec_work\wolffe_archive_20260730\extracted\home\22228049\qec_v109_open_source_20260722\v133_v12_aux_amplification.slurm; qec_work\wolffe_archive_20260730\extracted\home\22228049\qec_v109_open_source_20260722\v133_v12_aux_smoke.slurm; qec_work\wolffe_archive_20260730\extracted\home\22228049\qec_v109_open_source_20260722\logs\v133_52043_0.err; qec_work\wolffe_archive_20260730\extracted\home\22228049\qec_v109_open_source_20260722\logs\v133_52043_0.out; qec_work\wolffe_archive_20260730\extracted\home\22228049\qec_v109_open_source_20260722\logs\v133_52043_1.err; qec_work\wolffe_archive_20260730\extracted\home\22228049\qec_v109_open_source_20260722\logs\v133_52043_1.out; qec_work\wolffe_archive_20260730\extracted\home\22228049\qec_v109_open_source_20260722\logs\v133_52043_10.err; qec_work\wolffe_archive_20260730\extracted\home\22228049\qec_v109_open_source_20260722\logs\v133_52043_10.out; qec_work\wolffe_archive_20260730\extracted\home\22228049\qec_v109_open_source_20260722\logs\v133_52043_11.err; qec_work\wolffe_archive_20260730\extracted\home\22228049\qec_v109_open_source_20260722\logs\v133_52043_11.out; qec_work\wolffe_archive_20260730\extracted\home\22228049\qec_v109_open_source_20260722\logs\v133_52043_2.err; qec_work\wolffe_archive_20260730\extracted\home\22228049\qec_v109_open_source_20260722\logs\v133_52043_2.out; qec_work\wolffe_archive_20260730\extracted\home\22228049\qec_v109_open_source_20260722\logs\v133_52043_3.err; qec_work\wolffe_archive_20260730\extracted\home\22228049\qec_v109_open_source_20260722\logs\v133_52043_3.out; qec_work\wolffe_archive_20260730\extracted\home\22228049\qec_v109_open_source_20260722\logs\v133_52043_4.err; qec_work\wolffe_archive_20260730\extracted\home\22228049\qec_v109_open_source_20260722\logs\v133_52043_4.out; qec_work\wolffe_archive_20260730\extracted\home\22228049\qec_v109_open_source_20260722\logs\v133_52043_5.err; qec_work\wolffe_archive_20260730\extracted\home\22228049\qec_v109_open_source_20260722\logs\v133_52043_5.out; qec_work\wolffe_archive_20260730\extracted\home\22228049\qec_v109_open_source_20260722\logs\v133_52043_6.err,measured artifact found; diagnostic/protocol or pending,"Run a frozen, untouched IBM block with V12 fallback; report X/Z/domain confidence intervals before promotion.",normal,not a V12 comparison,MWPM/BP-OSD comparator only when explicitly present; no claim if unavailable,late audit; 99_V133_V12_METRIC_AUX_AMPLIFICATION_20260724\v130_metric_conditioned_relational.py; 99_V133_V12_METRIC_AUX_AMPLIFICATION_20260724\V133_RECORD_20260724.md; 99_V133_V12_METRIC_AUX_AMPLIFICATION_20260724\v133_v12_aux_amplification.slurm; 99_V133_V12_METRIC_AUX_AMPLIFICATION_20260724\v133_v12_aux_smoke.slurm; QEC_BIG_PICTURE_REVIEW_AND_PRIORITY_ROADMAP_V1_V133_20260724.md; qec_work\wolffe_archive_20260730\extracted\home\22228049\qec_v109_open_source_20260722\QEC_BIG_PICTURE_REVIEW_AND_PRIORITY_ROADMAP_V1_V133_20260724.md; qec_work\wolffe_archive_20260730\extracted\home\22228049\qec_v109_open_source_20260722\v133_v12_aux_amplification.slurm; qec_work\wolffe_archive_20260730\extracted\home\22228049\qec_v109_open_source_20260722\v133_v12_aux_smoke.slurm; qec_work\wolffe_archive_20260730\extracted\home\22228049\qec_v109_open_source_20260722\logs\v133_52043_0.err; qec_work\wolffe_archive_20260730\extracted\home\22228049\qec_v109_open_source_20260722\logs\v133_52043_0.out; qec_work\wolffe_archive_20260730\extracted\home\22228049\qec_v109_open_source_20260722\logs\v133_52043_1.err; qec_work\wolffe_archive_20260730\extracted\home\22228049\qec_v109_open_source_20260722\logs\v133_52043_1.out; qec_work\wolffe_archive_20260730\extracted\home\22228049\qec_v109_open_source_20260722\logs\v133_52043_10.err; qec_work\wolffe_archive_20260730\extracted\home\22228049\qec_v109_open_source_20260722\logs\v133_52043_10.out; qec_work\wolffe_archive_20260730\extracted\home\22228049\qec_v109_open_source_20260722\logs\v133_52043_11.err; qec_work\wolffe_archive_20260730\extracted\home\22228049\qec_v109_open_source_20260722\logs\v133_52043_11.out; qec_work\wolffe_archive_20260730\extracted\home\22228049\qec_v109_open_source_20260722\logs\v133_52043_2.err; qec_work\wolffe_archive_20260730\extracted\home\22228049\qec_v109_open_source_20260722\logs\v133_52043_2.out; qec_work\wolffe_archive_20260730\extracted\home\22228049\qec_v109_open_source_20260722\logs\v133_52043_3.err; qec_work\wolffe_archive_20260730\extracted\home\22228049\qec_v109_open_source_20260722\logs\v133_52043_3.out; qec_work\wolffe_archive_20260730\extracted\home\22228049\qec_v109_open_source_20260722\logs\v133_52043_4.err; qec_work\wolffe_archive_20260730\extracted\home\22228049\qec_v109_open_source_20260722\logs\v133_52043_4.out; qec_work\wolffe_archive_20260730\extracted\home\22228049\qec_v109_open_source_20260722\logs\v133_52043_5.err; qec_work\wolffe_archive_20260730\extracted\home\22228049\qec_v109_open_source_20260722\logs\v133_52043_5.out; qec_work\wolffe_archive_20260730\extracted\home\22228049\qec_v109_open_source_20260722\logs\v133_52043_6.err,,,,,,,,QEC_RUN_MATRIX_V1_V392_20260731.csv,Z:\Meetings\Complete\22-7-2026\QEC_AI_PAPER_MASTER_20260717,C:\Users\22228049\.codex\github_publish\hardware-adaptive-qec-ibm,correlated/drift; domain/held-out,measured artifact,diagnostic/not promoted,Version V133 retained with original matrix fields; no missing fields were inferred.
V134,G2_MPNN_GNN_graph,MWPM/PyMatching; neural/ML; calibration/drift; postselection/gate,soft/LLR or analog; hard syndrome; calibration/backend metadata,IBM real shots; correlated/drift; domain/held-out,unavailable,unavailable,unavailable,unavailable,unavailable,unavailable,+0.33267 pp; +0.37252 pp; +0.32424 pp,100_V134_QWEN_CROSS_VERSION_RESULT_ANALYST_20260724\v134_qwen_result_analyst.py; 100_V134_QWEN_CROSS_VERSION_RESULT_ANALYST_20260724\v134_qwen_result_analyst.slurm; 100_V134_QWEN_CROSS_VERSION_RESULT_ANALYST_20260724\V134_RECORD_20260724.md; qec_work\wolffe_archive_20260730\extracted\home\22228049\qec_v109_open_source_20260722\v134_qwen_result_analyst.py; qec_work\wolffe_archive_20260730\extracted\home\22228049\qec_v109_open_source_20260722\v134_qwen_result_analyst.slurm; qec_work\wolffe_archive_20260730\extracted\home\22228049\qec_v109_open_source_20260722\logs\v134_52080.err; qec_work\wolffe_archive_20260730\extracted\home\22228049\qec_v109_open_source_20260722\logs\v134_52080.out; C:\Users\22228049\.codex\qec_work\wolffe_archive_20260730\extracted\home\22228049\qec_v109_open_source_20260722\v134_qwen_result_analyst.py,measured artifact found; diagnostic/protocol or pending,"Run a frozen, untouched IBM block with V12 fallback; report X/Z/domain confidence intervals before promotion.",normal,not a V12 comparison,MWPM/BP-OSD comparator only when explicitly present; no claim if unavailable,late audit; 100_V134_QWEN_CROSS_VERSION_RESULT_ANALYST_20260724\v134_qwen_result_analyst.py; 100_V134_QWEN_CROSS_VERSION_RESULT_ANALYST_20260724\v134_qwen_result_analyst.slurm; 100_V134_QWEN_CROSS_VERSION_RESULT_ANALYST_20260724\V134_RECORD_20260724.md; qec_work\wolffe_archive_20260730\extracted\home\22228049\qec_v109_open_source_20260722\v134_qwen_result_analyst.py; qec_work\wolffe_archive_20260730\extracted\home\22228049\qec_v109_open_source_20260722\v134_qwen_result_analyst.slurm; qec_work\wolffe_archive_20260730\extracted\home\22228049\qec_v109_open_source_20260722\logs\v134_52080.err; qec_work\wolffe_archive_20260730\extracted\home\22228049\qec_v109_open_source_20260722\logs\v134_52080.out,,,,,,,,QEC_RUN_MATRIX_V1_V392_20260731.csv,Z:\Meetings\Complete\22-7-2026\QEC_AI_PAPER_MASTER_20260717,C:\Users\22228049\.codex\github_publish\hardware-adaptive-qec-ibm,IBM real shots; correlated/drift; domain/held-out,measured artifact,diagnostic/not promoted,Version V134 retained with original matrix fields; no missing fields were inferred.
V135,G2_MPNN_GNN_graph,neural/ML; graph/DEM; calibration/drift; ensemble/consensus; postselection/gate,soft/LLR or analog; hard syndrome; calibration/backend metadata,IBM real shots; domain/held-out,unavailable,+0.37252 pp; +0.32424 pp,= d)) for d in np.unique(data.domain)}; domains[held],unavailable,unavailable,unavailable,unavailable,101_V135_V12_V128_V130_MERGED_DECODER_20260724\v135_merge_full.slurm; 101_V135_V12_V128_V130_MERGED_DECODER_20260724\v135_merge_smoke.slurm; 101_V135_V12_V128_V130_MERGED_DECODER_20260724\V135_RECORD_20260724.md; 101_V135_V12_V128_V130_MERGED_DECODER_20260724\v135_v128_v130_v12_merge.py; GITHUB_ALL_VERSIONS_V1_V135_20260724.md; qec_work\wolffe_archive_20260730\extracted\home\22228049\qec_v109_open_source_20260722\v135_merge_full.slurm; qec_work\wolffe_archive_20260730\extracted\home\22228049\qec_v109_open_source_20260722\v135_merge_full_h200.slurm; qec_work\wolffe_archive_20260730\extracted\home\22228049\qec_v109_open_source_20260722\v135_merge_smoke.slurm; qec_work\wolffe_archive_20260730\extracted\home\22228049\qec_v109_open_source_20260722\v135_v128_v130_v12_merge.py; qec_work\wolffe_archive_20260730\extracted\home\22228049\qec_v109_open_source_20260722\logs\v135_52085_0.err; qec_work\wolffe_archive_20260730\extracted\home\22228049\qec_v109_open_source_20260722\logs\v135_52085_0.out; qec_work\wolffe_archive_20260730\extracted\home\22228049\qec_v109_open_source_20260722\logs\v135_52085_1.err; qec_work\wolffe_archive_20260730\extracted\home\22228049\qec_v109_open_source_20260722\logs\v135_52085_1.out; qec_work\wolffe_archive_20260730\extracted\home\22228049\qec_v109_open_source_20260722\logs\v135_52085_2.err; qec_work\wolffe_archive_20260730\extracted\home\22228049\qec_v109_open_source_20260722\logs\v135_52085_2.out; qec_work\wolffe_archive_20260730\extracted\home\22228049\qec_v109_open_source_20260722\logs\v135_52730_2.err; qec_work\wolffe_archive_20260730\extracted\home\22228049\qec_v109_open_source_20260722\logs\v135_52730_2.out; qec_work\wolffe_archive_20260730\extracted\home\22228049\qec_v109_open_source_20260722\logs\v135_52739_2.err; qec_work\wolffe_archive_20260730\extracted\home\22228049\qec_v109_open_source_20260722\logs\v135_52739_2.out; qec_work\wolffe_archive_20260730\extracted\home\22228049\qec_v109_open_source_20260722\logs\v135_smoke_52084_0.err; qec_work\wolffe_archive_20260730\extracted\home\22228049\qec_v109_open_source_20260722\logs\v135_smoke_52084_0.out; qec_work\wolffe_archive_20260730\extracted\home\22228049\qec_v109_open_source_20260722\logs\v135_smoke_52084_1.err; qec_work\wolffe_archive_20260730\extracted\home\22228049\qec_v109_open_source_20260722\logs\v135_smoke_52084_1.out; qec_work\wolffe_archive_20260730\extracted\home\22228049\qec_v109_open_source_20260722\logs\v135_smoke_52084_2.err; qec_work\wolffe_archive_20260730\extracted\home\22228049\qec_v109_open_source_20260722\logs\v135_smoke_52084_2.out; C:\Users\22228049\.codex\qec_work\wolffe_archive_20260730\extracted\home\22228049\qec_v109_open_source_20260722\v135_v128_v130_v12_merge.py,measured artifact found; diagnostic/protocol or pending,"Run a frozen, untouched IBM block with V12 fallback; report X/Z/domain confidence intervals before promotion.",normal,not a V12 comparison,MWPM/BP-OSD comparator only when explicitly present; no claim if unavailable,late audit; 101_V135_V12_V128_V130_MERGED_DECODER_20260724\v135_merge_full.slurm; 101_V135_V12_V128_V130_MERGED_DECODER_20260724\v135_merge_smoke.slurm; 101_V135_V12_V128_V130_MERGED_DECODER_20260724\V135_RECORD_20260724.md; 101_V135_V12_V128_V130_MERGED_DECODER_20260724\v135_v128_v130_v12_merge.py; GITHUB_ALL_VERSIONS_V1_V135_20260724.md; qec_work\wolffe_archive_20260730\extracted\home\22228049\qec_v109_open_source_20260722\v135_merge_full.slurm; qec_work\wolffe_archive_20260730\extracted\home\22228049\qec_v109_open_source_20260722\v135_merge_full_h200.slurm; qec_work\wolffe_archive_20260730\extracted\home\22228049\qec_v109_open_source_20260722\v135_merge_smoke.slurm; qec_work\wolffe_archive_20260730\extracted\home\22228049\qec_v109_open_source_20260722\v135_v128_v130_v12_merge.py; qec_work\wolffe_archive_20260730\extracted\home\22228049\qec_v109_open_source_20260722\logs\v135_52085_0.err; qec_work\wolffe_archive_20260730\extracted\home\22228049\qec_v109_open_source_20260722\logs\v135_52085_0.out; qec_work\wolffe_archive_20260730\extracted\home\22228049\qec_v109_open_source_20260722\logs\v135_52085_1.err; qec_work\wolffe_archive_20260730\extracted\home\22228049\qec_v109_open_source_20260722\logs\v135_52085_1.out; qec_work\wolffe_archive_20260730\extracted\home\22228049\qec_v109_open_source_20260722\logs\v135_52085_2.err; qec_work\wolffe_archive_20260730\extracted\home\22228049\qec_v109_open_source_20260722\logs\v135_52085_2.out; qec_work\wolffe_archive_20260730\extracted\home\22228049\qec_v109_open_source_20260722\logs\v135_52730_2.err; qec_work\wolffe_archive_20260730\extracted\home\22228049\qec_v109_open_source_20260722\logs\v135_52730_2.out; qec_work\wolffe_archive_20260730\extracted\home\22228049\qec_v109_open_source_20260722\logs\v135_52739_2.err; qec_work\wolffe_archive_20260730\extracted\home\22228049\qec_v109_open_source_20260722\logs\v135_52739_2.out; qec_work\wolffe_archive_20260730\extracted\home\22228049\qec_v109_open_source_20260722\logs\v135_smoke_52084_0.err; qec_work\wolffe_archive_20260730\extracted\home\22228049\qec_v109_open_source_20260722\logs\v135_smoke_52084_0.out; qec_work\wolffe_archive_20260730\extracted\home\22228049\qec_v109_open_source_20260722\logs\v135_smoke_52084_1.err; qec_work\wolffe_archive_20260730\extracted\home\22228049\qec_v109_open_source_20260722\logs\v135_smoke_52084_1.out; qec_work\wolffe_archive_20260730\extracted\home\22228049\qec_v109_open_source_20260722\logs\v135_smoke_52084_2.err; qec_work\wolffe_archive_20260730\extracted\home\22228049\qec_v109_open_source_20260722\logs\v135_smoke_52084_2.out,,,,,,,,QEC_RUN_MATRIX_V1_V392_20260731.csv,Z:\Meetings\Complete\22-7-2026\QEC_AI_PAPER_MASTER_20260717,C:\Users\22228049\.codex\github_publish\hardware-adaptive-qec-ibm,IBM real shots; domain/held-out,measured artifact,diagnostic/not promoted,Version V135 retained with original matrix fields; no missing fields were inferred.
V136,G2_MPNN_GNN_graph,neural/ML; graph/DEM; calibration/drift; ensemble/consensus; postselection/gate,soft/LLR or analog; hard syndrome; calibration/backend metadata,IBM real shots; phenomenological/Stim; domain/held-out,unavailable,unavailable,= d)) for d in np.unique(data.domain)}; domains[held],unavailable,unavailable,unavailable,unavailable,102_V136_RELATIONAL_STRUCTURAL_SAFETY_ROUTER_20260724\V136_CORRECTION_20260724.md; 102_V136_RELATIONAL_STRUCTURAL_SAFETY_ROUTER_20260724\V136_RECORD_20260724.md; 102_V136_RELATIONAL_STRUCTURAL_SAFETY_ROUTER_20260724\v136_relational_structural_safety_router.py; 102_V136_RELATIONAL_STRUCTURAL_SAFETY_ROUTER_20260724\v136_safety_router_full.slurm; 102_V136_RELATIONAL_STRUCTURAL_SAFETY_ROUTER_20260724\v136_safety_router_smoke.slurm; GITHUB_ALL_VERSIONS_V1_V136_20260724.md; GITHUB_PRELIMINARY_RESULTS_V1_V136_20260724.md; GITHUB_README_V1_V136_20260724.md; qec_work\wolffe_archive_20260730\extracted\home\22228049\qec_v109_open_source_20260722\v136_h200_preflight.slurm; qec_work\wolffe_archive_20260730\extracted\home\22228049\qec_v109_open_source_20260722\v136_relational_structural_safety_router.py; qec_work\wolffe_archive_20260730\extracted\home\22228049\qec_v109_open_source_20260722\v136_safety_router_full.slurm; qec_work\wolffe_archive_20260730\extracted\home\22228049\qec_v109_open_source_20260722\v136_safety_router_full_h200.slurm; qec_work\wolffe_archive_20260730\extracted\home\22228049\qec_v109_open_source_20260722\v136_safety_router_smoke.slurm; qec_work\wolffe_archive_20260730\extracted\home\22228049\qec_v109_open_source_20260722\v136_safety_router_smoke_h200.slurm; qec_work\wolffe_archive_20260730\extracted\home\22228049\qec_v109_open_source_20260722\logs\v136_52723_0.err; qec_work\wolffe_archive_20260730\extracted\home\22228049\qec_v109_open_source_20260722\logs\v136_52723_0.out; qec_work\wolffe_archive_20260730\extracted\home\22228049\qec_v109_open_source_20260722\logs\v136_52723_1.err; qec_work\wolffe_archive_20260730\extracted\home\22228049\qec_v109_open_source_20260722\logs\v136_52723_1.out; qec_work\wolffe_archive_20260730\extracted\home\22228049\qec_v109_open_source_20260722\logs\v136_52723_2.err; qec_work\wolffe_archive_20260730\extracted\home\22228049\qec_v109_open_source_20260722\logs\v136_52723_2.out; qec_work\wolffe_archive_20260730\extracted\home\22228049\qec_v109_open_source_20260722\logs\v136_h200test_52717.err; qec_work\wolffe_archive_20260730\extracted\home\22228049\qec_v109_open_source_20260722\logs\v136_h200test_52717.out; qec_work\wolffe_archive_20260730\extracted\home\22228049\qec_v109_open_source_20260722\logs\v136_h200test_52718.err; qec_work\wolffe_archive_20260730\extracted\home\22228049\qec_v109_open_source_20260722\logs\v136_h200test_52718.out; qec_work\wolffe_archive_20260730\extracted\home\22228049\qec_v109_open_source_20260722\logs\v136_smoke_52277_0.err; C:\Users\22228049\.codex\qec_work\wolffe_archive_20260730\extracted\home\22228049\qec_v109_open_source_20260722\v136_relational_structural_safety_router.py,measured artifact found; diagnostic/protocol or pending,"Run a frozen, untouched IBM block with V12 fallback; report X/Z/domain confidence intervals before promotion.",normal,not a V12 comparison,MWPM/BP-OSD comparator only when explicitly present; no claim if unavailable,late audit; 102_V136_RELATIONAL_STRUCTURAL_SAFETY_ROUTER_20260724\V136_CORRECTION_20260724.md; 102_V136_RELATIONAL_STRUCTURAL_SAFETY_ROUTER_20260724\V136_RECORD_20260724.md; 102_V136_RELATIONAL_STRUCTURAL_SAFETY_ROUTER_20260724\v136_relational_structural_safety_router.py; 102_V136_RELATIONAL_STRUCTURAL_SAFETY_ROUTER_20260724\v136_safety_router_full.slurm; 102_V136_RELATIONAL_STRUCTURAL_SAFETY_ROUTER_20260724\v136_safety_router_smoke.slurm; GITHUB_ALL_VERSIONS_V1_V136_20260724.md; GITHUB_PRELIMINARY_RESULTS_V1_V136_20260724.md; GITHUB_README_V1_V136_20260724.md; qec_work\wolffe_archive_20260730\extracted\home\22228049\qec_v109_open_source_20260722\v136_h200_preflight.slurm; qec_work\wolffe_archive_20260730\extracted\home\22228049\qec_v109_open_source_20260722\v136_relational_structural_safety_router.py; qec_work\wolffe_archive_20260730\extracted\home\22228049\qec_v109_open_source_20260722\v136_safety_router_full.slurm; qec_work\wolffe_archive_20260730\extracted\home\22228049\qec_v109_open_source_20260722\v136_safety_router_full_h200.slurm; qec_work\wolffe_archive_20260730\extracted\home\22228049\qec_v109_open_source_20260722\v136_safety_router_smoke.slurm; qec_work\wolffe_archive_20260730\extracted\home\22228049\qec_v109_open_source_20260722\v136_safety_router_smoke_h200.slurm; qec_work\wolffe_archive_20260730\extracted\home\22228049\qec_v109_open_source_20260722\logs\v136_52723_0.err; qec_work\wolffe_archive_20260730\extracted\home\22228049\qec_v109_open_source_20260722\logs\v136_52723_0.out; qec_work\wolffe_archive_20260730\extracted\home\22228049\qec_v109_open_source_20260722\logs\v136_52723_1.err; qec_work\wolffe_archive_20260730\extracted\home\22228049\qec_v109_open_source_20260722\logs\v136_52723_1.out; qec_work\wolffe_archive_20260730\extracted\home\22228049\qec_v109_open_source_20260722\logs\v136_52723_2.err; qec_work\wolffe_archive_20260730\extracted\home\22228049\qec_v109_open_source_20260722\logs\v136_52723_2.out; qec_work\wolffe_archive_20260730\extracted\home\22228049\qec_v109_open_source_20260722\logs\v136_h200test_52717.err; qec_work\wolffe_archive_20260730\extracted\home\22228049\qec_v109_open_source_20260722\logs\v136_h200test_52717.out; qec_work\wolffe_archive_20260730\extracted\home\22228049\qec_v109_open_source_20260722\logs\v136_h200test_52718.err; qec_work\wolffe_archive_20260730\extracted\home\22228049\qec_v109_open_source_20260722\logs\v136_h200test_52718.out; qec_work\wolffe_archive_20260730\extracted\home\22228049\qec_v109_open_source_20260722\logs\v136_smoke_52277_0.err,,,,,,,,QEC_RUN_MATRIX_V1_V392_20260731.csv,Z:\Meetings\Complete\22-7-2026\QEC_AI_PAPER_MASTER_20260717,C:\Users\22228049\.codex\github_publish\hardware-adaptive-qec-ibm,IBM real shots; phenomenological/Stim; domain/held-out,measured artifact,diagnostic/not promoted,Version V136 retained with original matrix fields; no missing fields were inferred.
V137,G2_MPNN_GNN_graph,neural/ML; graph/DEM; calibration/drift; ensemble/consensus; postselection/gate,soft/LLR or analog; hard syndrome; calibration/backend metadata,IBM real shots; domain/held-out,unavailable,unavailable,* the held domain is never used for fitting or threshold selection; = basis; domains[held],unavailable,unavailable,unavailable,unavailable,103_V137_GROUPDRO_RISK_CONTROLLED_RANKER_20260724\v137_groupdro_full.slurm; 103_V137_GROUPDRO_RISK_CONTROLLED_RANKER_20260724\v137_groupdro_risk_controlled_ranker.py; 103_V137_GROUPDRO_RISK_CONTROLLED_RANKER_20260724\v137_groupdro_smoke.slurm; 103_V137_GROUPDRO_RISK_CONTROLLED_RANKER_20260724\V137_RECORD_20260724.md; 113_V147_ERROR_MECHANISM_GRAPH_20260724\V137_V147_MATHEMATICAL_DIRECTIONS_STATUS_20260724.md; 114_V148_MATH_FORMULATION_CONFORMANCE_20260724\V137_V147_MATHEMATICAL_DIRECTIONS_STATUS_20260724.md; QEC_V137_V142_CORRECTED_20260724.zip; qec_work\wolffe_archive_20260730\extracted\home\22228049\qec_v109_open_source_20260722\v137_groupdro_full.slurm; qec_work\wolffe_archive_20260730\extracted\home\22228049\qec_v109_open_source_20260722\v137_groupdro_full_h200.slurm; qec_work\wolffe_archive_20260730\extracted\home\22228049\qec_v109_open_source_20260722\v137_groupdro_risk_controlled_ranker.py; qec_work\wolffe_archive_20260730\extracted\home\22228049\qec_v109_open_source_20260722\v137_groupdro_smoke.slurm; qec_work\wolffe_archive_20260730\extracted\home\22228049\qec_v109_open_source_20260722\v137_groupdro_smoke_h200.slurm; qec_work\wolffe_archive_20260730\extracted\home\22228049\qec_v109_open_source_20260722\logs\v137_52280_0.err; qec_work\wolffe_archive_20260730\extracted\home\22228049\qec_v109_open_source_20260722\logs\v137_52280_0.out; qec_work\wolffe_archive_20260730\extracted\home\22228049\qec_v109_open_source_20260722\logs\v137_52280_1.err; qec_work\wolffe_archive_20260730\extracted\home\22228049\qec_v109_open_source_20260722\logs\v137_52280_1.out; qec_work\wolffe_archive_20260730\extracted\home\22228049\qec_v109_open_source_20260722\logs\v137_52725_0.err; qec_work\wolffe_archive_20260730\extracted\home\22228049\qec_v109_open_source_20260722\logs\v137_52725_0.out; qec_work\wolffe_archive_20260730\extracted\home\22228049\qec_v109_open_source_20260722\logs\v137_52725_1.err; qec_work\wolffe_archive_20260730\extracted\home\22228049\qec_v109_open_source_20260722\logs\v137_52725_1.out; qec_work\wolffe_archive_20260730\extracted\home\22228049\qec_v109_open_source_20260722\logs\v137_52725_2.err; qec_work\wolffe_archive_20260730\extracted\home\22228049\qec_v109_open_source_20260722\logs\v137_52725_2.out; qec_work\wolffe_archive_20260730\extracted\home\22228049\qec_v109_open_source_20260722\logs\v137_smoke_52279_0.err; qec_work\wolffe_archive_20260730\extracted\home\22228049\qec_v109_open_source_20260722\logs\v137_smoke_52279_0.out; qec_work\wolffe_archive_20260730\extracted\home\22228049\qec_v109_open_source_20260722\logs\v137_smoke_52279_1.err; C:\Users\22228049\.codex\qec_work\wolffe_archive_20260730\extracted\home\22228049\qec_v109_open_source_20260722\v137_groupdro_risk_controlled_ranker.py,measured artifact found; diagnostic/protocol or pending,"Run a frozen, untouched IBM block with V12 fallback; report X/Z/domain confidence intervals before promotion.",normal,not a V12 comparison,MWPM/BP-OSD comparator only when explicitly present; no claim if unavailable,late audit; 103_V137_GROUPDRO_RISK_CONTROLLED_RANKER_20260724\v137_groupdro_full.slurm; 103_V137_GROUPDRO_RISK_CONTROLLED_RANKER_20260724\v137_groupdro_risk_controlled_ranker.py; 103_V137_GROUPDRO_RISK_CONTROLLED_RANKER_20260724\v137_groupdro_smoke.slurm; 103_V137_GROUPDRO_RISK_CONTROLLED_RANKER_20260724\V137_RECORD_20260724.md; 113_V147_ERROR_MECHANISM_GRAPH_20260724\V137_V147_MATHEMATICAL_DIRECTIONS_STATUS_20260724.md; 114_V148_MATH_FORMULATION_CONFORMANCE_20260724\V137_V147_MATHEMATICAL_DIRECTIONS_STATUS_20260724.md; QEC_V137_V142_CORRECTED_20260724.zip; qec_work\wolffe_archive_20260730\extracted\home\22228049\qec_v109_open_source_20260722\v137_groupdro_full.slurm; qec_work\wolffe_archive_20260730\extracted\home\22228049\qec_v109_open_source_20260722\v137_groupdro_full_h200.slurm; qec_work\wolffe_archive_20260730\extracted\home\22228049\qec_v109_open_source_20260722\v137_groupdro_risk_controlled_ranker.py; qec_work\wolffe_archive_20260730\extracted\home\22228049\qec_v109_open_source_20260722\v137_groupdro_smoke.slurm; qec_work\wolffe_archive_20260730\extracted\home\22228049\qec_v109_open_source_20260722\v137_groupdro_smoke_h200.slurm; qec_work\wolffe_archive_20260730\extracted\home\22228049\qec_v109_open_source_20260722\logs\v137_52280_0.err; qec_work\wolffe_archive_20260730\extracted\home\22228049\qec_v109_open_source_20260722\logs\v137_52280_0.out; qec_work\wolffe_archive_20260730\extracted\home\22228049\qec_v109_open_source_20260722\logs\v137_52280_1.err; qec_work\wolffe_archive_20260730\extracted\home\22228049\qec_v109_open_source_20260722\logs\v137_52280_1.out; qec_work\wolffe_archive_20260730\extracted\home\22228049\qec_v109_open_source_20260722\logs\v137_52725_0.err; qec_work\wolffe_archive_20260730\extracted\home\22228049\qec_v109_open_source_20260722\logs\v137_52725_0.out; qec_work\wolffe_archive_20260730\extracted\home\22228049\qec_v109_open_source_20260722\logs\v137_52725_1.err; qec_work\wolffe_archive_20260730\extracted\home\22228049\qec_v109_open_source_20260722\logs\v137_52725_1.out; qec_work\wolffe_archive_20260730\extracted\home\22228049\qec_v109_open_source_20260722\logs\v137_52725_2.err; qec_work\wolffe_archive_20260730\extracted\home\22228049\qec_v109_open_source_20260722\logs\v137_52725_2.out; qec_work\wolffe_archive_20260730\extracted\home\22228049\qec_v109_open_source_20260722\logs\v137_smoke_52279_0.err; qec_work\wolffe_archive_20260730\extracted\home\22228049\qec_v109_open_source_20260722\logs\v137_smoke_52279_0.out; qec_work\wolffe_archive_20260730\extracted\home\22228049\qec_v109_open_source_20260722\logs\v137_smoke_52279_1.err,,,,,,,,QEC_RUN_MATRIX_V1_V392_20260731.csv,Z:\Meetings\Complete\22-7-2026\QEC_AI_PAPER_MASTER_20260717,C:\Users\22228049\.codex\github_publish\hardware-adaptive-qec-ibm,IBM real shots; domain/held-out,measured artifact,diagnostic/not promoted,Version V137 retained with original matrix fields; no missing fields were inferred.
V138,G2_MPNN_GNN_graph,BP-OSD; neural/ML; graph/DEM; calibration/drift; ensemble/consensus; postselection/gate,soft/LLR or analog; calibration/backend metadata,IBM real shots; domain/held-out,unavailable,unavailable,= name)); domains[held],unavailable,unavailable,unavailable,unavailable,104_V138_ASYMMETRIC_FOCAL_ROUTER_20260724\v138_asymmetric_focal_router.py; 104_V138_ASYMMETRIC_FOCAL_ROUTER_20260724\v138_asymmetric_full.slurm; 104_V138_ASYMMETRIC_FOCAL_ROUTER_20260724\v138_asymmetric_smoke.slurm; 104_V138_ASYMMETRIC_FOCAL_ROUTER_20260724\V138_RECORD_20260724.md; qec_work\wolffe_archive_20260730\extracted\home\22228049\qec_v109_open_source_20260722\probe_v138_data.py; qec_work\wolffe_archive_20260730\extracted\home\22228049\qec_v109_open_source_20260722\v138_asymmetric_focal_router.py; qec_work\wolffe_archive_20260730\extracted\home\22228049\qec_v109_open_source_20260722\v138_asymmetric_full.slurm; qec_work\wolffe_archive_20260730\extracted\home\22228049\qec_v109_open_source_20260722\v138_asymmetric_full_h200.slurm; qec_work\wolffe_archive_20260730\extracted\home\22228049\qec_v109_open_source_20260722\v138_asymmetric_smoke.slurm; qec_work\wolffe_archive_20260730\extracted\home\22228049\qec_v109_open_source_20260722\v138_asymmetric_smoke_h200.slurm; qec_work\wolffe_archive_20260730\extracted\home\22228049\qec_v109_open_source_20260722\logs\v138_52727_0.err; qec_work\wolffe_archive_20260730\extracted\home\22228049\qec_v109_open_source_20260722\logs\v138_52727_0.out; qec_work\wolffe_archive_20260730\extracted\home\22228049\qec_v109_open_source_20260722\logs\v138_52727_1.err; qec_work\wolffe_archive_20260730\extracted\home\22228049\qec_v109_open_source_20260722\logs\v138_52727_1.out; qec_work\wolffe_archive_20260730\extracted\home\22228049\qec_v109_open_source_20260722\logs\v138_52727_2.err; qec_work\wolffe_archive_20260730\extracted\home\22228049\qec_v109_open_source_20260722\logs\v138_52727_2.out; qec_work\wolffe_archive_20260730\extracted\home\22228049\qec_v109_open_source_20260722\logs\v138_smoke_52288_0.err; qec_work\wolffe_archive_20260730\extracted\home\22228049\qec_v109_open_source_20260722\logs\v138_smoke_52288_0.out; qec_work\wolffe_archive_20260730\extracted\home\22228049\qec_v109_open_source_20260722\logs\v138_smoke_52288_1.err; qec_work\wolffe_archive_20260730\extracted\home\22228049\qec_v109_open_source_20260722\logs\v138_smoke_52288_1.out; qec_work\wolffe_archive_20260730\extracted\home\22228049\qec_v109_open_source_20260722\logs\v138_smoke_52288_2.err; qec_work\wolffe_archive_20260730\extracted\home\22228049\qec_v109_open_source_20260722\logs\v138_smoke_52288_2.out; qec_work\wolffe_archive_20260730\extracted\home\22228049\qec_v109_open_source_20260722\logs\v138_smoke_52333_0.err; qec_work\wolffe_archive_20260730\extracted\home\22228049\qec_v109_open_source_20260722\logs\v138_smoke_52333_0.out; qec_work\wolffe_archive_20260730\extracted\home\22228049\qec_v109_open_source_20260722\logs\v138_smoke_52333_1.err; C:\Users\22228049\.codex\qec_work\wolffe_archive_20260730\extracted\home\22228049\qec_v109_open_source_20260722\probe_v138_data.py; C:\Users\22228049\.codex\qec_work\wolffe_archive_20260730\extracted\home\22228049\qec_v109_open_source_20260722\v138_asymmetric_focal_router.py,measured artifact found; diagnostic/protocol or pending,"Run a frozen, untouched IBM block with V12 fallback; report X/Z/domain confidence intervals before promotion.",normal,not a V12 comparison,MWPM/BP-OSD comparator only when explicitly present; no claim if unavailable,late audit; 104_V138_ASYMMETRIC_FOCAL_ROUTER_20260724\v138_asymmetric_focal_router.py; 104_V138_ASYMMETRIC_FOCAL_ROUTER_20260724\v138_asymmetric_full.slurm; 104_V138_ASYMMETRIC_FOCAL_ROUTER_20260724\v138_asymmetric_smoke.slurm; 104_V138_ASYMMETRIC_FOCAL_ROUTER_20260724\V138_RECORD_20260724.md; qec_work\wolffe_archive_20260730\extracted\home\22228049\qec_v109_open_source_20260722\probe_v138_data.py; qec_work\wolffe_archive_20260730\extracted\home\22228049\qec_v109_open_source_20260722\v138_asymmetric_focal_router.py; qec_work\wolffe_archive_20260730\extracted\home\22228049\qec_v109_open_source_20260722\v138_asymmetric_full.slurm; qec_work\wolffe_archive_20260730\extracted\home\22228049\qec_v109_open_source_20260722\v138_asymmetric_full_h200.slurm; qec_work\wolffe_archive_20260730\extracted\home\22228049\qec_v109_open_source_20260722\v138_asymmetric_smoke.slurm; qec_work\wolffe_archive_20260730\extracted\home\22228049\qec_v109_open_source_20260722\v138_asymmetric_smoke_h200.slurm; qec_work\wolffe_archive_20260730\extracted\home\22228049\qec_v109_open_source_20260722\logs\v138_52727_0.err; qec_work\wolffe_archive_20260730\extracted\home\22228049\qec_v109_open_source_20260722\logs\v138_52727_0.out; qec_work\wolffe_archive_20260730\extracted\home\22228049\qec_v109_open_source_20260722\logs\v138_52727_1.err; qec_work\wolffe_archive_20260730\extracted\home\22228049\qec_v109_open_source_20260722\logs\v138_52727_1.out; qec_work\wolffe_archive_20260730\extracted\home\22228049\qec_v109_open_source_20260722\logs\v138_52727_2.err; qec_work\wolffe_archive_20260730\extracted\home\22228049\qec_v109_open_source_20260722\logs\v138_52727_2.out; qec_work\wolffe_archive_20260730\extracted\home\22228049\qec_v109_open_source_20260722\logs\v138_smoke_52288_0.err; qec_work\wolffe_archive_20260730\extracted\home\22228049\qec_v109_open_source_20260722\logs\v138_smoke_52288_0.out; qec_work\wolffe_archive_20260730\extracted\home\22228049\qec_v109_open_source_20260722\logs\v138_smoke_52288_1.err; qec_work\wolffe_archive_20260730\extracted\home\22228049\qec_v109_open_source_20260722\logs\v138_smoke_52288_1.out; qec_work\wolffe_archive_20260730\extracted\home\22228049\qec_v109_open_source_20260722\logs\v138_smoke_52288_2.err; qec_work\wolffe_archive_20260730\extracted\home\22228049\qec_v109_open_source_20260722\logs\v138_smoke_52288_2.out; qec_work\wolffe_archive_20260730\extracted\home\22228049\qec_v109_open_source_20260722\logs\v138_smoke_52333_0.err; qec_work\wolffe_archive_20260730\extracted\home\22228049\qec_v109_open_source_20260722\logs\v138_smoke_52333_0.out; qec_work\wolffe_archive_20260730\extracted\home\22228049\qec_v109_open_source_20260722\logs\v138_smoke_52333_1.err,,,,,,,,QEC_RUN_MATRIX_V1_V392_20260731.csv,Z:\Meetings\Complete\22-7-2026\QEC_AI_PAPER_MASTER_20260717,C:\Users\22228049\.codex\github_publish\hardware-adaptive-qec-ibm,IBM real shots; domain/held-out,measured artifact,diagnostic/not promoted,Version V138 retained with original matrix fields; no missing fields were inferred.
V139,G2_MPNN_GNN_graph,MWPM/PyMatching; calibration/drift; postselection/gate,soft/LLR or analog; calibration/backend metadata,phenomenological/Stim; domain/held-out,unavailable,unavailable,metadata[:,unavailable,unavailable,unavailable,unavailable,105_V139_LER_ROUND_AUDIT_20260724\V139_FINAL_RESULT_20260724.md; 105_V139_LER_ROUND_AUDIT_20260724\V139_LER_ROUND_AUDIT.json; 105_V139_LER_ROUND_AUDIT_20260724\v139_ler_round_audit.py; qec_work\wolffe_archive_20260730\extracted\home\22228049\qec_v109_open_source_20260722\v139_ler_round_audit.py; qec_work\wolffe_archive_20260730\extracted\home\22228049\qec_v109_open_source_20260722\v139_ler_round_audit.slurm; qec_work\wolffe_archive_20260730\extracted\home\22228049\qec_v109_open_source_20260722\logs\v139_52312.err; qec_work\wolffe_archive_20260730\extracted\home\22228049\qec_v109_open_source_20260722\logs\v139_52312.out; C:\Users\22228049\.codex\qec_work\wolffe_archive_20260730\extracted\home\22228049\qec_v109_open_source_20260722\v139_ler_round_audit.py,measured artifact found; diagnostic/protocol or pending,Use leave-one-domain-out calibration conditioning with a frozen gate and paired bootstrap; reject if either basis or domain regresses.,normal,not a V12 comparison,MWPM/BP-OSD comparator only when explicitly present; no claim if unavailable,late audit; 105_V139_LER_ROUND_AUDIT_20260724\V139_FINAL_RESULT_20260724.md; 105_V139_LER_ROUND_AUDIT_20260724\V139_LER_ROUND_AUDIT.json; 105_V139_LER_ROUND_AUDIT_20260724\v139_ler_round_audit.py; qec_work\wolffe_archive_20260730\extracted\home\22228049\qec_v109_open_source_20260722\v139_ler_round_audit.py; qec_work\wolffe_archive_20260730\extracted\home\22228049\qec_v109_open_source_20260722\v139_ler_round_audit.slurm; qec_work\wolffe_archive_20260730\extracted\home\22228049\qec_v109_open_source_20260722\logs\v139_52312.err; qec_work\wolffe_archive_20260730\extracted\home\22228049\qec_v109_open_source_20260722\logs\v139_52312.out,,,,,,,,QEC_RUN_MATRIX_V1_V392_20260731.csv,Z:\Meetings\Complete\22-7-2026\QEC_AI_PAPER_MASTER_20260717,C:\Users\22228049\.codex\github_publish\hardware-adaptive-qec-ibm,phenomenological/Stim; domain/held-out,measured artifact,diagnostic/not promoted,Version V139 retained with original matrix fields; no missing fields were inferred.
V140,G2_MPNN_GNN_graph,MWPM/PyMatching; neural/ML; graph/DEM; calibration/drift; ensemble/consensus; postselection/gate,soft/LLR or analog; hard syndrome; calibration/backend metadata,IBM real shots; domain/held-out,unavailable,unavailable,= basis); = 0 else 1.0,unavailable,unavailable,unavailable,unavailable,106_V140_FEWSHOT_MMD_EWC_TRANSFER_20260724\v140_fewshot_mmd_ewc_transfer.py; 106_V140_FEWSHOT_MMD_EWC_TRANSFER_20260724\V140_RECORD_20260724.md; 106_V140_FEWSHOT_MMD_EWC_TRANSFER_20260724\v140_transfer_full.slurm; 106_V140_FEWSHOT_MMD_EWC_TRANSFER_20260724\v140_transfer_smoke.slurm; QEC_V140_V144_Z_SYNC_20260724.zip; qec_work\wolffe_archive_20260730\extracted\home\22228049\qec_v109_open_source_20260722\v140_fewshot_mmd_ewc_transfer.py; qec_work\wolffe_archive_20260730\extracted\home\22228049\qec_v109_open_source_20260722\v140_transfer_full.slurm; qec_work\wolffe_archive_20260730\extracted\home\22228049\qec_v109_open_source_20260722\v140_transfer_smoke.slurm; qec_work\wolffe_archive_20260730\extracted\home\22228049\qec_v109_open_source_20260722\logs\v140_52321_0.err; qec_work\wolffe_archive_20260730\extracted\home\22228049\qec_v109_open_source_20260722\logs\v140_52321_0.out; qec_work\wolffe_archive_20260730\extracted\home\22228049\qec_v109_open_source_20260722\logs\v140_52321_1.err; qec_work\wolffe_archive_20260730\extracted\home\22228049\qec_v109_open_source_20260722\logs\v140_52321_1.out; qec_work\wolffe_archive_20260730\extracted\home\22228049\qec_v109_open_source_20260722\logs\v140_52321_2.err; qec_work\wolffe_archive_20260730\extracted\home\22228049\qec_v109_open_source_20260722\logs\v140_52321_2.out; qec_work\wolffe_archive_20260730\extracted\home\22228049\qec_v109_open_source_20260722\logs\v140_52321_3.err; qec_work\wolffe_archive_20260730\extracted\home\22228049\qec_v109_open_source_20260722\logs\v140_52321_3.out; qec_work\wolffe_archive_20260730\extracted\home\22228049\qec_v109_open_source_20260722\logs\v140_52321_4.err; qec_work\wolffe_archive_20260730\extracted\home\22228049\qec_v109_open_source_20260722\logs\v140_52321_4.out; qec_work\wolffe_archive_20260730\extracted\home\22228049\qec_v109_open_source_20260722\logs\v140_smoke_52320_0.err; qec_work\wolffe_archive_20260730\extracted\home\22228049\qec_v109_open_source_20260722\logs\v140_smoke_52320_0.out; qec_work\wolffe_archive_20260730\extracted\home\22228049\qec_v109_open_source_20260722\logs\v140_smoke_52320_1.err; qec_work\wolffe_archive_20260730\extracted\home\22228049\qec_v109_open_source_20260722\logs\v140_smoke_52320_1.out; qec_work\wolffe_archive_20260730\extracted\home\22228049\qec_v109_open_source_20260722\logs\v140_smoke_52320_2.err; qec_work\wolffe_archive_20260730\extracted\home\22228049\qec_v109_open_source_20260722\logs\v140_smoke_52320_2.out; qec_work\wolffe_archive_20260730\extracted\home\22228049\qec_v109_open_source_20260722\logs\v140_smoke_52320_3.err; C:\Users\22228049\.codex\qec_work\wolffe_archive_20260730\extracted\home\22228049\qec_v109_open_source_20260722\v140_fewshot_mmd_ewc_transfer.py,measured artifact found; diagnostic/protocol or pending,"Run a frozen, untouched IBM block with V12 fallback; report X/Z/domain confidence intervals before promotion.",normal,not a V12 comparison,MWPM/BP-OSD comparator only when explicitly present; no claim if unavailable,late audit; 106_V140_FEWSHOT_MMD_EWC_TRANSFER_20260724\v140_fewshot_mmd_ewc_transfer.py; 106_V140_FEWSHOT_MMD_EWC_TRANSFER_20260724\V140_RECORD_20260724.md; 106_V140_FEWSHOT_MMD_EWC_TRANSFER_20260724\v140_transfer_full.slurm; 106_V140_FEWSHOT_MMD_EWC_TRANSFER_20260724\v140_transfer_smoke.slurm; QEC_V140_V144_Z_SYNC_20260724.zip; qec_work\wolffe_archive_20260730\extracted\home\22228049\qec_v109_open_source_20260722\v140_fewshot_mmd_ewc_transfer.py; qec_work\wolffe_archive_20260730\extracted\home\22228049\qec_v109_open_source_20260722\v140_transfer_full.slurm; qec_work\wolffe_archive_20260730\extracted\home\22228049\qec_v109_open_source_20260722\v140_transfer_smoke.slurm; qec_work\wolffe_archive_20260730\extracted\home\22228049\qec_v109_open_source_20260722\logs\v140_52321_0.err; qec_work\wolffe_archive_20260730\extracted\home\22228049\qec_v109_open_source_20260722\logs\v140_52321_0.out; qec_work\wolffe_archive_20260730\extracted\home\22228049\qec_v109_open_source_20260722\logs\v140_52321_1.err; qec_work\wolffe_archive_20260730\extracted\home\22228049\qec_v109_open_source_20260722\logs\v140_52321_1.out; qec_work\wolffe_archive_20260730\extracted\home\22228049\qec_v109_open_source_20260722\logs\v140_52321_2.err; qec_work\wolffe_archive_20260730\extracted\home\22228049\qec_v109_open_source_20260722\logs\v140_52321_2.out; qec_work\wolffe_archive_20260730\extracted\home\22228049\qec_v109_open_source_20260722\logs\v140_52321_3.err; qec_work\wolffe_archive_20260730\extracted\home\22228049\qec_v109_open_source_20260722\logs\v140_52321_3.out; qec_work\wolffe_archive_20260730\extracted\home\22228049\qec_v109_open_source_20260722\logs\v140_52321_4.err; qec_work\wolffe_archive_20260730\extracted\home\22228049\qec_v109_open_source_20260722\logs\v140_52321_4.out; qec_work\wolffe_archive_20260730\extracted\home\22228049\qec_v109_open_source_20260722\logs\v140_smoke_52320_0.err; qec_work\wolffe_archive_20260730\extracted\home\22228049\qec_v109_open_source_20260722\logs\v140_smoke_52320_0.out; qec_work\wolffe_archive_20260730\extracted\home\22228049\qec_v109_open_source_20260722\logs\v140_smoke_52320_1.err; qec_work\wolffe_archive_20260730\extracted\home\22228049\qec_v109_open_source_20260722\logs\v140_smoke_52320_1.out; qec_work\wolffe_archive_20260730\extracted\home\22228049\qec_v109_open_source_20260722\logs\v140_smoke_52320_2.err; qec_work\wolffe_archive_20260730\extracted\home\22228049\qec_v109_open_source_20260722\logs\v140_smoke_52320_2.out; qec_work\wolffe_archive_20260730\extracted\home\22228049\qec_v109_open_source_20260722\logs\v140_smoke_52320_3.err,,,,,,,,QEC_RUN_MATRIX_V1_V392_20260731.csv,Z:\Meetings\Complete\22-7-2026\QEC_AI_PAPER_MASTER_20260717,C:\Users\22228049\.codex\github_publish\hardware-adaptive-qec-ibm,IBM real shots; domain/held-out,measured artifact,diagnostic/not promoted,Version V140 retained with original matrix fields; no missing fields were inferred.
V141,G2_MPNN_GNN_graph,neural/ML; graph/DEM; calibration/drift; ensemble/consensus,soft/LLR or analog; hard syndrome; calibration/backend metadata,IBM real shots; domain/held-out,unavailable,unavailable,= basis); = name)),unavailable,unavailable,unavailable,unavailable,107_V141_UNSUPERVISED_TARGET_MMD_20260724\v141_mmd_full.slurm; 107_V141_UNSUPERVISED_TARGET_MMD_20260724\v141_mmd_smoke.slurm; 107_V141_UNSUPERVISED_TARGET_MMD_20260724\V141_RECORD_20260724.md; 107_V141_UNSUPERVISED_TARGET_MMD_20260724\v141_unsupervised_target_mmd.py; qec_work\wolffe_archive_20260730\extracted\home\22228049\qec_v109_open_source_20260722\v141_mmd_full.slurm; qec_work\wolffe_archive_20260730\extracted\home\22228049\qec_v109_open_source_20260722\v141_mmd_smoke.slurm; qec_work\wolffe_archive_20260730\extracted\home\22228049\qec_v109_open_source_20260722\v141_unsupervised_target_mmd.py; qec_work\wolffe_archive_20260730\extracted\home\22228049\qec_v109_open_source_20260722\logs\v141_52323_0.err; qec_work\wolffe_archive_20260730\extracted\home\22228049\qec_v109_open_source_20260722\logs\v141_52323_0.out; qec_work\wolffe_archive_20260730\extracted\home\22228049\qec_v109_open_source_20260722\logs\v141_52323_1.err; qec_work\wolffe_archive_20260730\extracted\home\22228049\qec_v109_open_source_20260722\logs\v141_52323_1.out; qec_work\wolffe_archive_20260730\extracted\home\22228049\qec_v109_open_source_20260722\logs\v141_52323_2.err; qec_work\wolffe_archive_20260730\extracted\home\22228049\qec_v109_open_source_20260722\logs\v141_52323_2.out; qec_work\wolffe_archive_20260730\extracted\home\22228049\qec_v109_open_source_20260722\logs\v141_52323_3.err; qec_work\wolffe_archive_20260730\extracted\home\22228049\qec_v109_open_source_20260722\logs\v141_52323_3.out; qec_work\wolffe_archive_20260730\extracted\home\22228049\qec_v109_open_source_20260722\logs\v141_smoke_52322_0.err; qec_work\wolffe_archive_20260730\extracted\home\22228049\qec_v109_open_source_20260722\logs\v141_smoke_52322_0.out; qec_work\wolffe_archive_20260730\extracted\home\22228049\qec_v109_open_source_20260722\logs\v141_smoke_52322_1.err; qec_work\wolffe_archive_20260730\extracted\home\22228049\qec_v109_open_source_20260722\logs\v141_smoke_52322_1.out; qec_work\wolffe_archive_20260730\extracted\home\22228049\qec_v109_open_source_20260722\logs\v141_smoke_52322_2.err; qec_work\wolffe_archive_20260730\extracted\home\22228049\qec_v109_open_source_20260722\logs\v141_smoke_52322_2.out; qec_work\wolffe_archive_20260730\extracted\home\22228049\qec_v109_open_source_20260722\logs\v141_smoke_52322_3.err; qec_work\wolffe_archive_20260730\extracted\home\22228049\qec_v109_open_source_20260722\logs\v141_smoke_52322_3.out; C:\Users\22228049\.codex\qec_work\wolffe_archive_20260730\extracted\home\22228049\qec_v109_open_source_20260722\v141_unsupervised_target_mmd.py,measured artifact found; diagnostic/protocol or pending,"Run a frozen, untouched IBM block with V12 fallback; report X/Z/domain confidence intervals before promotion.",normal,not a V12 comparison,MWPM/BP-OSD comparator only when explicitly present; no claim if unavailable,late audit; 107_V141_UNSUPERVISED_TARGET_MMD_20260724\v141_mmd_full.slurm; 107_V141_UNSUPERVISED_TARGET_MMD_20260724\v141_mmd_smoke.slurm; 107_V141_UNSUPERVISED_TARGET_MMD_20260724\V141_RECORD_20260724.md; 107_V141_UNSUPERVISED_TARGET_MMD_20260724\v141_unsupervised_target_mmd.py; qec_work\wolffe_archive_20260730\extracted\home\22228049\qec_v109_open_source_20260722\v141_mmd_full.slurm; qec_work\wolffe_archive_20260730\extracted\home\22228049\qec_v109_open_source_20260722\v141_mmd_smoke.slurm; qec_work\wolffe_archive_20260730\extracted\home\22228049\qec_v109_open_source_20260722\v141_unsupervised_target_mmd.py; qec_work\wolffe_archive_20260730\extracted\home\22228049\qec_v109_open_source_20260722\logs\v141_52323_0.err; qec_work\wolffe_archive_20260730\extracted\home\22228049\qec_v109_open_source_20260722\logs\v141_52323_0.out; qec_work\wolffe_archive_20260730\extracted\home\22228049\qec_v109_open_source_20260722\logs\v141_52323_1.err; qec_work\wolffe_archive_20260730\extracted\home\22228049\qec_v109_open_source_20260722\logs\v141_52323_1.out; qec_work\wolffe_archive_20260730\extracted\home\22228049\qec_v109_open_source_20260722\logs\v141_52323_2.err; qec_work\wolffe_archive_20260730\extracted\home\22228049\qec_v109_open_source_20260722\logs\v141_52323_2.out; qec_work\wolffe_archive_20260730\extracted\home\22228049\qec_v109_open_source_20260722\logs\v141_52323_3.err; qec_work\wolffe_archive_20260730\extracted\home\22228049\qec_v109_open_source_20260722\logs\v141_52323_3.out; qec_work\wolffe_archive_20260730\extracted\home\22228049\qec_v109_open_source_20260722\logs\v141_smoke_52322_0.err; qec_work\wolffe_archive_20260730\extracted\home\22228049\qec_v109_open_source_20260722\logs\v141_smoke_52322_0.out; qec_work\wolffe_archive_20260730\extracted\home\22228049\qec_v109_open_source_20260722\logs\v141_smoke_52322_1.err; qec_work\wolffe_archive_20260730\extracted\home\22228049\qec_v109_open_source_20260722\logs\v141_smoke_52322_1.out; qec_work\wolffe_archive_20260730\extracted\home\22228049\qec_v109_open_source_20260722\logs\v141_smoke_52322_2.err; qec_work\wolffe_archive_20260730\extracted\home\22228049\qec_v109_open_source_20260722\logs\v141_smoke_52322_2.out; qec_work\wolffe_archive_20260730\extracted\home\22228049\qec_v109_open_source_20260722\logs\v141_smoke_52322_3.err; qec_work\wolffe_archive_20260730\extracted\home\22228049\qec_v109_open_source_20260722\logs\v141_smoke_52322_3.out,,,,,,,,QEC_RUN_MATRIX_V1_V392_20260731.csv,Z:\Meetings\Complete\22-7-2026\QEC_AI_PAPER_MASTER_20260717,C:\Users\22228049\.codex\github_publish\hardware-adaptive-qec-ibm,IBM real shots; domain/held-out,measured artifact,diagnostic/not promoted,Version V141 retained with original matrix fields; no missing fields were inferred.
V142,G2_MPNN_GNN_graph,graph/DEM; calibration/drift; geometry/FAISS,calibration/backend metadata,IBM real shots; domain/held-out,unavailable,unavailable,unavailable,unavailable,unavailable,unavailable,unavailable,108_V142_SPECTRAL_GRAPH_REWEIGHT_20260724\V142_RECORD_20260724.md; 108_V142_SPECTRAL_GRAPH_REWEIGHT_20260724\V142_SPECTRAL_AUDIT.json; 108_V142_SPECTRAL_GRAPH_REWEIGHT_20260724\v142_spectral_compare.slurm; 108_V142_SPECTRAL_GRAPH_REWEIGHT_20260724\v142_spectral_graph_reweight.py; 108_V142_SPECTRAL_GRAPH_REWEIGHT_20260724\v142_spectral_prepare.slurm; QEC_V137_V142_CORRECTED_20260724.zip; qec_work\wolffe_archive_20260730\extracted\home\22228049\qec_v109_open_source_20260722\v142_spectral_compare.slurm; qec_work\wolffe_archive_20260730\extracted\home\22228049\qec_v109_open_source_20260722\v142_spectral_graph_reweight.py; qec_work\wolffe_archive_20260730\extracted\home\22228049\qec_v109_open_source_20260722\v142_spectral_prepare.slurm; qec_work\wolffe_archive_20260730\extracted\home\22228049\qec_v109_open_source_20260722\logs\v142_52340_0.err; qec_work\wolffe_archive_20260730\extracted\home\22228049\qec_v109_open_source_20260722\logs\v142_52340_0.out; qec_work\wolffe_archive_20260730\extracted\home\22228049\qec_v109_open_source_20260722\logs\v142_52372_0.err; qec_work\wolffe_archive_20260730\extracted\home\22228049\qec_v109_open_source_20260722\logs\v142_52372_0.out; qec_work\wolffe_archive_20260730\extracted\home\22228049\qec_v109_open_source_20260722\logs\v142_52372_1.err; qec_work\wolffe_archive_20260730\extracted\home\22228049\qec_v109_open_source_20260722\logs\v142_52372_1.out; qec_work\wolffe_archive_20260730\extracted\home\22228049\qec_v109_open_source_20260722\logs\v142_prepare_52339.err; qec_work\wolffe_archive_20260730\extracted\home\22228049\qec_v109_open_source_20260722\logs\v142_prepare_52339.out; C:\Users\22228049\.codex\qec_work\wolffe_archive_20260730\extracted\home\22228049\qec_v109_open_source_20260722\v142_spectral_graph_reweight.py,measured artifact found; diagnostic/protocol or pending,"Run a frozen, untouched IBM block with V12 fallback; report X/Z/domain confidence intervals before promotion.",normal,not a V12 comparison,MWPM/BP-OSD comparator only when explicitly present; no claim if unavailable,late audit; 108_V142_SPECTRAL_GRAPH_REWEIGHT_20260724\V142_RECORD_20260724.md; 108_V142_SPECTRAL_GRAPH_REWEIGHT_20260724\V142_SPECTRAL_AUDIT.json; 108_V142_SPECTRAL_GRAPH_REWEIGHT_20260724\v142_spectral_compare.slurm; 108_V142_SPECTRAL_GRAPH_REWEIGHT_20260724\v142_spectral_graph_reweight.py; 108_V142_SPECTRAL_GRAPH_REWEIGHT_20260724\v142_spectral_prepare.slurm; QEC_V137_V142_CORRECTED_20260724.zip; qec_work\wolffe_archive_20260730\extracted\home\22228049\qec_v109_open_source_20260722\v142_spectral_compare.slurm; qec_work\wolffe_archive_20260730\extracted\home\22228049\qec_v109_open_source_20260722\v142_spectral_graph_reweight.py; qec_work\wolffe_archive_20260730\extracted\home\22228049\qec_v109_open_source_20260722\v142_spectral_prepare.slurm; qec_work\wolffe_archive_20260730\extracted\home\22228049\qec_v109_open_source_20260722\logs\v142_52340_0.err; qec_work\wolffe_archive_20260730\extracted\home\22228049\qec_v109_open_source_20260722\logs\v142_52340_0.out; qec_work\wolffe_archive_20260730\extracted\home\22228049\qec_v109_open_source_20260722\logs\v142_52372_0.err; qec_work\wolffe_archive_20260730\extracted\home\22228049\qec_v109_open_source_20260722\logs\v142_52372_0.out; qec_work\wolffe_archive_20260730\extracted\home\22228049\qec_v109_open_source_20260722\logs\v142_52372_1.err; qec_work\wolffe_archive_20260730\extracted\home\22228049\qec_v109_open_source_20260722\logs\v142_52372_1.out; qec_work\wolffe_archive_20260730\extracted\home\22228049\qec_v109_open_source_20260722\logs\v142_prepare_52339.err; qec_work\wolffe_archive_20260730\extracted\home\22228049\qec_v109_open_source_20260722\logs\v142_prepare_52339.out,,,,,,,,QEC_RUN_MATRIX_V1_V392_20260731.csv,Z:\Meetings\Complete\22-7-2026\QEC_AI_PAPER_MASTER_20260717,C:\Users\22228049\.codex\github_publish\hardware-adaptive-qec-ibm,IBM real shots; domain/held-out,measured artifact,diagnostic/not promoted,Version V142 retained with original matrix fields; no missing fields were inferred.
V143,G2_MPNN_GNN_graph,calibration/drift,hard syndrome; calibration/backend metadata,correlated/drift; domain/held-out,unavailable,unavailable,unavailable,unavailable,unavailable,unavailable,unavailable,109_V143_LABEL_FREE_DRIFT_MONITOR_20260724\V143_DRIFT_AUDIT.json; 109_V143_LABEL_FREE_DRIFT_MONITOR_20260724\v143_drift_monitor.slurm; 109_V143_LABEL_FREE_DRIFT_MONITOR_20260724\v143_label_free_drift_monitor.py; 109_V143_LABEL_FREE_DRIFT_MONITOR_20260724\V143_RECORD_20260724.md; qec_work\wolffe_archive_20260730\extracted\home\22228049\qec_v109_open_source_20260722\v143_drift_monitor.slurm; qec_work\wolffe_archive_20260730\extracted\home\22228049\qec_v109_open_source_20260722\v143_label_free_drift_monitor.py; qec_work\wolffe_archive_20260730\extracted\home\22228049\qec_v109_open_source_20260722\logs\v143_52341.err; qec_work\wolffe_archive_20260730\extracted\home\22228049\qec_v109_open_source_20260722\logs\v143_52341.out; C:\Users\22228049\.codex\qec_work\wolffe_archive_20260730\extracted\home\22228049\qec_v109_open_source_20260722\v143_label_free_drift_monitor.py,measured artifact found; diagnostic/protocol or pending,Use leave-one-domain-out calibration conditioning with a frozen gate and paired bootstrap; reject if either basis or domain regresses.,normal,not a V12 comparison,MWPM/BP-OSD comparator only when explicitly present; no claim if unavailable,late audit; 109_V143_LABEL_FREE_DRIFT_MONITOR_20260724\V143_DRIFT_AUDIT.json; 109_V143_LABEL_FREE_DRIFT_MONITOR_20260724\v143_drift_monitor.slurm; 109_V143_LABEL_FREE_DRIFT_MONITOR_20260724\v143_label_free_drift_monitor.py; 109_V143_LABEL_FREE_DRIFT_MONITOR_20260724\V143_RECORD_20260724.md; qec_work\wolffe_archive_20260730\extracted\home\22228049\qec_v109_open_source_20260722\v143_drift_monitor.slurm; qec_work\wolffe_archive_20260730\extracted\home\22228049\qec_v109_open_source_20260722\v143_label_free_drift_monitor.py; qec_work\wolffe_archive_20260730\extracted\home\22228049\qec_v109_open_source_20260722\logs\v143_52341.err; qec_work\wolffe_archive_20260730\extracted\home\22228049\qec_v109_open_source_20260722\logs\v143_52341.out,,,,,,,,QEC_RUN_MATRIX_V1_V392_20260731.csv,Z:\Meetings\Complete\22-7-2026\QEC_AI_PAPER_MASTER_20260717,C:\Users\22228049\.codex\github_publish\hardware-adaptive-qec-ibm,correlated/drift; domain/held-out,measured artifact,diagnostic/not promoted,Version V143 retained with original matrix fields; no missing fields were inferred.
V144,G2_MPNN_GNN_graph,neural/ML,unavailable,unavailable,unavailable,unavailable,unavailable,unavailable,unavailable,unavailable,unavailable,110_V144_BB_EQUIVARIANT_LAYER_20260724\V144_BB_EQUIVARIANCE.json; 110_V144_BB_EQUIVARIANT_LAYER_20260724\v144_bb_equivariance.slurm; 110_V144_BB_EQUIVARIANT_LAYER_20260724\v144_bb_equivariance_proof.py; 110_V144_BB_EQUIVARIANT_LAYER_20260724\V144_RECORD_20260724.md; PUBLIC_GITHUB_SNAPSHOT_V1_V144_20260724\ALL_VERSIONS.md; PUBLIC_GITHUB_SNAPSHOT_V1_V144_20260724\PRELIMINARY_RESULTS.md; PUBLIC_GITHUB_SNAPSHOT_V1_V144_20260724\README.md; PUBLIC_GITHUB_SNAPSHOT_V1_V144_20260724.zip; QEC_V140_V144_Z_SYNC_20260724.zip; qec_work\wolffe_archive_20260730\extracted\home\22228049\qec_v109_open_source_20260722\v144_bb_equivariance.slurm; qec_work\wolffe_archive_20260730\extracted\home\22228049\qec_v109_open_source_20260722\v144_bb_equivariance_proof.py; qec_work\wolffe_archive_20260730\extracted\home\22228049\qec_v109_open_source_20260722\logs\v144_52342.err; qec_work\wolffe_archive_20260730\extracted\home\22228049\qec_v109_open_source_20260722\logs\v144_52342.out; C:\Users\22228049\.codex\qec_work\wolffe_archive_20260730\extracted\home\22228049\qec_v109_open_source_20260722\v144_bb_equivariance_proof.py,measured artifact found; diagnostic/protocol or pending,"Run a frozen, untouched IBM block with V12 fallback; report X/Z/domain confidence intervals before promotion.",normal,not a V12 comparison,MWPM/BP-OSD comparator only when explicitly present; no claim if unavailable,late audit; 110_V144_BB_EQUIVARIANT_LAYER_20260724\V144_BB_EQUIVARIANCE.json; 110_V144_BB_EQUIVARIANT_LAYER_20260724\v144_bb_equivariance.slurm; 110_V144_BB_EQUIVARIANT_LAYER_20260724\v144_bb_equivariance_proof.py; 110_V144_BB_EQUIVARIANT_LAYER_20260724\V144_RECORD_20260724.md; PUBLIC_GITHUB_SNAPSHOT_V1_V144_20260724\ALL_VERSIONS.md; PUBLIC_GITHUB_SNAPSHOT_V1_V144_20260724\PRELIMINARY_RESULTS.md; PUBLIC_GITHUB_SNAPSHOT_V1_V144_20260724\README.md; PUBLIC_GITHUB_SNAPSHOT_V1_V144_20260724.zip; QEC_V140_V144_Z_SYNC_20260724.zip; qec_work\wolffe_archive_20260730\extracted\home\22228049\qec_v109_open_source_20260722\v144_bb_equivariance.slurm; qec_work\wolffe_archive_20260730\extracted\home\22228049\qec_v109_open_source_20260722\v144_bb_equivariance_proof.py; qec_work\wolffe_archive_20260730\extracted\home\22228049\qec_v109_open_source_20260722\logs\v144_52342.err; qec_work\wolffe_archive_20260730\extracted\home\22228049\qec_v109_open_source_20260722\logs\v144_52342.out,,,,,,,,QEC_RUN_MATRIX_V1_V392_20260731.csv,Z:\Meetings\Complete\22-7-2026\QEC_AI_PAPER_MASTER_20260717,C:\Users\22228049\.codex\github_publish\hardware-adaptive-qec-ibm,unavailable,measured artifact,diagnostic/not promoted,Version V144 retained with original matrix fields; no missing fields were inferred.
V145,G2_MPNN_GNN_graph,neural/ML; graph/DEM; calibration/drift; ensemble/consensus,soft/LLR or analog; hard syndrome; calibration/backend metadata,IBM real shots; domain/held-out,unavailable,unavailable,source_domain.to(device),unavailable,unavailable,unavailable,unavailable,111_V145_DOMAIN_ADVERSARIAL_DECODER_20260724\v145_dann_full.slurm; 111_V145_DOMAIN_ADVERSARIAL_DECODER_20260724\v145_dann_smoke.slurm; 111_V145_DOMAIN_ADVERSARIAL_DECODER_20260724\v145_domain_adversarial_decoder.py; 111_V145_DOMAIN_ADVERSARIAL_DECODER_20260724\V145_RECORD_20260724.md; PUBLIC_GITHUB_SNAPSHOT_V1_V145_20260724\ALL_VERSIONS.md; PUBLIC_GITHUB_SNAPSHOT_V1_V145_20260724\PRELIMINARY_RESULTS.md; PUBLIC_GITHUB_SNAPSHOT_V1_V145_20260724\README.md; QEC_V145_Z_SYNC_20260724.zip; qec_work\wolffe_archive_20260730\extracted\home\22228049\qec_v109_open_source_20260722\v145_dann_full.slurm; qec_work\wolffe_archive_20260730\extracted\home\22228049\qec_v109_open_source_20260722\v145_dann_smoke.slurm; qec_work\wolffe_archive_20260730\extracted\home\22228049\qec_v109_open_source_20260722\v145_domain_adversarial_decoder.py; qec_work\wolffe_archive_20260730\extracted\home\22228049\qec_v109_open_source_20260722\logs\v145_52398_0.err; qec_work\wolffe_archive_20260730\extracted\home\22228049\qec_v109_open_source_20260722\logs\v145_52398_0.out; qec_work\wolffe_archive_20260730\extracted\home\22228049\qec_v109_open_source_20260722\logs\v145_52398_1.err; qec_work\wolffe_archive_20260730\extracted\home\22228049\qec_v109_open_source_20260722\logs\v145_52398_1.out; qec_work\wolffe_archive_20260730\extracted\home\22228049\qec_v109_open_source_20260722\logs\v145_52398_2.err; qec_work\wolffe_archive_20260730\extracted\home\22228049\qec_v109_open_source_20260722\logs\v145_52398_2.out; qec_work\wolffe_archive_20260730\extracted\home\22228049\qec_v109_open_source_20260722\logs\v145_52398_3.err; qec_work\wolffe_archive_20260730\extracted\home\22228049\qec_v109_open_source_20260722\logs\v145_52398_3.out; qec_work\wolffe_archive_20260730\extracted\home\22228049\qec_v109_open_source_20260722\logs\v145_smoke_52397_0.err; qec_work\wolffe_archive_20260730\extracted\home\22228049\qec_v109_open_source_20260722\logs\v145_smoke_52397_0.out; qec_work\wolffe_archive_20260730\extracted\home\22228049\qec_v109_open_source_20260722\logs\v145_smoke_52397_1.err; qec_work\wolffe_archive_20260730\extracted\home\22228049\qec_v109_open_source_20260722\logs\v145_smoke_52397_1.out; qec_work\wolffe_archive_20260730\extracted\home\22228049\qec_v109_open_source_20260722\logs\v145_smoke_52397_2.err; qec_work\wolffe_archive_20260730\extracted\home\22228049\qec_v109_open_source_20260722\logs\v145_smoke_52397_2.out; C:\Users\22228049\.codex\qec_work\wolffe_archive_20260730\extracted\home\22228049\qec_v109_open_source_20260722\v145_domain_adversarial_decoder.py,measured artifact found; diagnostic/protocol or pending,"Run a frozen, untouched IBM block with V12 fallback; report X/Z/domain confidence intervals before promotion.",normal,not a V12 comparison,MWPM/BP-OSD comparator only when explicitly present; no claim if unavailable,late audit; 111_V145_DOMAIN_ADVERSARIAL_DECODER_20260724\v145_dann_full.slurm; 111_V145_DOMAIN_ADVERSARIAL_DECODER_20260724\v145_dann_smoke.slurm; 111_V145_DOMAIN_ADVERSARIAL_DECODER_20260724\v145_domain_adversarial_decoder.py; 111_V145_DOMAIN_ADVERSARIAL_DECODER_20260724\V145_RECORD_20260724.md; PUBLIC_GITHUB_SNAPSHOT_V1_V145_20260724\ALL_VERSIONS.md; PUBLIC_GITHUB_SNAPSHOT_V1_V145_20260724\PRELIMINARY_RESULTS.md; PUBLIC_GITHUB_SNAPSHOT_V1_V145_20260724\README.md; QEC_V145_Z_SYNC_20260724.zip; qec_work\wolffe_archive_20260730\extracted\home\22228049\qec_v109_open_source_20260722\v145_dann_full.slurm; qec_work\wolffe_archive_20260730\extracted\home\22228049\qec_v109_open_source_20260722\v145_dann_smoke.slurm; qec_work\wolffe_archive_20260730\extracted\home\22228049\qec_v109_open_source_20260722\v145_domain_adversarial_decoder.py; qec_work\wolffe_archive_20260730\extracted\home\22228049\qec_v109_open_source_20260722\logs\v145_52398_0.err; qec_work\wolffe_archive_20260730\extracted\home\22228049\qec_v109_open_source_20260722\logs\v145_52398_0.out; qec_work\wolffe_archive_20260730\extracted\home\22228049\qec_v109_open_source_20260722\logs\v145_52398_1.err; qec_work\wolffe_archive_20260730\extracted\home\22228049\qec_v109_open_source_20260722\logs\v145_52398_1.out; qec_work\wolffe_archive_20260730\extracted\home\22228049\qec_v109_open_source_20260722\logs\v145_52398_2.err; qec_work\wolffe_archive_20260730\extracted\home\22228049\qec_v109_open_source_20260722\logs\v145_52398_2.out; qec_work\wolffe_archive_20260730\extracted\home\22228049\qec_v109_open_source_20260722\logs\v145_52398_3.err; qec_work\wolffe_archive_20260730\extracted\home\22228049\qec_v109_open_source_20260722\logs\v145_52398_3.out; qec_work\wolffe_archive_20260730\extracted\home\22228049\qec_v109_open_source_20260722\logs\v145_smoke_52397_0.err; qec_work\wolffe_archive_20260730\extracted\home\22228049\qec_v109_open_source_20260722\logs\v145_smoke_52397_0.out; qec_work\wolffe_archive_20260730\extracted\home\22228049\qec_v109_open_source_20260722\logs\v145_smoke_52397_1.err; qec_work\wolffe_archive_20260730\extracted\home\22228049\qec_v109_open_source_20260722\logs\v145_smoke_52397_1.out; qec_work\wolffe_archive_20260730\extracted\home\22228049\qec_v109_open_source_20260722\logs\v145_smoke_52397_2.err; qec_work\wolffe_archive_20260730\extracted\home\22228049\qec_v109_open_source_20260722\logs\v145_smoke_52397_2.out,,,,,,,,QEC_RUN_MATRIX_V1_V392_20260731.csv,Z:\Meetings\Complete\22-7-2026\QEC_AI_PAPER_MASTER_20260717,C:\Users\22228049\.codex\github_publish\hardware-adaptive-qec-ibm,IBM real shots; domain/held-out,measured artifact,diagnostic/not promoted,Version V145 retained with original matrix fields; no missing fields were inferred.
V146,G2_MPNN_GNN_graph,neural/ML; graph/DEM; calibration/drift; ensemble/consensus,soft/LLR or analog; hard syndrome; calibration/backend metadata,IBM real shots; phenomenological/Stim; domain/held-out,unavailable,unavailable,= name)) for name in np.unique(rows.domain)},unavailable,unavailable,unavailable,unavailable,qec_work\wolffe_archive_20260730\extracted\home\22228049\qec_v109_open_source_20260722\v146_importance_full.slurm; qec_work\wolffe_archive_20260730\extracted\home\22228049\qec_v109_open_source_20260722\v146_importance_full_h200.slurm; qec_work\wolffe_archive_20260730\extracted\home\22228049\qec_v109_open_source_20260722\v146_importance_smoke.slurm; qec_work\wolffe_archive_20260730\extracted\home\22228049\qec_v109_open_source_20260722\v146_importance_smoke_h200.slurm; qec_work\wolffe_archive_20260730\extracted\home\22228049\qec_v109_open_source_20260722\v146_importance_weighted_covariate_shift.py; qec_work\wolffe_archive_20260730\extracted\home\22228049\qec_v109_open_source_20260722\logs\v146_52738_0.err; qec_work\wolffe_archive_20260730\extracted\home\22228049\qec_v109_open_source_20260722\logs\v146_52738_0.out; qec_work\wolffe_archive_20260730\extracted\home\22228049\qec_v109_open_source_20260722\logs\v146_52738_1.err; qec_work\wolffe_archive_20260730\extracted\home\22228049\qec_v109_open_source_20260722\logs\v146_52738_1.out; qec_work\wolffe_archive_20260730\extracted\home\22228049\qec_v109_open_source_20260722\logs\v146_52738_2.err; qec_work\wolffe_archive_20260730\extracted\home\22228049\qec_v109_open_source_20260722\logs\v146_52738_2.out; qec_work\wolffe_archive_20260730\extracted\home\22228049\qec_v109_open_source_20260722\logs\v146_52738_3.err; qec_work\wolffe_archive_20260730\extracted\home\22228049\qec_v109_open_source_20260722\logs\v146_52738_3.out; qec_work\wolffe_archive_20260730\extracted\home\22228049\qec_v109_open_source_20260722\logs\v146_smoke_52416_0.err; qec_work\wolffe_archive_20260730\extracted\home\22228049\qec_v109_open_source_20260722\logs\v146_smoke_52416_0.out; qec_work\wolffe_archive_20260730\extracted\home\22228049\qec_v109_open_source_20260722\logs\v146_smoke_52416_1.err; qec_work\wolffe_archive_20260730\extracted\home\22228049\qec_v109_open_source_20260722\logs\v146_smoke_52416_1.out; qec_work\wolffe_archive_20260730\extracted\home\22228049\qec_v109_open_source_20260722\logs\v146_smoke_52416_2.err; qec_work\wolffe_archive_20260730\extracted\home\22228049\qec_v109_open_source_20260722\logs\v146_smoke_52416_2.out; qec_work\wolffe_archive_20260730\extracted\home\22228049\qec_v109_open_source_20260722\logs\v146_smoke_52416_3.err; qec_work\wolffe_archive_20260730\extracted\home\22228049\qec_v109_open_source_20260722\logs\v146_smoke_52416_3.out; qec_work\wolffe_archive_20260730\extracted\home\22228049\qec_v109_open_source_20260722\logs\v146_smoke_52728_0.err; qec_work\wolffe_archive_20260730\extracted\home\22228049\qec_v109_open_source_20260722\logs\v146_smoke_52728_0.out; qec_work\wolffe_archive_20260730\extracted\home\22228049\qec_v109_open_source_20260722\logs\v146_smoke_52728_1.err; qec_work\wolffe_archive_20260730\extracted\home\22228049\qec_v109_open_source_20260722\logs\v146_smoke_52728_1.out; C:\Users\22228049\.codex\qec_work\wolffe_archive_20260730\extracted\home\22228049\qec_v109_open_source_20260722\v146_importance_weighted_covariate_shift.py,measured artifact found; diagnostic/protocol or pending,"Run a frozen, untouched IBM block with V12 fallback; report X/Z/domain confidence intervals before promotion.",normal,not a V12 comparison,MWPM/BP-OSD comparator only when explicitly present; no claim if unavailable,late audit; qec_work\wolffe_archive_20260730\extracted\home\22228049\qec_v109_open_source_20260722\v146_importance_full.slurm; qec_work\wolffe_archive_20260730\extracted\home\22228049\qec_v109_open_source_20260722\v146_importance_full_h200.slurm; qec_work\wolffe_archive_20260730\extracted\home\22228049\qec_v109_open_source_20260722\v146_importance_smoke.slurm; qec_work\wolffe_archive_20260730\extracted\home\22228049\qec_v109_open_source_20260722\v146_importance_smoke_h200.slurm; qec_work\wolffe_archive_20260730\extracted\home\22228049\qec_v109_open_source_20260722\v146_importance_weighted_covariate_shift.py; qec_work\wolffe_archive_20260730\extracted\home\22228049\qec_v109_open_source_20260722\logs\v146_52738_0.err; qec_work\wolffe_archive_20260730\extracted\home\22228049\qec_v109_open_source_20260722\logs\v146_52738_0.out; qec_work\wolffe_archive_20260730\extracted\home\22228049\qec_v109_open_source_20260722\logs\v146_52738_1.err; qec_work\wolffe_archive_20260730\extracted\home\22228049\qec_v109_open_source_20260722\logs\v146_52738_1.out; qec_work\wolffe_archive_20260730\extracted\home\22228049\qec_v109_open_source_20260722\logs\v146_52738_2.err; qec_work\wolffe_archive_20260730\extracted\home\22228049\qec_v109_open_source_20260722\logs\v146_52738_2.out; qec_work\wolffe_archive_20260730\extracted\home\22228049\qec_v109_open_source_20260722\logs\v146_52738_3.err; qec_work\wolffe_archive_20260730\extracted\home\22228049\qec_v109_open_source_20260722\logs\v146_52738_3.out; qec_work\wolffe_archive_20260730\extracted\home\22228049\qec_v109_open_source_20260722\logs\v146_smoke_52416_0.err; qec_work\wolffe_archive_20260730\extracted\home\22228049\qec_v109_open_source_20260722\logs\v146_smoke_52416_0.out; qec_work\wolffe_archive_20260730\extracted\home\22228049\qec_v109_open_source_20260722\logs\v146_smoke_52416_1.err; qec_work\wolffe_archive_20260730\extracted\home\22228049\qec_v109_open_source_20260722\logs\v146_smoke_52416_1.out; qec_work\wolffe_archive_20260730\extracted\home\22228049\qec_v109_open_source_20260722\logs\v146_smoke_52416_2.err; qec_work\wolffe_archive_20260730\extracted\home\22228049\qec_v109_open_source_20260722\logs\v146_smoke_52416_2.out; qec_work\wolffe_archive_20260730\extracted\home\22228049\qec_v109_open_source_20260722\logs\v146_smoke_52416_3.err; qec_work\wolffe_archive_20260730\extracted\home\22228049\qec_v109_open_source_20260722\logs\v146_smoke_52416_3.out; qec_work\wolffe_archive_20260730\extracted\home\22228049\qec_v109_open_source_20260722\logs\v146_smoke_52728_0.err; qec_work\wolffe_archive_20260730\extracted\home\22228049\qec_v109_open_source_20260722\logs\v146_smoke_52728_0.out; qec_work\wolffe_archive_20260730\extracted\home\22228049\qec_v109_open_source_20260722\logs\v146_smoke_52728_1.err; qec_work\wolffe_archive_20260730\extracted\home\22228049\qec_v109_open_source_20260722\logs\v146_smoke_52728_1.out,,,,,,,,QEC_RUN_MATRIX_V1_V392_20260731.csv,Z:\Meetings\Complete\22-7-2026\QEC_AI_PAPER_MASTER_20260717,C:\Users\22228049\.codex\github_publish\hardware-adaptive-qec-ibm,IBM real shots; phenomenological/Stim; domain/held-out,measured artifact,diagnostic/not promoted,Version V146 retained with original matrix fields; no missing fields were inferred.
V147,G2_MPNN_GNN_graph,BP-OSD; MWPM/PyMatching; graph/DEM; calibration/drift; postselection/gate,soft/LLR or analog; hard syndrome; calibration/backend metadata,phenomenological/Stim; domain/held-out,0/,unavailable,unavailable,0,unavailable,unavailable,accuracy = 0.0; shots = 0,113_V147_ERROR_MECHANISM_GRAPH_20260724\LOCAL_D3_DEM_GRAPH_VALIDATION.json; 113_V147_ERROR_MECHANISM_GRAPH_20260724\LOCAL_D3_DEM_GRAPH_VALIDATION.npz; 113_V147_ERROR_MECHANISM_GRAPH_20260724\V137_V147_MATHEMATICAL_DIRECTIONS_STATUS_20260724.md; 113_V147_ERROR_MECHANISM_GRAPH_20260724\v147_error_mechanism_graph.py; 113_V147_ERROR_MECHANISM_GRAPH_20260724\V147_ERROR_MECHANISM_GRAPH_BUILD_RECORD_20260724.md; 113_V147_ERROR_MECHANISM_GRAPH_20260724\v147_graph_smoke.slurm; 113_V147_ERROR_MECHANISM_GRAPH_20260724\v147_min_sum_bp.py; 113_V147_ERROR_MECHANISM_GRAPH_20260724\v147_v12_dem_coverage_audit.py; 114_V148_MATH_FORMULATION_CONFORMANCE_20260724\V137_V147_MATHEMATICAL_DIRECTIONS_STATUS_20260724.md; qec_work\wolffe_archive_20260730\extracted\home\22228049\qec_v109_open_source_20260722\v147\v147_error_mechanism_graph.py; qec_work\wolffe_archive_20260730\extracted\home\22228049\qec_v109_open_source_20260722\v147\v147_graph_smoke.slurm; qec_work\wolffe_archive_20260730\extracted\home\22228049\qec_v109_open_source_20260722\v147\v147_min_sum_bp.py; qec_work\wolffe_archive_20260730\extracted\home\22228049\qec_v109_open_source_20260722\v147\v147_v12_dem_coverage_audit.py; qec_work\wolffe_archive_20260730\extracted\home\22228049\qec_v109_open_source_20260722\v148\v147_min_sum_bp.py; C:\Users\22228049\.codex\qec_work\wolffe_archive_20260730\extracted\home\22228049\qec_v109_open_source_20260722\v147\v147_error_mechanism_graph.py; C:\Users\22228049\.codex\qec_work\wolffe_archive_20260730\extracted\home\22228049\qec_v109_open_source_20260722\v147\v147_min_sum_bp.py; C:\Users\22228049\.codex\qec_work\wolffe_archive_20260730\extracted\home\22228049\qec_v109_open_source_20260722\v147\v147_v12_dem_coverage_audit.py; C:\Users\22228049\.codex\qec_work\wolffe_archive_20260730\extracted\home\22228049\qec_v109_open_source_20260722\v148\v147_min_sum_bp.py,measured artifact found; diagnostic/protocol or pending,"Run a frozen, untouched IBM block with V12 fallback; report X/Z/domain confidence intervals before promotion.",normal,not a V12 comparison,MWPM/BP-OSD comparator only when explicitly present; no claim if unavailable,late audit; 113_V147_ERROR_MECHANISM_GRAPH_20260724\LOCAL_D3_DEM_GRAPH_VALIDATION.json; 113_V147_ERROR_MECHANISM_GRAPH_20260724\LOCAL_D3_DEM_GRAPH_VALIDATION.npz; 113_V147_ERROR_MECHANISM_GRAPH_20260724\V137_V147_MATHEMATICAL_DIRECTIONS_STATUS_20260724.md; 113_V147_ERROR_MECHANISM_GRAPH_20260724\v147_error_mechanism_graph.py; 113_V147_ERROR_MECHANISM_GRAPH_20260724\V147_ERROR_MECHANISM_GRAPH_BUILD_RECORD_20260724.md; 113_V147_ERROR_MECHANISM_GRAPH_20260724\v147_graph_smoke.slurm; 113_V147_ERROR_MECHANISM_GRAPH_20260724\v147_min_sum_bp.py; 113_V147_ERROR_MECHANISM_GRAPH_20260724\v147_v12_dem_coverage_audit.py; 114_V148_MATH_FORMULATION_CONFORMANCE_20260724\V137_V147_MATHEMATICAL_DIRECTIONS_STATUS_20260724.md; qec_work\wolffe_archive_20260730\extracted\home\22228049\qec_v109_open_source_20260722\v147\v147_error_mechanism_graph.py; qec_work\wolffe_archive_20260730\extracted\home\22228049\qec_v109_open_source_20260722\v147\v147_graph_smoke.slurm; qec_work\wolffe_archive_20260730\extracted\home\22228049\qec_v109_open_source_20260722\v147\v147_min_sum_bp.py; qec_work\wolffe_archive_20260730\extracted\home\22228049\qec_v109_open_source_20260722\v147\v147_v12_dem_coverage_audit.py; qec_work\wolffe_archive_20260730\extracted\home\22228049\qec_v109_open_source_20260722\v148\v147_min_sum_bp.py,,,,,,,,QEC_RUN_MATRIX_V1_V392_20260731.csv,Z:\Meetings\Complete\22-7-2026\QEC_AI_PAPER_MASTER_20260717,C:\Users\22228049\.codex\github_publish\hardware-adaptive-qec-ibm,phenomenological/Stim; domain/held-out,measured artifact,diagnostic/not promoted,Version V147 retained with original matrix fields; no missing fields were inferred.
V148,G2_MPNN_GNN_graph,BP-OSD; MWPM/PyMatching; neural/ML; graph/DEM; calibration/drift; postselection/gate,soft/LLR or analog; hard syndrome; calibration/backend metadata,IBM real shots; phenomenological/Stim; domain/held-out,unavailable,unavailable,"str; Mapping[str; raise KeyError(f""No exact physical DEM probabilities for basis {normalized}"")",unavailable,unavailable,unavailable,unavailable,114_V148_MATH_FORMULATION_CONFORMANCE_20260724\QEC_MATH_FORMULATIONS_COMPLETE_EXTRACT.txt; 114_V148_MATH_FORMULATION_CONFORMANCE_20260724\V137_V147_MATHEMATICAL_DIRECTIONS_STATUS_20260724.md; 114_V148_MATH_FORMULATION_CONFORMANCE_20260724\V148_52539.err; 114_V148_MATH_FORMULATION_CONFORMANCE_20260724\V148_52539.out; 114_V148_MATH_FORMULATION_CONFORMANCE_20260724\V148_LOCAL_MATH_CONFORMANCE.json; 114_V148_MATH_FORMULATION_CONFORMANCE_20260724\V148_MATH_CONFORMANCE.json; 114_V148_MATH_FORMULATION_CONFORMANCE_20260724\v148_math_conformance.slurm; 114_V148_MATH_FORMULATION_CONFORMANCE_20260724\v148_math_formulation_conformance.py; 114_V148_MATH_FORMULATION_CONFORMANCE_20260724\V148_MATH_FORMULATION_IMPLEMENTATION_RECORD_20260724.md; qec_work\wolffe_archive_20260730\extracted\home\22228049\qec_v109_open_source_20260722\v148\v147_min_sum_bp.py; qec_work\wolffe_archive_20260730\extracted\home\22228049\qec_v109_open_source_20260722\v148\v148_math_conformance.slurm; qec_work\wolffe_archive_20260730\extracted\home\22228049\qec_v109_open_source_20260722\v148\v148_math_formulation_conformance.py; C:\Users\22228049\.codex\qec_work\wolffe_archive_20260730\extracted\home\22228049\qec_v109_open_source_20260722\v148\v148_math_formulation_conformance.py,measured artifact found; diagnostic/protocol or pending,"Run a frozen, untouched IBM block with V12 fallback; report X/Z/domain confidence intervals before promotion.",normal,not a V12 comparison,MWPM/BP-OSD comparator only when explicitly present; no claim if unavailable,late audit; 114_V148_MATH_FORMULATION_CONFORMANCE_20260724\QEC_MATH_FORMULATIONS_COMPLETE_EXTRACT.txt; 114_V148_MATH_FORMULATION_CONFORMANCE_20260724\V137_V147_MATHEMATICAL_DIRECTIONS_STATUS_20260724.md; 114_V148_MATH_FORMULATION_CONFORMANCE_20260724\V148_52539.err; 114_V148_MATH_FORMULATION_CONFORMANCE_20260724\V148_52539.out; 114_V148_MATH_FORMULATION_CONFORMANCE_20260724\V148_LOCAL_MATH_CONFORMANCE.json; 114_V148_MATH_FORMULATION_CONFORMANCE_20260724\V148_MATH_CONFORMANCE.json; 114_V148_MATH_FORMULATION_CONFORMANCE_20260724\v148_math_conformance.slurm; 114_V148_MATH_FORMULATION_CONFORMANCE_20260724\v148_math_formulation_conformance.py; 114_V148_MATH_FORMULATION_CONFORMANCE_20260724\V148_MATH_FORMULATION_IMPLEMENTATION_RECORD_20260724.md; qec_work\wolffe_archive_20260730\extracted\home\22228049\qec_v109_open_source_20260722\v148\v147_min_sum_bp.py; qec_work\wolffe_archive_20260730\extracted\home\22228049\qec_v109_open_source_20260722\v148\v148_math_conformance.slurm; qec_work\wolffe_archive_20260730\extracted\home\22228049\qec_v109_open_source_20260722\v148\v148_math_formulation_conformance.py,,,,,,,,QEC_RUN_MATRIX_V1_V392_20260731.csv,Z:\Meetings\Complete\22-7-2026\QEC_AI_PAPER_MASTER_20260717,C:\Users\22228049\.codex\github_publish\hardware-adaptive-qec-ibm,IBM real shots; phenomenological/Stim; domain/held-out,measured artifact,diagnostic/not promoted,Version V148 retained with original matrix fields; no missing fields were inferred.
V149,G2_MPNN_GNN_graph,BP-OSD; graph/DEM; calibration/drift; postselection/gate,soft/LLR or analog; hard syndrome; calibration/backend metadata,IBM real shots,unavailable,unavailable,"= 0 else 'Z'}{rounds}_L{logical}""; {}; str; str) -> dict:",unavailable,unavailable,unavailable,unavailable,115_V149_EXACT_PRIOR_RECOVERY_20260724\v149_basis_config_gate.py; 115_V149_EXACT_PRIOR_RECOVERY_20260724\v149_basis_config_gate.slurm; 115_V149_EXACT_PRIOR_RECOVERY_20260724\V149_EXPERIMENT_DESIGN.md; 115_V149_EXACT_PRIOR_RECOVERY_20260724\v149_import_legacy_matrices.py; 115_V149_EXACT_PRIOR_RECOVERY_20260724\evidence\V149_52630.err; 115_V149_EXACT_PRIOR_RECOVERY_20260724\evidence\V149_52630.out; 115_V149_EXACT_PRIOR_RECOVERY_20260724\evidence\V149_BASIS_CONFIG_GATE_RESULT.json; 115_V149_EXACT_PRIOR_RECOVERY_20260724\evidence\V149_EXACT_MATRIX_IMPORT_AUDIT.json; 115_V149_EXACT_PRIOR_RECOVERY_20260724\evidence\V149_EXACT_MATRIX_IMPORT_AUDIT_WOLFFE.json; 115_V149_EXACT_PRIOR_RECOVERY_20260724\evidence\ibm_fez\X3_L0.v149_graph.npz; 115_V149_EXACT_PRIOR_RECOVERY_20260724\evidence\ibm_fez\X3_L1.v149_graph.npz; 115_V149_EXACT_PRIOR_RECOVERY_20260724\evidence\ibm_fez\X5_L0.v149_graph.npz; 115_V149_EXACT_PRIOR_RECOVERY_20260724\evidence\ibm_fez\X5_L1.v149_graph.npz; 115_V149_EXACT_PRIOR_RECOVERY_20260724\evidence\ibm_fez\X7_L0.v149_graph.npz; 115_V149_EXACT_PRIOR_RECOVERY_20260724\evidence\ibm_fez\X7_L1.v149_graph.npz; 115_V149_EXACT_PRIOR_RECOVERY_20260724\evidence\ibm_fez\Z3_L0.v149_graph.npz; 115_V149_EXACT_PRIOR_RECOVERY_20260724\evidence\ibm_fez\Z3_L1.v149_graph.npz; 115_V149_EXACT_PRIOR_RECOVERY_20260724\evidence\ibm_fez\Z5_L0.v149_graph.npz; 115_V149_EXACT_PRIOR_RECOVERY_20260724\evidence\ibm_fez\Z5_L1.v149_graph.npz; 115_V149_EXACT_PRIOR_RECOVERY_20260724\evidence\ibm_fez\Z7_L0.v149_graph.npz; 115_V149_EXACT_PRIOR_RECOVERY_20260724\evidence\ibm_fez\Z7_L1.v149_graph.npz; 115_V149_EXACT_PRIOR_RECOVERY_20260724\evidence\ibm_kingston\X3_L0.v149_graph.npz; 115_V149_EXACT_PRIOR_RECOVERY_20260724\evidence\ibm_kingston\X3_L1.v149_graph.npz; 115_V149_EXACT_PRIOR_RECOVERY_20260724\evidence\ibm_kingston\X5_L0.v149_graph.npz; 115_V149_EXACT_PRIOR_RECOVERY_20260724\evidence\ibm_kingston\X5_L1.v149_graph.npz; C:\Users\22228049\.codex\qec_work\wolffe_archive_20260730\extracted\home\22228049\qec_v109_open_source_20260722\v149\v149_basis_config_gate.py; C:\Users\22228049\.codex\qec_work\wolffe_archive_20260730\extracted\home\22228049\qec_v109_open_source_20260722\v149\v149_import_legacy_matrices.py,measured artifact found; diagnostic/protocol or pending,"Use validation-selected BP/OSD only on disagreement and require per-basis/domain non-regression; estimate priors from calibration, not labels.",high,historical paired-V12 comparison,MWPM/BP-OSD comparator only when explicitly present; no claim if unavailable,late audit; 115_V149_EXACT_PRIOR_RECOVERY_20260724\v149_basis_config_gate.py; 115_V149_EXACT_PRIOR_RECOVERY_20260724\v149_basis_config_gate.slurm; 115_V149_EXACT_PRIOR_RECOVERY_20260724\V149_EXPERIMENT_DESIGN.md; 115_V149_EXACT_PRIOR_RECOVERY_20260724\v149_import_legacy_matrices.py; 115_V149_EXACT_PRIOR_RECOVERY_20260724\evidence\V149_52630.err; 115_V149_EXACT_PRIOR_RECOVERY_20260724\evidence\V149_52630.out; 115_V149_EXACT_PRIOR_RECOVERY_20260724\evidence\V149_BASIS_CONFIG_GATE_RESULT.json; 115_V149_EXACT_PRIOR_RECOVERY_20260724\evidence\V149_EXACT_MATRIX_IMPORT_AUDIT.json; 115_V149_EXACT_PRIOR_RECOVERY_20260724\evidence\V149_EXACT_MATRIX_IMPORT_AUDIT_WOLFFE.json; 115_V149_EXACT_PRIOR_RECOVERY_20260724\evidence\ibm_fez\X3_L0.v149_graph.npz; 115_V149_EXACT_PRIOR_RECOVERY_20260724\evidence\ibm_fez\X3_L1.v149_graph.npz; 115_V149_EXACT_PRIOR_RECOVERY_20260724\evidence\ibm_fez\X5_L0.v149_graph.npz; 115_V149_EXACT_PRIOR_RECOVERY_20260724\evidence\ibm_fez\X5_L1.v149_graph.npz; 115_V149_EXACT_PRIOR_RECOVERY_20260724\evidence\ibm_fez\X7_L0.v149_graph.npz; 115_V149_EXACT_PRIOR_RECOVERY_20260724\evidence\ibm_fez\X7_L1.v149_graph.npz; 115_V149_EXACT_PRIOR_RECOVERY_20260724\evidence\ibm_fez\Z3_L0.v149_graph.npz; 115_V149_EXACT_PRIOR_RECOVERY_20260724\evidence\ibm_fez\Z3_L1.v149_graph.npz; 115_V149_EXACT_PRIOR_RECOVERY_20260724\evidence\ibm_fez\Z5_L0.v149_graph.npz; 115_V149_EXACT_PRIOR_RECOVERY_20260724\evidence\ibm_fez\Z5_L1.v149_graph.npz; 115_V149_EXACT_PRIOR_RECOVERY_20260724\evidence\ibm_fez\Z7_L0.v149_graph.npz; 115_V149_EXACT_PRIOR_RECOVERY_20260724\evidence\ibm_fez\Z7_L1.v149_graph.npz; 115_V149_EXACT_PRIOR_RECOVERY_20260724\evidence\ibm_kingston\X3_L0.v149_graph.npz; 115_V149_EXACT_PRIOR_RECOVERY_20260724\evidence\ibm_kingston\X3_L1.v149_graph.npz; 115_V149_EXACT_PRIOR_RECOVERY_20260724\evidence\ibm_kingston\X5_L0.v149_graph.npz; 115_V149_EXACT_PRIOR_RECOVERY_20260724\evidence\ibm_kingston\X5_L1.v149_graph.npz,,,,,,,,QEC_RUN_MATRIX_V1_V392_20260731.csv,Z:\Meetings\Complete\22-7-2026\QEC_AI_PAPER_MASTER_20260717,C:\Users\22228049\.codex\github_publish\hardware-adaptive-qec-ibm,IBM real shots,measured artifact,diagnostic/not promoted,Version V149 retained with original matrix fields; no missing fields were inferred.
V150,G2_MPNN_GNN_graph,BP-OSD; MWPM/PyMatching; graph/DEM; ensemble/consensus; postselection/gate,soft/LLR or analog; hard syndrome; calibration/backend metadata,IBM real shots,unavailable,unavailable,{},unavailable,unavailable,unavailable,unavailable,116_V150_MULTISCALE_GRAPH_DIFFUSION_20260724\v150_multiscale_diffusion.slurm; 116_V150_MULTISCALE_GRAPH_DIFFUSION_20260724\v150_multiscale_diffusion_router.py; 116_V150_MULTISCALE_GRAPH_DIFFUSION_20260724\V150_RESEARCH_RECORD_20260724.md; 116_V150_MULTISCALE_GRAPH_DIFFUSION_20260724\evidence\V150_52677.err; 116_V150_MULTISCALE_GRAPH_DIFFUSION_20260724\evidence\V150_52677.out; 116_V150_MULTISCALE_GRAPH_DIFFUSION_20260724\evidence\V150_RESULT.json; qec_work\wolffe_archive_20260730\extracted\home\22228049\qec_v109_open_source_20260722\v150\v150_multiscale_diffusion.slurm; qec_work\wolffe_archive_20260730\extracted\home\22228049\qec_v109_open_source_20260722\v150\v150_multiscale_diffusion_router.py; C:\Users\22228049\.codex\qec_work\wolffe_archive_20260730\extracted\home\22228049\qec_v109_open_source_20260722\v150\v150_multiscale_diffusion_router.py,measured artifact found,"Run a frozen, untouched IBM block with V12 fallback; report X/Z/domain confidence intervals before promotion.",high,historical paired-V12 comparison,MWPM/BP-OSD comparator only when explicitly present; no claim if unavailable,late audit; 116_V150_MULTISCALE_GRAPH_DIFFUSION_20260724\v150_multiscale_diffusion.slurm; 116_V150_MULTISCALE_GRAPH_DIFFUSION_20260724\v150_multiscale_diffusion_router.py; 116_V150_MULTISCALE_GRAPH_DIFFUSION_20260724\V150_RESEARCH_RECORD_20260724.md; 116_V150_MULTISCALE_GRAPH_DIFFUSION_20260724\evidence\V150_52677.err; 116_V150_MULTISCALE_GRAPH_DIFFUSION_20260724\evidence\V150_52677.out; 116_V150_MULTISCALE_GRAPH_DIFFUSION_20260724\evidence\V150_RESULT.json; qec_work\wolffe_archive_20260730\extracted\home\22228049\qec_v109_open_source_20260722\v150\v150_multiscale_diffusion.slurm; qec_work\wolffe_archive_20260730\extracted\home\22228049\qec_v109_open_source_20260722\v150\v150_multiscale_diffusion_router.py,,,,,,,,QEC_RUN_MATRIX_V1_V392_20260731.csv,Z:\Meetings\Complete\22-7-2026\QEC_AI_PAPER_MASTER_20260717,C:\Users\22228049\.codex\github_publish\hardware-adaptive-qec-ibm,IBM real shots,audit or unavailable,promoted,Version V150 retained with original matrix fields; no missing fields were inferred.
V151,G3_spatiotemporal_attention_tuning,BP-OSD; MWPM/PyMatching; postselection/gate,soft/LLR or analog,unavailable,unavailable,0.85818 pp,{},unavailable,unavailable,unavailable,unavailable,118_V151_8020_PARETO_CASCADE_20260724\V151_8020_RESEARCH_RECORD_20260724.md; 118_V151_8020_PARETO_CASCADE_20260724\v151_pareto_disagreement_cascade.py; 118_V151_8020_PARETO_CASCADE_20260724\v151_pareto_disagreement_cascade.slurm; 118_V151_8020_PARETO_CASCADE_20260724\V151_RESULT.json; qec_work\wolffe_archive_20260730\extracted\home\22228049\qec_v109_open_source_20260722\v151_pareto_disagreement_cascade.py; qec_work\wolffe_archive_20260730\extracted\home\22228049\qec_v109_open_source_20260722\v151_pareto_disagreement_cascade.slurm; qec_work\wolffe_archive_20260730\extracted\home\22228049\qec_v109_open_source_20260722\logs\v151_52699.err; qec_work\wolffe_archive_20260730\extracted\home\22228049\qec_v109_open_source_20260722\logs\v151_52699.out; C:\Users\22228049\.codex\qec_work\wolffe_archive_20260730\extracted\home\22228049\qec_v109_open_source_20260722\v151_pareto_disagreement_cascade.py,measured artifact found,"Use validation-selected BP/OSD only on disagreement and require per-basis/domain non-regression; estimate priors from calibration, not labels.",high,historical paired-V12 comparison,MWPM/BP-OSD comparator only when explicitly present; no claim if unavailable,late audit; 118_V151_8020_PARETO_CASCADE_20260724\V151_8020_RESEARCH_RECORD_20260724.md; 118_V151_8020_PARETO_CASCADE_20260724\v151_pareto_disagreement_cascade.py; 118_V151_8020_PARETO_CASCADE_20260724\v151_pareto_disagreement_cascade.slurm; 118_V151_8020_PARETO_CASCADE_20260724\V151_RESULT.json; qec_work\wolffe_archive_20260730\extracted\home\22228049\qec_v109_open_source_20260722\v151_pareto_disagreement_cascade.py; qec_work\wolffe_archive_20260730\extracted\home\22228049\qec_v109_open_source_20260722\v151_pareto_disagreement_cascade.slurm; qec_work\wolffe_archive_20260730\extracted\home\22228049\qec_v109_open_source_20260722\logs\v151_52699.err; qec_work\wolffe_archive_20260730\extracted\home\22228049\qec_v109_open_source_20260722\logs\v151_52699.out,,,,,,,,QEC_RUN_MATRIX_V1_V392_20260731.csv,Z:\Meetings\Complete\22-7-2026\QEC_AI_PAPER_MASTER_20260717,C:\Users\22228049\.codex\github_publish\hardware-adaptive-qec-ibm,unavailable,audit or unavailable,promoted,Version V151 retained with original matrix fields; no missing fields were inferred.
V152,G3_spatiotemporal_attention_tuning,MWPM/PyMatching; neural/ML; postselection/gate,soft/LLR or analog; calibration/backend metadata,IBM real shots,unavailable,unavailable,"metadata[:; = 0; = 1; = 0) & (rounds == 3) & (osd != v12); = value; development[""metadata""][:; test_data[""metadata""][:; = 1) & (development[""osd""] != development[""v12""]); = 1) & (test_data[""osd""] != test_data[""v12""])",unavailable,unavailable,unavailable,unavailable,119_V152_CROSS_DISCIPLINARY_POPULATION_CRITICALITY_20260724\DayanAbbott.audit.json; 119_V152_CROSS_DISCIPLINARY_POPULATION_CRITICALITY_20260724\v152_critical_population_router.py; 119_V152_CROSS_DISCIPLINARY_POPULATION_CRITICALITY_20260724\v152_critical_population_router.slurm; 119_V152_CROSS_DISCIPLINARY_POPULATION_CRITICALITY_20260724\V152_CROSS_DISCIPLINARY_BOOK_INSIGHTS_AND_RESULT_20260724.md; 119_V152_CROSS_DISCIPLINARY_POPULATION_CRITICALITY_20260724\V152_RESULT.json; 119_V152_CROSS_DISCIPLINARY_POPULATION_CRITICALITY_20260724\Waldrop-M.-Mitchell-Complexity-The-Emerging-Science-at-Edge-of-Order-and-Chaos.audit.json; GITHUB_ALL_VERSIONS_V1_V152_20260724.md; qec_work\wolffe_archive_20260730\extracted\home\22228049\qec_v109_open_source_20260722\v152_critical_population_router.py; qec_work\wolffe_archive_20260730\extracted\home\22228049\qec_v109_open_source_20260722\v152_critical_population_router.slurm; qec_work\wolffe_archive_20260730\extracted\home\22228049\qec_v109_open_source_20260722\logs\v152_52750.err; qec_work\wolffe_archive_20260730\extracted\home\22228049\qec_v109_open_source_20260722\logs\v152_52750.out; C:\Users\22228049\.codex\qec_work\wolffe_archive_20260730\extracted\home\22228049\qec_v109_open_source_20260722\v152_critical_population_router.py,measured artifact found; diagnostic/protocol or pending,"Run a frozen, untouched IBM block with V12 fallback; report X/Z/domain confidence intervals before promotion.",high,historical paired-V12 comparison,MWPM/BP-OSD comparator only when explicitly present; no claim if unavailable,late audit; 119_V152_CROSS_DISCIPLINARY_POPULATION_CRITICALITY_20260724\DayanAbbott.audit.json; 119_V152_CROSS_DISCIPLINARY_POPULATION_CRITICALITY_20260724\v152_critical_population_router.py; 119_V152_CROSS_DISCIPLINARY_POPULATION_CRITICALITY_20260724\v152_critical_population_router.slurm; 119_V152_CROSS_DISCIPLINARY_POPULATION_CRITICALITY_20260724\V152_CROSS_DISCIPLINARY_BOOK_INSIGHTS_AND_RESULT_20260724.md; 119_V152_CROSS_DISCIPLINARY_POPULATION_CRITICALITY_20260724\V152_RESULT.json; 119_V152_CROSS_DISCIPLINARY_POPULATION_CRITICALITY_20260724\Waldrop-M.-Mitchell-Complexity-The-Emerging-Science-at-Edge-of-Order-and-Chaos.audit.json; GITHUB_ALL_VERSIONS_V1_V152_20260724.md; qec_work\wolffe_archive_20260730\extracted\home\22228049\qec_v109_open_source_20260722\v152_critical_population_router.py; qec_work\wolffe_archive_20260730\extracted\home\22228049\qec_v109_open_source_20260722\v152_critical_population_router.slurm; qec_work\wolffe_archive_20260730\extracted\home\22228049\qec_v109_open_source_20260722\logs\v152_52750.err; qec_work\wolffe_archive_20260730\extracted\home\22228049\qec_v109_open_source_20260722\logs\v152_52750.out,,,,,,,,QEC_RUN_MATRIX_V1_V392_20260731.csv,Z:\Meetings\Complete\22-7-2026\QEC_AI_PAPER_MASTER_20260717,C:\Users\22228049\.codex\github_publish\hardware-adaptive-qec-ibm,IBM real shots,measured artifact,diagnostic/not promoted,Version V152 retained with original matrix fields; no missing fields were inferred.
V153,G3_spatiotemporal_attention_tuning,calibration/drift; postselection/gate,soft/LLR or analog; calibration/backend metadata,IBM real shots; domain/held-out,unavailable,unavailable,"development[""metadata""][:; test_data[""metadata""][:; = 1) & (development[""osd""] != development[""v12""]))[train_mask]; = 1) & (development[""osd""] != development[""v12""]))[tune_mask]; = 1) & (test_data[""osd""] != test_data[""v12""]); = 1)[train_mask]; = 1)[tune_mask]; = 1",unavailable,unavailable,unavailable,unavailable,120_V153_GENETIC_PROGRAMMING_SYMBOLIC_ROUTER_20260724\gp_pdf_evidence_snippets.json; 120_V153_GENETIC_PROGRAMMING_SYMBOLIC_ROUTER_20260724\gp_pdf_theme_matrix.csv; 120_V153_GENETIC_PROGRAMMING_SYMBOLIC_ROUTER_20260724\pdf_duplicate_groups.md; 120_V153_GENETIC_PROGRAMMING_SYMBOLIC_ROUTER_20260724\PDF_FOLDER_CORPUS_INVENTORY.csv; 120_V153_GENETIC_PROGRAMMING_SYMBOLIC_ROUTER_20260724\PDF_FOLDER_GP_CORPUS_AUDIT.md; 120_V153_GENETIC_PROGRAMMING_SYMBOLIC_ROUTER_20260724\QEC_EVOLUTIONARY_PAPERS_AUDIT.md; 120_V153_GENETIC_PROGRAMMING_SYMBOLIC_ROUTER_20260724\QEC_EVOLUTIONARY_PAPERS_INVENTORY.csv; 120_V153_GENETIC_PROGRAMMING_SYMBOLIC_ROUTER_20260724\V153_GENETIC_PROGRAMMING_CORPUS_AND_RESULT_20260724.md; 120_V153_GENETIC_PROGRAMMING_SYMBOLIC_ROUTER_20260724\V153_RESULT.json; 120_V153_GENETIC_PROGRAMMING_SYMBOLIC_ROUTER_20260724\v153_symbolic_island_router.py; 120_V153_GENETIC_PROGRAMMING_SYMBOLIC_ROUTER_20260724\v153_symbolic_island_router.slurm; qec_work\wolffe_archive_20260730\extracted\home\22228049\qec_v109_open_source_20260722\v153_symbolic_island_router.py; qec_work\wolffe_archive_20260730\extracted\home\22228049\qec_v109_open_source_20260722\v153_symbolic_island_router.slurm; qec_work\wolffe_archive_20260730\extracted\home\22228049\qec_v109_open_source_20260722\logs\v153_52769.err; qec_work\wolffe_archive_20260730\extracted\home\22228049\qec_v109_open_source_20260722\logs\v153_52769.out; C:\Users\22228049\.codex\qec_work\wolffe_archive_20260730\extracted\home\22228049\qec_v109_open_source_20260722\v153_symbolic_island_router.py,measured artifact found; diagnostic/protocol or pending,"Run a frozen, untouched IBM block with V12 fallback; report X/Z/domain confidence intervals before promotion.",normal,not a V12 comparison,MWPM/BP-OSD comparator only when explicitly present; no claim if unavailable,late audit; 120_V153_GENETIC_PROGRAMMING_SYMBOLIC_ROUTER_20260724\gp_pdf_evidence_snippets.json; 120_V153_GENETIC_PROGRAMMING_SYMBOLIC_ROUTER_20260724\gp_pdf_theme_matrix.csv; 120_V153_GENETIC_PROGRAMMING_SYMBOLIC_ROUTER_20260724\pdf_duplicate_groups.md; 120_V153_GENETIC_PROGRAMMING_SYMBOLIC_ROUTER_20260724\PDF_FOLDER_CORPUS_INVENTORY.csv; 120_V153_GENETIC_PROGRAMMING_SYMBOLIC_ROUTER_20260724\PDF_FOLDER_GP_CORPUS_AUDIT.md; 120_V153_GENETIC_PROGRAMMING_SYMBOLIC_ROUTER_20260724\QEC_EVOLUTIONARY_PAPERS_AUDIT.md; 120_V153_GENETIC_PROGRAMMING_SYMBOLIC_ROUTER_20260724\QEC_EVOLUTIONARY_PAPERS_INVENTORY.csv; 120_V153_GENETIC_PROGRAMMING_SYMBOLIC_ROUTER_20260724\V153_GENETIC_PROGRAMMING_CORPUS_AND_RESULT_20260724.md; 120_V153_GENETIC_PROGRAMMING_SYMBOLIC_ROUTER_20260724\V153_RESULT.json; 120_V153_GENETIC_PROGRAMMING_SYMBOLIC_ROUTER_20260724\v153_symbolic_island_router.py; 120_V153_GENETIC_PROGRAMMING_SYMBOLIC_ROUTER_20260724\v153_symbolic_island_router.slurm; qec_work\wolffe_archive_20260730\extracted\home\22228049\qec_v109_open_source_20260722\v153_symbolic_island_router.py; qec_work\wolffe_archive_20260730\extracted\home\22228049\qec_v109_open_source_20260722\v153_symbolic_island_router.slurm; qec_work\wolffe_archive_20260730\extracted\home\22228049\qec_v109_open_source_20260722\logs\v153_52769.err; qec_work\wolffe_archive_20260730\extracted\home\22228049\qec_v109_open_source_20260722\logs\v153_52769.out,,,,,,,,QEC_RUN_MATRIX_V1_V392_20260731.csv,Z:\Meetings\Complete\22-7-2026\QEC_AI_PAPER_MASTER_20260717,C:\Users\22228049\.codex\github_publish\hardware-adaptive-qec-ibm,IBM real shots; domain/held-out,measured artifact,diagnostic/not promoted,Version V153 retained with original matrix fields; no missing fields were inferred.
V154,G3_spatiotemporal_attention_tuning,BP-OSD; MWPM/PyMatching; neural/ML; calibration/drift; ensemble/consensus; postselection/gate,soft/LLR or analog; hard syndrome; calibration/backend metadata,IBM real shots; phenomenological/Stim; domain/held-out,1/,1.2180 pp; 0.8383 pp; +0.4750 pp; 0.1531 pp; +0.3281 pp; 1.9688 pp; +1.7396 pp; +0.6505 pp; +1.5167 pp; 0.0000 pp,str; {},unavailable,unavailable,unavailable,unavailable,121_V154_CUDAQ_Z_EXTENSION_20260724\ALL_VERSIONS.md; 121_V154_CUDAQ_Z_EXTENSION_20260724\FULL_COVERAGE_VALIDATION_ROSTER_20260724.md; 121_V154_CUDAQ_Z_EXTENSION_20260724\PRELIMINARY_RESULTS.md; 121_V154_CUDAQ_Z_EXTENSION_20260724\README.md; 121_V154_CUDAQ_Z_EXTENSION_20260724\V149_FULL_BASIS_MWPM_CONFIRMATION_ADDENDUM_20260724.json; 121_V154_CUDAQ_Z_EXTENSION_20260724\v154_cudaq_z_sweep.slurm; 121_V154_CUDAQ_Z_EXTENSION_20260724\v154_cudaq_z_variants.py; 121_V154_CUDAQ_Z_EXTENSION_20260724\V154_REAL_IBM_DATA_AUDIT_AND_EXPERIMENT_RECORD_20260724.md; 121_V154_CUDAQ_Z_EXTENSION_20260724\V154_RESULT.json; 121_V154_CUDAQ_Z_EXTENSION_20260724\v154_select_z_extension.py; 121_V154_CUDAQ_Z_EXTENSION_20260724\v154_select_z_extension.slurm; qec_work\wolffe_archive_20260730\extracted\home\22228049\qec_v109_open_source_20260722\logs\v154_52798_0.err; qec_work\wolffe_archive_20260730\extracted\home\22228049\qec_v109_open_source_20260722\logs\v154_52798_0.out; qec_work\wolffe_archive_20260730\extracted\home\22228049\qec_v109_open_source_20260722\logs\v154_52799_1.err; qec_work\wolffe_archive_20260730\extracted\home\22228049\qec_v109_open_source_20260722\logs\v154_52799_1.out; qec_work\wolffe_archive_20260730\extracted\home\22228049\qec_v109_open_source_20260722\logs\v154_52799_10.err; qec_work\wolffe_archive_20260730\extracted\home\22228049\qec_v109_open_source_20260722\logs\v154_52799_10.out; qec_work\wolffe_archive_20260730\extracted\home\22228049\qec_v109_open_source_20260722\logs\v154_52799_11.err; qec_work\wolffe_archive_20260730\extracted\home\22228049\qec_v109_open_source_20260722\logs\v154_52799_11.out; qec_work\wolffe_archive_20260730\extracted\home\22228049\qec_v109_open_source_20260722\logs\v154_52799_12.err; qec_work\wolffe_archive_20260730\extracted\home\22228049\qec_v109_open_source_20260722\logs\v154_52799_12.out; qec_work\wolffe_archive_20260730\extracted\home\22228049\qec_v109_open_source_20260722\logs\v154_52799_13.err; qec_work\wolffe_archive_20260730\extracted\home\22228049\qec_v109_open_source_20260722\logs\v154_52799_13.out; qec_work\wolffe_archive_20260730\extracted\home\22228049\qec_v109_open_source_20260722\logs\v154_52799_14.err; qec_work\wolffe_archive_20260730\extracted\home\22228049\qec_v109_open_source_20260722\logs\v154_52799_14.out; C:\Users\22228049\.codex\qec_work\wolffe_archive_20260730\extracted\home\22228049\qec_v109_open_source_20260722\v154\v154_cudaq_z_variants.py; C:\Users\22228049\.codex\qec_work\wolffe_archive_20260730\extracted\home\22228049\qec_v109_open_source_20260722\v154\v154_select_z_extension.py,measured artifact found; diagnostic/protocol or pending,"Run a frozen, untouched IBM block with V12 fallback; report X/Z/domain confidence intervals before promotion.",normal,not a V12 comparison,MWPM/BP-OSD comparator only when explicitly present; no claim if unavailable,late audit; 121_V154_CUDAQ_Z_EXTENSION_20260724\ALL_VERSIONS.md; 121_V154_CUDAQ_Z_EXTENSION_20260724\FULL_COVERAGE_VALIDATION_ROSTER_20260724.md; 121_V154_CUDAQ_Z_EXTENSION_20260724\PRELIMINARY_RESULTS.md; 121_V154_CUDAQ_Z_EXTENSION_20260724\README.md; 121_V154_CUDAQ_Z_EXTENSION_20260724\V149_FULL_BASIS_MWPM_CONFIRMATION_ADDENDUM_20260724.json; 121_V154_CUDAQ_Z_EXTENSION_20260724\v154_cudaq_z_sweep.slurm; 121_V154_CUDAQ_Z_EXTENSION_20260724\v154_cudaq_z_variants.py; 121_V154_CUDAQ_Z_EXTENSION_20260724\V154_REAL_IBM_DATA_AUDIT_AND_EXPERIMENT_RECORD_20260724.md; 121_V154_CUDAQ_Z_EXTENSION_20260724\V154_RESULT.json; 121_V154_CUDAQ_Z_EXTENSION_20260724\v154_select_z_extension.py; 121_V154_CUDAQ_Z_EXTENSION_20260724\v154_select_z_extension.slurm; qec_work\wolffe_archive_20260730\extracted\home\22228049\qec_v109_open_source_20260722\logs\v154_52798_0.err; qec_work\wolffe_archive_20260730\extracted\home\22228049\qec_v109_open_source_20260722\logs\v154_52798_0.out; qec_work\wolffe_archive_20260730\extracted\home\22228049\qec_v109_open_source_20260722\logs\v154_52799_1.err; qec_work\wolffe_archive_20260730\extracted\home\22228049\qec_v109_open_source_20260722\logs\v154_52799_1.out; qec_work\wolffe_archive_20260730\extracted\home\22228049\qec_v109_open_source_20260722\logs\v154_52799_10.err; qec_work\wolffe_archive_20260730\extracted\home\22228049\qec_v109_open_source_20260722\logs\v154_52799_10.out; qec_work\wolffe_archive_20260730\extracted\home\22228049\qec_v109_open_source_20260722\logs\v154_52799_11.err; qec_work\wolffe_archive_20260730\extracted\home\22228049\qec_v109_open_source_20260722\logs\v154_52799_11.out; qec_work\wolffe_archive_20260730\extracted\home\22228049\qec_v109_open_source_20260722\logs\v154_52799_12.err; qec_work\wolffe_archive_20260730\extracted\home\22228049\qec_v109_open_source_20260722\logs\v154_52799_12.out; qec_work\wolffe_archive_20260730\extracted\home\22228049\qec_v109_open_source_20260722\logs\v154_52799_13.err; qec_work\wolffe_archive_20260730\extracted\home\22228049\qec_v109_open_source_20260722\logs\v154_52799_13.out; qec_work\wolffe_archive_20260730\extracted\home\22228049\qec_v109_open_source_20260722\logs\v154_52799_14.err; qec_work\wolffe_archive_20260730\extracted\home\22228049\qec_v109_open_source_20260722\logs\v154_52799_14.out,,,,,,,,QEC_RUN_MATRIX_V1_V392_20260731.csv,Z:\Meetings\Complete\22-7-2026\QEC_AI_PAPER_MASTER_20260717,C:\Users\22228049\.codex\github_publish\hardware-adaptive-qec-ibm,IBM real shots; phenomenological/Stim; domain/held-out,measured artifact,diagnostic/not promoted,Version V154 retained with original matrix fields; no missing fields were inferred.
V155,G3_spatiotemporal_attention_tuning,MWPM/PyMatching; calibration/drift; ensemble/consensus; postselection/gate,soft/LLR or analog; hard syndrome; calibration/backend metadata,IBM real shots; domain/held-out,0/,gain_pp = 100.0,str) -> dict:; load_domain(args.v112_root; np.asarray(evaluation_name),unavailable,unavailable,unavailable,gain_pp = 100.0,122_V155_V156_POPULATION_UTILITY_Z_DECODERS_20260724\v155_aggregate.py; 122_V155_V156_POPULATION_UTILITY_Z_DECODERS_20260724\v155_aggregate.slurm; 122_V155_V156_POPULATION_UTILITY_Z_DECODERS_20260724\v155_population_utility_router.py; 122_V155_V156_POPULATION_UTILITY_Z_DECODERS_20260724\v155_population_utility_router.slurm; 122_V155_V156_POPULATION_UTILITY_Z_DECODERS_20260724\V155_RESULT.json; 122_V155_V156_POPULATION_UTILITY_Z_DECODERS_20260724\V155_V156_Z_DECODER_RESULT_RECORD_20260724.md; 122_V155_V156_POPULATION_UTILITY_Z_DECODERS_20260724\v156_aggregate.slurm; 122_V155_V156_POPULATION_UTILITY_Z_DECODERS_20260724\v156_config_utility_router.slurm; 122_V155_V156_POPULATION_UTILITY_Z_DECODERS_20260724\V156_RESULT.json; qec_work\wolffe_archive_20260730\extracted\home\22228049\qec_v109_open_source_20260722\logs\v155_52919_0.err; qec_work\wolffe_archive_20260730\extracted\home\22228049\qec_v109_open_source_20260722\logs\v155_52919_0.out; qec_work\wolffe_archive_20260730\extracted\home\22228049\qec_v109_open_source_20260722\logs\v155_52920_1.err; qec_work\wolffe_archive_20260730\extracted\home\22228049\qec_v109_open_source_20260722\logs\v155_52920_1.out; qec_work\wolffe_archive_20260730\extracted\home\22228049\qec_v109_open_source_20260722\logs\v155_52920_2.err; qec_work\wolffe_archive_20260730\extracted\home\22228049\qec_v109_open_source_20260722\logs\v155_52920_2.out; qec_work\wolffe_archive_20260730\extracted\home\22228049\qec_v109_open_source_20260722\logs\v155_52920_3.err; qec_work\wolffe_archive_20260730\extracted\home\22228049\qec_v109_open_source_20260722\logs\v155_52920_3.out; qec_work\wolffe_archive_20260730\extracted\home\22228049\qec_v109_open_source_20260722\logs\v155_52920_4.err; qec_work\wolffe_archive_20260730\extracted\home\22228049\qec_v109_open_source_20260722\logs\v155_52920_4.out; qec_work\wolffe_archive_20260730\extracted\home\22228049\qec_v109_open_source_20260722\logs\v155_52920_5.err; qec_work\wolffe_archive_20260730\extracted\home\22228049\qec_v109_open_source_20260722\logs\v155_52920_5.out; qec_work\wolffe_archive_20260730\extracted\home\22228049\qec_v109_open_source_20260722\logs\v155_52920_6.err; qec_work\wolffe_archive_20260730\extracted\home\22228049\qec_v109_open_source_20260722\logs\v155_52920_6.out; qec_work\wolffe_archive_20260730\extracted\home\22228049\qec_v109_open_source_20260722\v155\v155_aggregate.py; qec_work\wolffe_archive_20260730\extracted\home\22228049\qec_v109_open_source_20260722\v155\v155_aggregate.slurm; C:\Users\22228049\.codex\qec_work\wolffe_archive_20260730\extracted\home\22228049\qec_v109_open_source_20260722\v155\v155_aggregate.py; C:\Users\22228049\.codex\qec_work\wolffe_archive_20260730\extracted\home\22228049\qec_v109_open_source_20260722\v155\v155_population_utility_router.py; C:\Users\22228049\.codex\qec_work\wolffe_archive_20260730\extracted\home\22228049\qec_v109_open_source_20260722\v156\v155_aggregate.py; C:\Users\22228049\.codex\qec_work\wolffe_archive_20260730\extracted\home\22228049\qec_v109_open_source_20260722\v156\v155_population_utility_router.py,measured artifact found; diagnostic/protocol or pending,Use leave-one-domain-out calibration conditioning with a frozen gate and paired bootstrap; reject if either basis or domain regresses.,normal,not a V12 comparison,MWPM/BP-OSD comparator only when explicitly present; no claim if unavailable,late audit; 122_V155_V156_POPULATION_UTILITY_Z_DECODERS_20260724\v155_aggregate.py; 122_V155_V156_POPULATION_UTILITY_Z_DECODERS_20260724\v155_aggregate.slurm; 122_V155_V156_POPULATION_UTILITY_Z_DECODERS_20260724\v155_population_utility_router.py; 122_V155_V156_POPULATION_UTILITY_Z_DECODERS_20260724\v155_population_utility_router.slurm; 122_V155_V156_POPULATION_UTILITY_Z_DECODERS_20260724\V155_RESULT.json; 122_V155_V156_POPULATION_UTILITY_Z_DECODERS_20260724\V155_V156_Z_DECODER_RESULT_RECORD_20260724.md; 122_V155_V156_POPULATION_UTILITY_Z_DECODERS_20260724\v156_aggregate.slurm; 122_V155_V156_POPULATION_UTILITY_Z_DECODERS_20260724\v156_config_utility_router.slurm; 122_V155_V156_POPULATION_UTILITY_Z_DECODERS_20260724\V156_RESULT.json; qec_work\wolffe_archive_20260730\extracted\home\22228049\qec_v109_open_source_20260722\logs\v155_52919_0.err; qec_work\wolffe_archive_20260730\extracted\home\22228049\qec_v109_open_source_20260722\logs\v155_52919_0.out; qec_work\wolffe_archive_20260730\extracted\home\22228049\qec_v109_open_source_20260722\logs\v155_52920_1.err; qec_work\wolffe_archive_20260730\extracted\home\22228049\qec_v109_open_source_20260722\logs\v155_52920_1.out; qec_work\wolffe_archive_20260730\extracted\home\22228049\qec_v109_open_source_20260722\logs\v155_52920_2.err; qec_work\wolffe_archive_20260730\extracted\home\22228049\qec_v109_open_source_20260722\logs\v155_52920_2.out; qec_work\wolffe_archive_20260730\extracted\home\22228049\qec_v109_open_source_20260722\logs\v155_52920_3.err; qec_work\wolffe_archive_20260730\extracted\home\22228049\qec_v109_open_source_20260722\logs\v155_52920_3.out; qec_work\wolffe_archive_20260730\extracted\home\22228049\qec_v109_open_source_20260722\logs\v155_52920_4.err; qec_work\wolffe_archive_20260730\extracted\home\22228049\qec_v109_open_source_20260722\logs\v155_52920_4.out; qec_work\wolffe_archive_20260730\extracted\home\22228049\qec_v109_open_source_20260722\logs\v155_52920_5.err; qec_work\wolffe_archive_20260730\extracted\home\22228049\qec_v109_open_source_20260722\logs\v155_52920_5.out; qec_work\wolffe_archive_20260730\extracted\home\22228049\qec_v109_open_source_20260722\logs\v155_52920_6.err; qec_work\wolffe_archive_20260730\extracted\home\22228049\qec_v109_open_source_20260722\logs\v155_52920_6.out; qec_work\wolffe_archive_20260730\extracted\home\22228049\qec_v109_open_source_20260722\v155\v155_aggregate.py; qec_work\wolffe_archive_20260730\extracted\home\22228049\qec_v109_open_source_20260722\v155\v155_aggregate.slurm,,,,,,,,QEC_RUN_MATRIX_V1_V392_20260731.csv,Z:\Meetings\Complete\22-7-2026\QEC_AI_PAPER_MASTER_20260717,C:\Users\22228049\.codex\github_publish\hardware-adaptive-qec-ibm,IBM real shots; domain/held-out,measured artifact,diagnostic/not promoted,Version V155 retained with original matrix fields; no missing fields were inferred.
V156,G3_spatiotemporal_attention_tuning,unavailable,unavailable,unavailable,unavailable,gain_pp = 100.0,unavailable,unavailable,unavailable,unavailable,unavailable,122_V155_V156_POPULATION_UTILITY_Z_DECODERS_20260724\v155_aggregate.py; 122_V155_V156_POPULATION_UTILITY_Z_DECODERS_20260724\v155_aggregate.slurm; 122_V155_V156_POPULATION_UTILITY_Z_DECODERS_20260724\v155_population_utility_router.py; 122_V155_V156_POPULATION_UTILITY_Z_DECODERS_20260724\v155_population_utility_router.slurm; 122_V155_V156_POPULATION_UTILITY_Z_DECODERS_20260724\V155_RESULT.json; 122_V155_V156_POPULATION_UTILITY_Z_DECODERS_20260724\V155_V156_Z_DECODER_RESULT_RECORD_20260724.md; 122_V155_V156_POPULATION_UTILITY_Z_DECODERS_20260724\v156_aggregate.slurm; 122_V155_V156_POPULATION_UTILITY_Z_DECODERS_20260724\v156_config_utility_router.slurm; 122_V155_V156_POPULATION_UTILITY_Z_DECODERS_20260724\V156_RESULT.json; qec_work\wolffe_archive_20260730\extracted\home\22228049\qec_v109_open_source_20260722\logs\v156_52927_0.err; qec_work\wolffe_archive_20260730\extracted\home\22228049\qec_v109_open_source_20260722\logs\v156_52927_0.out; qec_work\wolffe_archive_20260730\extracted\home\22228049\qec_v109_open_source_20260722\logs\v156_52928_1.err; qec_work\wolffe_archive_20260730\extracted\home\22228049\qec_v109_open_source_20260722\logs\v156_52928_1.out; qec_work\wolffe_archive_20260730\extracted\home\22228049\qec_v109_open_source_20260722\logs\v156_52928_2.err; qec_work\wolffe_archive_20260730\extracted\home\22228049\qec_v109_open_source_20260722\logs\v156_52928_2.out; qec_work\wolffe_archive_20260730\extracted\home\22228049\qec_v109_open_source_20260722\logs\v156_52928_3.err; qec_work\wolffe_archive_20260730\extracted\home\22228049\qec_v109_open_source_20260722\logs\v156_52928_3.out; qec_work\wolffe_archive_20260730\extracted\home\22228049\qec_v109_open_source_20260722\logs\v156_52928_4.err; qec_work\wolffe_archive_20260730\extracted\home\22228049\qec_v109_open_source_20260722\logs\v156_52928_4.out; qec_work\wolffe_archive_20260730\extracted\home\22228049\qec_v109_open_source_20260722\logs\v156_52928_5.err; qec_work\wolffe_archive_20260730\extracted\home\22228049\qec_v109_open_source_20260722\logs\v156_52928_5.out; qec_work\wolffe_archive_20260730\extracted\home\22228049\qec_v109_open_source_20260722\logs\v156_52928_6.err; qec_work\wolffe_archive_20260730\extracted\home\22228049\qec_v109_open_source_20260722\logs\v156_52928_6.out; qec_work\wolffe_archive_20260730\extracted\home\22228049\qec_v109_open_source_20260722\v156\v155_aggregate.py; qec_work\wolffe_archive_20260730\extracted\home\22228049\qec_v109_open_source_20260722\v156\v155_population_utility_router.py,measured artifact found; diagnostic/protocol or pending,Use leave-one-domain-out calibration conditioning with a frozen gate and paired bootstrap; reject if either basis or domain regresses.,normal,not a V12 comparison,MWPM/BP-OSD comparator only when explicitly present; no claim if unavailable,late audit; 122_V155_V156_POPULATION_UTILITY_Z_DECODERS_20260724\v155_aggregate.py; 122_V155_V156_POPULATION_UTILITY_Z_DECODERS_20260724\v155_aggregate.slurm; 122_V155_V156_POPULATION_UTILITY_Z_DECODERS_20260724\v155_population_utility_router.py; 122_V155_V156_POPULATION_UTILITY_Z_DECODERS_20260724\v155_population_utility_router.slurm; 122_V155_V156_POPULATION_UTILITY_Z_DECODERS_20260724\V155_RESULT.json; 122_V155_V156_POPULATION_UTILITY_Z_DECODERS_20260724\V155_V156_Z_DECODER_RESULT_RECORD_20260724.md; 122_V155_V156_POPULATION_UTILITY_Z_DECODERS_20260724\v156_aggregate.slurm; 122_V155_V156_POPULATION_UTILITY_Z_DECODERS_20260724\v156_config_utility_router.slurm; 122_V155_V156_POPULATION_UTILITY_Z_DECODERS_20260724\V156_RESULT.json; qec_work\wolffe_archive_20260730\extracted\home\22228049\qec_v109_open_source_20260722\logs\v156_52927_0.err; qec_work\wolffe_archive_20260730\extracted\home\22228049\qec_v109_open_source_20260722\logs\v156_52927_0.out; qec_work\wolffe_archive_20260730\extracted\home\22228049\qec_v109_open_source_20260722\logs\v156_52928_1.err; qec_work\wolffe_archive_20260730\extracted\home\22228049\qec_v109_open_source_20260722\logs\v156_52928_1.out; qec_work\wolffe_archive_20260730\extracted\home\22228049\qec_v109_open_source_20260722\logs\v156_52928_2.err; qec_work\wolffe_archive_20260730\extracted\home\22228049\qec_v109_open_source_20260722\logs\v156_52928_2.out; qec_work\wolffe_archive_20260730\extracted\home\22228049\qec_v109_open_source_20260722\logs\v156_52928_3.err; qec_work\wolffe_archive_20260730\extracted\home\22228049\qec_v109_open_source_20260722\logs\v156_52928_3.out; qec_work\wolffe_archive_20260730\extracted\home\22228049\qec_v109_open_source_20260722\logs\v156_52928_4.err; qec_work\wolffe_archive_20260730\extracted\home\22228049\qec_v109_open_source_20260722\logs\v156_52928_4.out; qec_work\wolffe_archive_20260730\extracted\home\22228049\qec_v109_open_source_20260722\logs\v156_52928_5.err; qec_work\wolffe_archive_20260730\extracted\home\22228049\qec_v109_open_source_20260722\logs\v156_52928_5.out; qec_work\wolffe_archive_20260730\extracted\home\22228049\qec_v109_open_source_20260722\logs\v156_52928_6.err; qec_work\wolffe_archive_20260730\extracted\home\22228049\qec_v109_open_source_20260722\logs\v156_52928_6.out; qec_work\wolffe_archive_20260730\extracted\home\22228049\qec_v109_open_source_20260722\v156\v155_aggregate.py; qec_work\wolffe_archive_20260730\extracted\home\22228049\qec_v109_open_source_20260722\v156\v155_population_utility_router.py,,,,,,,,QEC_RUN_MATRIX_V1_V392_20260731.csv,Z:\Meetings\Complete\22-7-2026\QEC_AI_PAPER_MASTER_20260717,C:\Users\22228049\.codex\github_publish\hardware-adaptive-qec-ibm,unavailable,measured artifact,diagnostic/not promoted,Version V156 retained with original matrix fields; no missing fields were inferred.
V157,G3_spatiotemporal_attention_tuning,MWPM/PyMatching; neural/ML; calibration/drift; ensemble/consensus; geometry/FAISS,soft/LLR or analog; hard syndrome; calibration/backend metadata,IBM real shots; domain/held-out,unavailable,unavailable,"{""kingston"": 0; str) -> dict:; nn.Embedding(3; torch.Tensor; backend.to(device; = args.validation_domain:; load_domain(args.v112_root; np.asarray(args.evaluation_domain)",unavailable,unavailable,unavailable,unavailable,123_V157_V159_DEEP_NEURAL_Z_DECODERS_20260724\v157_deep_population_transformer.py; 123_V157_V159_DEEP_NEURAL_Z_DECODERS_20260724\v157_deep_population_transformer.slurm; 123_V157_V159_DEEP_NEURAL_Z_DECODERS_20260724\V157_RESULT.json; 123_V157_V159_DEEP_NEURAL_Z_DECODERS_20260724\V157_V159_DEEP_NEURAL_Z_RESULT_RECORD_20260724.md; 123_V157_V159_DEEP_NEURAL_Z_DECODERS_20260724\v158_aq1_ibm_transfer.py; 123_V157_V159_DEEP_NEURAL_Z_DECODERS_20260724\v158_aq1_ibm_transfer.slurm; 123_V157_V159_DEEP_NEURAL_Z_DECODERS_20260724\v159_architecture_benchmark.py; 123_V157_V159_DEEP_NEURAL_Z_DECODERS_20260724\v159_architecture_benchmark.slurm; qec_work\wolffe_archive_20260730\extracted\home\22228049\qec_v109_open_source_20260722\v157\v157_deep_population_transformer.py; qec_work\wolffe_archive_20260730\extracted\home\22228049\qec_v109_open_source_20260722\v157\v157_deep_population_transformer.slurm; C:\Users\22228049\.codex\qec_work\wolffe_archive_20260730\extracted\home\22228049\qec_v109_open_source_20260722\v157\v157_deep_population_transformer.py,measured artifact found; diagnostic/protocol or pending,"Run a frozen, untouched IBM block with V12 fallback; report X/Z/domain confidence intervals before promotion.",normal,not a V12 comparison,MWPM/BP-OSD comparator only when explicitly present; no claim if unavailable,late audit; 123_V157_V159_DEEP_NEURAL_Z_DECODERS_20260724\v157_deep_population_transformer.py; 123_V157_V159_DEEP_NEURAL_Z_DECODERS_20260724\v157_deep_population_transformer.slurm; 123_V157_V159_DEEP_NEURAL_Z_DECODERS_20260724\V157_RESULT.json; 123_V157_V159_DEEP_NEURAL_Z_DECODERS_20260724\V157_V159_DEEP_NEURAL_Z_RESULT_RECORD_20260724.md; 123_V157_V159_DEEP_NEURAL_Z_DECODERS_20260724\v158_aq1_ibm_transfer.py; 123_V157_V159_DEEP_NEURAL_Z_DECODERS_20260724\v158_aq1_ibm_transfer.slurm; 123_V157_V159_DEEP_NEURAL_Z_DECODERS_20260724\v159_architecture_benchmark.py; 123_V157_V159_DEEP_NEURAL_Z_DECODERS_20260724\v159_architecture_benchmark.slurm; qec_work\wolffe_archive_20260730\extracted\home\22228049\qec_v109_open_source_20260722\v157\v157_deep_population_transformer.py; qec_work\wolffe_archive_20260730\extracted\home\22228049\qec_v109_open_source_20260722\v157\v157_deep_population_transformer.slurm,,,,,,,,QEC_RUN_MATRIX_V1_V392_20260731.csv,Z:\Meetings\Complete\22-7-2026\QEC_AI_PAPER_MASTER_20260717,C:\Users\22228049\.codex\github_publish\hardware-adaptive-qec-ibm,IBM real shots; domain/held-out,measured artifact,diagnostic/not promoted,Version V157 retained with original matrix fields; no missing fields were inferred.
V158,G3_spatiotemporal_attention_tuning,neural/ML; calibration/drift,soft/LLR or analog; hard syndrome; calibration/backend metadata,IBM real shots; domain/held-out,unavailable,unavailable,"str) -> dict:; load_domain(args.data_root; ""v39_fez""",unavailable,unavailable,unavailable,unavailable,123_V157_V159_DEEP_NEURAL_Z_DECODERS_20260724\v158_aq1_ibm_transfer.py; 123_V157_V159_DEEP_NEURAL_Z_DECODERS_20260724\v158_aq1_ibm_transfer.slurm; qec_work\wolffe_archive_20260730\extracted\home\22228049\qec_v109_open_source_20260722\v158\v158_aq1_ibm_transfer.py; qec_work\wolffe_archive_20260730\extracted\home\22228049\qec_v109_open_source_20260722\v158\v158_aq1_ibm_transfer.slurm; C:\Users\22228049\.codex\qec_work\wolffe_archive_20260730\extracted\home\22228049\qec_v109_open_source_20260722\v158\v158_aq1_ibm_transfer.py,measured artifact found,"Run a frozen, untouched IBM block with V12 fallback; report X/Z/domain confidence intervals before promotion.",normal,not a V12 comparison,MWPM/BP-OSD comparator only when explicitly present; no claim if unavailable,late audit; 123_V157_V159_DEEP_NEURAL_Z_DECODERS_20260724\v158_aq1_ibm_transfer.py; 123_V157_V159_DEEP_NEURAL_Z_DECODERS_20260724\v158_aq1_ibm_transfer.slurm; qec_work\wolffe_archive_20260730\extracted\home\22228049\qec_v109_open_source_20260722\v158\v158_aq1_ibm_transfer.py; qec_work\wolffe_archive_20260730\extracted\home\22228049\qec_v109_open_source_20260722\v158\v158_aq1_ibm_transfer.slurm,,,,,,,,QEC_RUN_MATRIX_V1_V392_20260731.csv,Z:\Meetings\Complete\22-7-2026\QEC_AI_PAPER_MASTER_20260717,C:\Users\22228049\.codex\github_publish\hardware-adaptive-qec-ibm,IBM real shots; domain/held-out,audit or unavailable,promoted,Version V158 retained with original matrix fields; no missing fields were inferred.
V159,G3_spatiotemporal_attention_tuning,neural/ML; calibration/drift,soft/LLR or analog; hard syndrome; calibration/backend metadata,IBM real shots; domain/held-out,15900/,unavailable,load(args.data_root,unavailable,unavailable,unavailable,unavailable,123_V157_V159_DEEP_NEURAL_Z_DECODERS_20260724\v157_deep_population_transformer.py; 123_V157_V159_DEEP_NEURAL_Z_DECODERS_20260724\v157_deep_population_transformer.slurm; 123_V157_V159_DEEP_NEURAL_Z_DECODERS_20260724\V157_RESULT.json; 123_V157_V159_DEEP_NEURAL_Z_DECODERS_20260724\V157_V159_DEEP_NEURAL_Z_RESULT_RECORD_20260724.md; 123_V157_V159_DEEP_NEURAL_Z_DECODERS_20260724\v158_aq1_ibm_transfer.py; 123_V157_V159_DEEP_NEURAL_Z_DECODERS_20260724\v158_aq1_ibm_transfer.slurm; 123_V157_V159_DEEP_NEURAL_Z_DECODERS_20260724\v159_architecture_benchmark.py; 123_V157_V159_DEEP_NEURAL_Z_DECODERS_20260724\v159_architecture_benchmark.slurm; qec_work\wolffe_archive_20260730\extracted\home\22228049\qec_v109_open_source_20260722\v159\v159_architecture_benchmark.py; qec_work\wolffe_archive_20260730\extracted\home\22228049\qec_v109_open_source_20260722\v159\v159_architecture_benchmark.slurm; C:\Users\22228049\.codex\qec_work\wolffe_archive_20260730\extracted\home\22228049\qec_v109_open_source_20260722\v159\v159_architecture_benchmark.py,measured artifact found; diagnostic/protocol or pending,"Run a frozen, untouched IBM block with V12 fallback; report X/Z/domain confidence intervals before promotion.",normal,not a V12 comparison,MWPM/BP-OSD comparator only when explicitly present; no claim if unavailable,late audit; 123_V157_V159_DEEP_NEURAL_Z_DECODERS_20260724\v157_deep_population_transformer.py; 123_V157_V159_DEEP_NEURAL_Z_DECODERS_20260724\v157_deep_population_transformer.slurm; 123_V157_V159_DEEP_NEURAL_Z_DECODERS_20260724\V157_RESULT.json; 123_V157_V159_DEEP_NEURAL_Z_DECODERS_20260724\V157_V159_DEEP_NEURAL_Z_RESULT_RECORD_20260724.md; 123_V157_V159_DEEP_NEURAL_Z_DECODERS_20260724\v158_aq1_ibm_transfer.py; 123_V157_V159_DEEP_NEURAL_Z_DECODERS_20260724\v158_aq1_ibm_transfer.slurm; 123_V157_V159_DEEP_NEURAL_Z_DECODERS_20260724\v159_architecture_benchmark.py; 123_V157_V159_DEEP_NEURAL_Z_DECODERS_20260724\v159_architecture_benchmark.slurm; qec_work\wolffe_archive_20260730\extracted\home\22228049\qec_v109_open_source_20260722\v159\v159_architecture_benchmark.py; qec_work\wolffe_archive_20260730\extracted\home\22228049\qec_v109_open_source_20260722\v159\v159_architecture_benchmark.slurm,,,,,,,,QEC_RUN_MATRIX_V1_V392_20260731.csv,Z:\Meetings\Complete\22-7-2026\QEC_AI_PAPER_MASTER_20260717,C:\Users\22228049\.codex\github_publish\hardware-adaptive-qec-ibm,IBM real shots; domain/held-out,measured artifact,diagnostic/not promoted,Version V159 retained with original matrix fields; no missing fields were inferred.
V160,G3_spatiotemporal_attention_tuning,graph/DEM; calibration/drift; postselection/gate; geometry/FAISS,soft/LLR or analog; hard syndrome; calibration/backend metadata,IBM real shots; domain/held-out,16000/,unavailable,"str) -> str:; return ""ibm_kingston""; return ""ibm_fez""; int; metadata[:; backend_for(name); nn.Embedding(2; torch.Tensor; = args.validation_domain:; evaluation[""basis""]",unavailable,unavailable,unavailable,unavailable,124_V160_IBM_ALPHA_STYLE_DECODER_20260724\v160b_cross_domain.slurm; 124_V160_IBM_ALPHA_STYLE_DECODER_20260724\v160_ibm_alpha_style.py; 124_V160_IBM_ALPHA_STYLE_DECODER_20260724\v160_ibm_alpha_style.slurm; 124_V160_IBM_ALPHA_STYLE_DECODER_20260724\V160_IBM_ALPHA_STYLE_DESIGN_RECORD_20260724.md; 124_V160_IBM_ALPHA_STYLE_DECODER_20260724\V160_IBM_ALPHA_STYLE_RESULT_RECORD_20260724.md; 124_V160_IBM_ALPHA_STYLE_DECODER_20260724\v160_ibm_alpha_style_smoke.slurm; 124_V160_IBM_ALPHA_STYLE_DECODER_20260724\v160_summarize.py; 124_V160_IBM_ALPHA_STYLE_DECODER_20260724\results\V160_RESULTS_SUMMARY.csv; 124_V160_IBM_ALPHA_STYLE_DECODER_20260724\results\smoke\logs\v160_52952_0.err; 124_V160_IBM_ALPHA_STYLE_DECODER_20260724\results\smoke\logs\v160_52952_0.out; 124_V160_IBM_ALPHA_STYLE_DECODER_20260724\results\smoke\logs\v160_52952_1.err; 124_V160_IBM_ALPHA_STYLE_DECODER_20260724\results\smoke\logs\v160_52952_1.out; 124_V160_IBM_ALPHA_STYLE_DECODER_20260724\results\smoke\logs\v160_52952_2.err; 124_V160_IBM_ALPHA_STYLE_DECODER_20260724\results\smoke\logs\v160_52952_2.out; 124_V160_IBM_ALPHA_STYLE_DECODER_20260724\results\smoke\logs\v160_52952_3.err; 124_V160_IBM_ALPHA_STYLE_DECODER_20260724\results\smoke\logs\v160_52952_3.out; 124_V160_IBM_ALPHA_STYLE_DECODER_20260724\v160b_cross_domain\V160B_CROSS_DOMAIN_FOLDS_20260725.csv; 124_V160_IBM_ALPHA_STYLE_DECODER_20260724\v160b_cross_domain\V160B_CROSS_DOMAIN_RESULT_20260725.md; qec_work\wolffe_archive_20260730\extracted\home\22228049\qec_v109_open_source_20260722\v160b_cross_domain.slurm; qec_work\wolffe_archive_20260730\extracted\home\22228049\qec_v109_open_source_20260722\v160_ibm_alpha_style.py; qec_work\wolffe_archive_20260730\extracted\home\22228049\qec_v109_open_source_20260722\v160_ibm_alpha_style.slurm; qec_work\wolffe_archive_20260730\extracted\home\22228049\qec_v109_open_source_20260722\v160_ibm_alpha_style_smoke.slurm; qec_work\wolffe_archive_20260730\extracted\home\22228049\qec_v109_open_source_20260722\logs\v160_52956_0.err; qec_work\wolffe_archive_20260730\extracted\home\22228049\qec_v109_open_source_20260722\logs\v160_52956_0.out; qec_work\wolffe_archive_20260730\extracted\home\22228049\qec_v109_open_source_20260722\logs\v160_52956_1.err; C:\Users\22228049\.codex\qec_work\wolffe_archive_20260730\extracted\home\22228049\qec_v109_open_source_20260722\v160_ibm_alpha_style.py,measured artifact found; diagnostic/protocol or pending,"Run a frozen, untouched IBM block with V12 fallback; report X/Z/domain confidence intervals before promotion.",normal,not a V12 comparison,MWPM/BP-OSD comparator only when explicitly present; no claim if unavailable,late audit; 124_V160_IBM_ALPHA_STYLE_DECODER_20260724\v160b_cross_domain.slurm; 124_V160_IBM_ALPHA_STYLE_DECODER_20260724\v160_ibm_alpha_style.py; 124_V160_IBM_ALPHA_STYLE_DECODER_20260724\v160_ibm_alpha_style.slurm; 124_V160_IBM_ALPHA_STYLE_DECODER_20260724\V160_IBM_ALPHA_STYLE_DESIGN_RECORD_20260724.md; 124_V160_IBM_ALPHA_STYLE_DECODER_20260724\V160_IBM_ALPHA_STYLE_RESULT_RECORD_20260724.md; 124_V160_IBM_ALPHA_STYLE_DECODER_20260724\v160_ibm_alpha_style_smoke.slurm; 124_V160_IBM_ALPHA_STYLE_DECODER_20260724\v160_summarize.py; 124_V160_IBM_ALPHA_STYLE_DECODER_20260724\results\V160_RESULTS_SUMMARY.csv; 124_V160_IBM_ALPHA_STYLE_DECODER_20260724\results\smoke\logs\v160_52952_0.err; 124_V160_IBM_ALPHA_STYLE_DECODER_20260724\results\smoke\logs\v160_52952_0.out; 124_V160_IBM_ALPHA_STYLE_DECODER_20260724\results\smoke\logs\v160_52952_1.err; 124_V160_IBM_ALPHA_STYLE_DECODER_20260724\results\smoke\logs\v160_52952_1.out; 124_V160_IBM_ALPHA_STYLE_DECODER_20260724\results\smoke\logs\v160_52952_2.err; 124_V160_IBM_ALPHA_STYLE_DECODER_20260724\results\smoke\logs\v160_52952_2.out; 124_V160_IBM_ALPHA_STYLE_DECODER_20260724\results\smoke\logs\v160_52952_3.err; 124_V160_IBM_ALPHA_STYLE_DECODER_20260724\results\smoke\logs\v160_52952_3.out; 124_V160_IBM_ALPHA_STYLE_DECODER_20260724\v160b_cross_domain\V160B_CROSS_DOMAIN_FOLDS_20260725.csv; 124_V160_IBM_ALPHA_STYLE_DECODER_20260724\v160b_cross_domain\V160B_CROSS_DOMAIN_RESULT_20260725.md; qec_work\wolffe_archive_20260730\extracted\home\22228049\qec_v109_open_source_20260722\v160b_cross_domain.slurm; qec_work\wolffe_archive_20260730\extracted\home\22228049\qec_v109_open_source_20260722\v160_ibm_alpha_style.py; qec_work\wolffe_archive_20260730\extracted\home\22228049\qec_v109_open_source_20260722\v160_ibm_alpha_style.slurm; qec_work\wolffe_archive_20260730\extracted\home\22228049\qec_v109_open_source_20260722\v160_ibm_alpha_style_smoke.slurm; qec_work\wolffe_archive_20260730\extracted\home\22228049\qec_v109_open_source_20260722\logs\v160_52956_0.err; qec_work\wolffe_archive_20260730\extracted\home\22228049\qec_v109_open_source_20260722\logs\v160_52956_0.out; qec_work\wolffe_archive_20260730\extracted\home\22228049\qec_v109_open_source_20260722\logs\v160_52956_1.err,,,,,,,,QEC_RUN_MATRIX_V1_V392_20260731.csv,Z:\Meetings\Complete\22-7-2026\QEC_AI_PAPER_MASTER_20260717,C:\Users\22228049\.codex\github_publish\hardware-adaptive-qec-ibm,IBM real shots; domain/held-out,measured artifact,diagnostic/not promoted,Version V160 retained with original matrix fields; no missing fields were inferred.
V161,G3_spatiotemporal_attention_tuning,graph/DEM; calibration/drift; postselection/gate; geometry/FAISS,soft/LLR or analog; hard syndrome; calibration/backend metadata,IBM real shots; domain/held-out,16100/,unavailable,"str) -> str:; return ""ibm_kingston""; return ""ibm_fez""; int; metadata[:; backend_for(name); nn.Embedding(2; torch.Tensor; = args.validation_domain:; evaluation[""basis""]",unavailable,unavailable,unavailable,unavailable,qec_work\wolffe_archive_20260730\extracted\home\22228049\qec_v109_open_source_20260722\v161b_cross_domain.slurm; qec_work\wolffe_archive_20260730\extracted\home\22228049\qec_v109_open_source_20260722\v161_dynamic_event_attention.py; qec_work\wolffe_archive_20260730\extracted\home\22228049\qec_v109_open_source_20260722\v161_full.slurm; qec_work\wolffe_archive_20260730\extracted\home\22228049\qec_v109_open_source_20260722\v161_smoke.slurm; qec_work\wolffe_archive_20260730\extracted\home\22228049\qec_v109_open_source_20260722\V161_V162_DESIGN_RECORD_20260725.md; C:\Users\22228049\.codex\qec_work\wolffe_archive_20260730\extracted\home\22228049\qec_v109_open_source_20260722\v161_dynamic_event_attention.py,measured artifact found; diagnostic/protocol or pending,"Run a frozen, untouched IBM block with V12 fallback; report X/Z/domain confidence intervals before promotion.",normal,not a V12 comparison,MWPM/BP-OSD comparator only when explicitly present; no claim if unavailable,late audit; qec_work\wolffe_archive_20260730\extracted\home\22228049\qec_v109_open_source_20260722\v161b_cross_domain.slurm; qec_work\wolffe_archive_20260730\extracted\home\22228049\qec_v109_open_source_20260722\v161_dynamic_event_attention.py; qec_work\wolffe_archive_20260730\extracted\home\22228049\qec_v109_open_source_20260722\v161_full.slurm; qec_work\wolffe_archive_20260730\extracted\home\22228049\qec_v109_open_source_20260722\v161_smoke.slurm; qec_work\wolffe_archive_20260730\extracted\home\22228049\qec_v109_open_source_20260722\V161_V162_DESIGN_RECORD_20260725.md,,,,,,,,QEC_RUN_MATRIX_V1_V392_20260731.csv,Z:\Meetings\Complete\22-7-2026\QEC_AI_PAPER_MASTER_20260717,C:\Users\22228049\.codex\github_publish\hardware-adaptive-qec-ibm,IBM real shots; domain/held-out,measured artifact,diagnostic/not promoted,Version V161 retained with original matrix fields; no missing fields were inferred.
V162,G3_spatiotemporal_attention_tuning,graph/DEM; calibration/drift; postselection/gate; geometry/FAISS,soft/LLR or analog; hard syndrome; calibration/backend metadata,IBM real shots; phenomenological/Stim; domain/held-out,0/; 16200/,+0.72487 pp; +0.00066 pp,"str; str) -> str:; return ""ibm_kingston""; return ""ibm_fez""; int; metadata[:; backend_for(name); nn.Embedding(2; torch.Tensor; = args.validation_domain:",unavailable,unavailable,unavailable,unavailable,qec_work\wolffe_archive_20260730\extracted\home\22228049\qec_v109_open_source_20260722\V161_V162_DESIGN_RECORD_20260725.md; qec_work\wolffe_archive_20260730\extracted\home\22228049\qec_v109_open_source_20260722\v162b_cross_domain.slurm; qec_work\wolffe_archive_20260730\extracted\home\22228049\qec_v109_open_source_20260722\v162_full.slurm; qec_work\wolffe_archive_20260730\extracted\home\22228049\qec_v109_open_source_20260722\v162_smoke.slurm; qec_work\wolffe_archive_20260730\extracted\home\22228049\qec_v109_open_source_20260722\v162_syndrome_dem_reweight.py; C:\Users\22228049\.codex\qec_work\wolffe_archive_20260730\extracted\home\22228049\qec_v109_open_source_20260722\v162_syndrome_dem_reweight.py,measured artifact found; diagnostic/protocol or pending,"Run a frozen, untouched IBM block with V12 fallback; report X/Z/domain confidence intervals before promotion.",normal,not a V12 comparison,MWPM/BP-OSD comparator only when explicitly present; no claim if unavailable,late audit; qec_work\wolffe_archive_20260730\extracted\home\22228049\qec_v109_open_source_20260722\V161_V162_DESIGN_RECORD_20260725.md; qec_work\wolffe_archive_20260730\extracted\home\22228049\qec_v109_open_source_20260722\v162b_cross_domain.slurm; qec_work\wolffe_archive_20260730\extracted\home\22228049\qec_v109_open_source_20260722\v162_full.slurm; qec_work\wolffe_archive_20260730\extracted\home\22228049\qec_v109_open_source_20260722\v162_smoke.slurm; qec_work\wolffe_archive_20260730\extracted\home\22228049\qec_v109_open_source_20260722\v162_syndrome_dem_reweight.py,,,,,,,,QEC_RUN_MATRIX_V1_V392_20260731.csv,Z:\Meetings\Complete\22-7-2026\QEC_AI_PAPER_MASTER_20260717,C:\Users\22228049\.codex\github_publish\hardware-adaptive-qec-ibm,IBM real shots; phenomenological/Stim; domain/held-out,measured artifact,diagnostic/not promoted,Version V162 retained with original matrix fields; no missing fields were inferred.
V163,G3_spatiotemporal_attention_tuning,graph/DEM; calibration/drift; postselection/gate,soft/LLR or analog; hard syndrome; calibration/backend metadata,IBM real shots; phenomenological/Stim; domain/held-out,0/,unavailable,"str) -> dict:; {; str) -> str:; return ""ibm_kingston""; return ""ibm_fez""; int; backend_for(args.domain); target[""basis""]",unavailable,unavailable,unavailable,unavailable,qec_work\wolffe_archive_20260730\extracted\home\22228049\qec_v109_open_source_20260722\v163_full.slurm; qec_work\wolffe_archive_20260730\extracted\home\22228049\qec_v109_open_source_20260722\v163_summarize.py; qec_work\wolffe_archive_20260730\extracted\home\22228049\qec_v109_open_source_20260722\v163_summary.slurm; qec_work\wolffe_archive_20260730\extracted\home\22228049\qec_v109_open_source_20260722\v163_syndrome_dem_tesseract.py; C:\Users\22228049\.codex\qec_work\wolffe_archive_20260730\extracted\home\22228049\qec_v109_open_source_20260722\v163_summarize.py; C:\Users\22228049\.codex\qec_work\wolffe_archive_20260730\extracted\home\22228049\qec_v109_open_source_20260722\v163_syndrome_dem_tesseract.py,measured artifact found,Use leave-one-domain-out calibration conditioning with a frozen gate and paired bootstrap; reject if either basis or domain regresses.,normal,not a V12 comparison,MWPM/BP-OSD comparator only when explicitly present; no claim if unavailable,late audit; qec_work\wolffe_archive_20260730\extracted\home\22228049\qec_v109_open_source_20260722\v163_full.slurm; qec_work\wolffe_archive_20260730\extracted\home\22228049\qec_v109_open_source_20260722\v163_summarize.py; qec_work\wolffe_archive_20260730\extracted\home\22228049\qec_v109_open_source_20260722\v163_summary.slurm; qec_work\wolffe_archive_20260730\extracted\home\22228049\qec_v109_open_source_20260722\v163_syndrome_dem_tesseract.py,,,,,,,,QEC_RUN_MATRIX_V1_V392_20260731.csv,Z:\Meetings\Complete\22-7-2026\QEC_AI_PAPER_MASTER_20260717,C:\Users\22228049\.codex\github_publish\hardware-adaptive-qec-ibm,IBM real shots; phenomenological/Stim; domain/held-out,audit or unavailable,promoted,Version V163 retained with original matrix fields; no missing fields were inferred.
V164,G3_spatiotemporal_attention_tuning,unavailable,unavailable,unavailable,unavailable,unavailable,unavailable,unavailable,unavailable,unavailable,unavailable,unavailable,no local artifact found,Re-run only if a sealed script/result exists; otherwise archive as protocol-only and avoid inventing a metric.,normal,not a V12 comparison,MWPM/BP-OSD comparator only when explicitly present; no claim if unavailable,late audit; ,,,,,,,,QEC_RUN_MATRIX_V1_V392_20260731.csv,Z:\Meetings\Complete\22-7-2026\QEC_AI_PAPER_MASTER_20260717,C:\Users\22228049\.codex\github_publish\hardware-adaptive-qec-ibm,unavailable,audit or unavailable,promoted,Version V164 retained with original matrix fields; no missing fields were inferred.
V165,G3_spatiotemporal_attention_tuning,graph/DEM; calibration/drift,hard syndrome; calibration/backend metadata,IBM real shots; phenomenological/Stim; domain/held-out,unavailable,unavailable,"load_domain(args.data_root; backend_for(args.domain); domain[""basis""]",unavailable,unavailable,unavailable,unavailable,qec_work\wolffe_archive_20260730\extracted\home\22228049\qec_v109_open_source_20260722\v165_full.slurm; qec_work\wolffe_archive_20260730\extracted\home\22228049\qec_v109_open_source_20260722\v165_tesseract_coset_margin.py; C:\Users\22228049\.codex\qec_work\wolffe_archive_20260730\extracted\home\22228049\qec_v109_open_source_20260722\v165_tesseract_coset_margin.py,measured artifact found,Use leave-one-domain-out calibration conditioning with a frozen gate and paired bootstrap; reject if either basis or domain regresses.,normal,not a V12 comparison,MWPM/BP-OSD comparator only when explicitly present; no claim if unavailable,late audit; qec_work\wolffe_archive_20260730\extracted\home\22228049\qec_v109_open_source_20260722\v165_full.slurm; qec_work\wolffe_archive_20260730\extracted\home\22228049\qec_v109_open_source_20260722\v165_tesseract_coset_margin.py,,,,,,,,QEC_RUN_MATRIX_V1_V392_20260731.csv,Z:\Meetings\Complete\22-7-2026\QEC_AI_PAPER_MASTER_20260717,C:\Users\22228049\.codex\github_publish\hardware-adaptive-qec-ibm,IBM real shots; phenomenological/Stim; domain/held-out,audit or unavailable,promoted,Version V165 retained with original matrix fields; no missing fields were inferred.
V166,G3_spatiotemporal_attention_tuning,unavailable,unavailable,unavailable,unavailable,unavailable,unavailable,unavailable,unavailable,unavailable,unavailable,unavailable,no local artifact found,Re-run only if a sealed script/result exists; otherwise archive as protocol-only and avoid inventing a metric.,normal,not a V12 comparison,MWPM/BP-OSD comparator only when explicitly present; no claim if unavailable,late audit; ,,,,,,,,QEC_RUN_MATRIX_V1_V392_20260731.csv,Z:\Meetings\Complete\22-7-2026\QEC_AI_PAPER_MASTER_20260717,C:\Users\22228049\.codex\github_publish\hardware-adaptive-qec-ibm,unavailable,audit or unavailable,promoted,Version V166 retained with original matrix fields; no missing fields were inferred.
V167,G3_spatiotemporal_attention_tuning,graph/DEM; calibration/drift; ensemble/consensus; postselection/gate,soft/LLR or analog; hard syndrome; calibration/backend metadata,IBM real shots; phenomenological/Stim; domain/held-out,0/,unavailable,{; path.stem; next(d for d in source_domains if d != valid_domain); with np.load(; np.concatenate(; prediction_domain; prediction_basis,unavailable,unavailable,unavailable,unavailable,qec_work\wolffe_archive_20260730\extracted\home\22228049\qec_v109_open_source_20260722\v176b_authoritative_v167_reproduce.slurm; qec_work\wolffe_archive_20260730\extracted\home\22228049\qec_v109_open_source_20260722\v176b_authoritative_v167_with_predictions.py; qec_work\wolffe_archive_20260730\extracted\home\22228049\qec_v109_open_source_20260722\v176c_near_v167_cascade.slurm; C:\Users\22228049\.codex\qec_work\wolffe_archive_20260730\extracted\home\22228049\qec_v109_open_source_20260722\v176b_authoritative_v167_with_predictions.py,measured artifact found,Use leave-one-domain-out calibration conditioning with a frozen gate and paired bootstrap; reject if either basis or domain regresses.,normal,not a V12 comparison,MWPM/BP-OSD comparator only when explicitly present; no claim if unavailable,late audit; qec_work\wolffe_archive_20260730\extracted\home\22228049\qec_v109_open_source_20260722\v176b_authoritative_v167_reproduce.slurm; qec_work\wolffe_archive_20260730\extracted\home\22228049\qec_v109_open_source_20260722\v176b_authoritative_v167_with_predictions.py; qec_work\wolffe_archive_20260730\extracted\home\22228049\qec_v109_open_source_20260722\v176c_near_v167_cascade.slurm,,,,,,,,QEC_RUN_MATRIX_V1_V392_20260731.csv,Z:\Meetings\Complete\22-7-2026\QEC_AI_PAPER_MASTER_20260717,C:\Users\22228049\.codex\github_publish\hardware-adaptive-qec-ibm,IBM real shots; phenomenological/Stim; domain/held-out,audit or unavailable,promoted,Version V167 retained with original matrix fields; no missing fields were inferred.
V168,G3_spatiotemporal_attention_tuning,unavailable,unavailable,unavailable,unavailable,unavailable,unavailable,unavailable,unavailable,unavailable,unavailable,unavailable,no local artifact found,Re-run only if a sealed script/result exists; otherwise archive as protocol-only and avoid inventing a metric.,normal,not a V12 comparison,MWPM/BP-OSD comparator only when explicitly present; no claim if unavailable,late audit; ,,,,,,,,QEC_RUN_MATRIX_V1_V392_20260731.csv,Z:\Meetings\Complete\22-7-2026\QEC_AI_PAPER_MASTER_20260717,C:\Users\22228049\.codex\github_publish\hardware-adaptive-qec-ibm,unavailable,audit or unavailable,promoted,Version V168 retained with original matrix fields; no missing fields were inferred.
V169,G3_spatiotemporal_attention_tuning,unavailable,unavailable,unavailable,unavailable,unavailable,unavailable,unavailable,unavailable,unavailable,unavailable,unavailable,no local artifact found,Re-run only if a sealed script/result exists; otherwise archive as protocol-only and avoid inventing a metric.,normal,not a V12 comparison,MWPM/BP-OSD comparator only when explicitly present; no claim if unavailable,late audit; ,,,,,,,,QEC_RUN_MATRIX_V1_V392_20260731.csv,Z:\Meetings\Complete\22-7-2026\QEC_AI_PAPER_MASTER_20260717,C:\Users\22228049\.codex\github_publish\hardware-adaptive-qec-ibm,unavailable,audit or unavailable,promoted,Version V169 retained with original matrix fields; no missing fields were inferred.
V170,G3_spatiotemporal_attention_tuning,unavailable,unavailable,unavailable,unavailable,unavailable,unavailable,unavailable,unavailable,unavailable,unavailable,unavailable,no local artifact found,Re-run only if a sealed script/result exists; otherwise archive as protocol-only and avoid inventing a metric.,normal,not a V12 comparison,MWPM/BP-OSD comparator only when explicitly present; no claim if unavailable,late audit; ,,,,,,,,QEC_RUN_MATRIX_V1_V392_20260731.csv,Z:\Meetings\Complete\22-7-2026\QEC_AI_PAPER_MASTER_20260717,C:\Users\22228049\.codex\github_publish\hardware-adaptive-qec-ibm,unavailable,audit or unavailable,promoted,Version V170 retained with original matrix fields; no missing fields were inferred.
V171,G3_spatiotemporal_attention_tuning,unavailable,unavailable,unavailable,unavailable,unavailable,unavailable,unavailable,unavailable,unavailable,unavailable,unavailable,no local artifact found,Re-run only if a sealed script/result exists; otherwise archive as protocol-only and avoid inventing a metric.,normal,not a V12 comparison,MWPM/BP-OSD comparator only when explicitly present; no claim if unavailable,late audit; ,,,,,,,,QEC_RUN_MATRIX_V1_V392_20260731.csv,Z:\Meetings\Complete\22-7-2026\QEC_AI_PAPER_MASTER_20260717,C:\Users\22228049\.codex\github_publish\hardware-adaptive-qec-ibm,unavailable,audit or unavailable,promoted,Version V171 retained with original matrix fields; no missing fields were inferred.
V172,G3_spatiotemporal_attention_tuning,graph/DEM; calibration/drift,calibration/backend metadata,domain/held-out,unavailable,unavailable,unavailable,unavailable,unavailable,unavailable,unavailable,qec_work\wolffe_archive_20260730\extracted\home\22228049\qec_v109_open_source_20260722\v172_multibeam_full.slurm,measured artifact found,Use leave-one-domain-out calibration conditioning with a frozen gate and paired bootstrap; reject if either basis or domain regresses.,normal,not a V12 comparison,MWPM/BP-OSD comparator only when explicitly present; no claim if unavailable,late audit; qec_work\wolffe_archive_20260730\extracted\home\22228049\qec_v109_open_source_20260722\v172_multibeam_full.slurm,,,,,,,,QEC_RUN_MATRIX_V1_V392_20260731.csv,Z:\Meetings\Complete\22-7-2026\QEC_AI_PAPER_MASTER_20260717,C:\Users\22228049\.codex\github_publish\hardware-adaptive-qec-ibm,domain/held-out,audit or unavailable,promoted,Version V172 retained with original matrix fields; no missing fields were inferred.
V173,G3_spatiotemporal_attention_tuning,neural/ML; calibration/drift; postselection/gate,soft/LLR or analog; hard syndrome; calibration/backend metadata,IBM real shots; domain/held-out,unavailable,unavailable,{; str) -> dict:; load(args.exact_root; next(domain for domain in source if domain != valid_domain),unavailable,unavailable,unavailable,unavailable,qec_work\wolffe_archive_20260730\extracted\home\22228049\qec_v109_open_source_20260722\v173_neural_coset.slurm; qec_work\wolffe_archive_20260730\extracted\home\22228049\qec_v109_open_source_20260722\v173_neural_coset_router.py; C:\Users\22228049\.codex\qec_work\wolffe_archive_20260730\extracted\home\22228049\qec_v109_open_source_20260722\v173_neural_coset_router.py,measured artifact found,Use leave-one-domain-out calibration conditioning with a frozen gate and paired bootstrap; reject if either basis or domain regresses.,normal,not a V12 comparison,MWPM/BP-OSD comparator only when explicitly present; no claim if unavailable,late audit; qec_work\wolffe_archive_20260730\extracted\home\22228049\qec_v109_open_source_20260722\v173_neural_coset.slurm; qec_work\wolffe_archive_20260730\extracted\home\22228049\qec_v109_open_source_20260722\v173_neural_coset_router.py,,,,,,,,QEC_RUN_MATRIX_V1_V392_20260731.csv,Z:\Meetings\Complete\22-7-2026\QEC_AI_PAPER_MASTER_20260717,C:\Users\22228049\.codex\github_publish\hardware-adaptive-qec-ibm,IBM real shots; domain/held-out,audit or unavailable,promoted,Version V173 retained with original matrix fields; no missing fields were inferred.
V174,G3_spatiotemporal_attention_tuning,graph/DEM; calibration/drift; ensemble/consensus; postselection/gate,soft/LLR or analog; hard syndrome; calibration/backend metadata,IBM real shots; phenomenological/Stim; domain/held-out,166/; 0/,unavailable,{; path.stem; next(d for d in source_domains if d != valid_domain); with np.load(,unavailable,unavailable,unavailable,unavailable,qec_work\wolffe_archive_20260730\extracted\home\22228049\qec_v109_open_source_20260722\v174_multibeam_selector.py; qec_work\wolffe_archive_20260730\extracted\home\22228049\qec_v109_open_source_20260722\v174_multibeam_selector.slurm; C:\Users\22228049\.codex\qec_work\wolffe_archive_20260730\extracted\home\22228049\qec_v109_open_source_20260722\v174_multibeam_selector.py,measured artifact found,Use leave-one-domain-out calibration conditioning with a frozen gate and paired bootstrap; reject if either basis or domain regresses.,normal,not a V12 comparison,MWPM/BP-OSD comparator only when explicitly present; no claim if unavailable,late audit; qec_work\wolffe_archive_20260730\extracted\home\22228049\qec_v109_open_source_20260722\v174_multibeam_selector.py; qec_work\wolffe_archive_20260730\extracted\home\22228049\qec_v109_open_source_20260722\v174_multibeam_selector.slurm,,,,,,,,QEC_RUN_MATRIX_V1_V392_20260731.csv,Z:\Meetings\Complete\22-7-2026\QEC_AI_PAPER_MASTER_20260717,C:\Users\22228049\.codex\github_publish\hardware-adaptive-qec-ibm,IBM real shots; phenomenological/Stim; domain/held-out,audit or unavailable,promoted,Version V174 retained with original matrix fields; no missing fields were inferred.
V175,G3_spatiotemporal_attention_tuning,graph/DEM; calibration/drift; ensemble/consensus; postselection/gate,soft/LLR or analog; hard syndrome; calibration/backend metadata,IBM real shots; phenomenological/Stim; domain/held-out,166/; 0/,unavailable,{; path.stem; next(d for d in source_domains if d != valid_domain); with np.load(,unavailable,unavailable,unavailable,unavailable,qec_work\wolffe_archive_20260730\extracted\home\22228049\qec_v109_open_source_20260722\v175_adaptive_coset_candidate.py; qec_work\wolffe_archive_20260730\extracted\home\22228049\qec_v109_open_source_20260722\v175_adaptive_coset_candidate.slurm; C:\Users\22228049\.codex\qec_work\wolffe_archive_20260730\extracted\home\22228049\qec_v109_open_source_20260722\v175_adaptive_coset_candidate.py,measured artifact found,Use leave-one-domain-out calibration conditioning with a frozen gate and paired bootstrap; reject if either basis or domain regresses.,normal,not a V12 comparison,MWPM/BP-OSD comparator only when explicitly present; no claim if unavailable,late audit; qec_work\wolffe_archive_20260730\extracted\home\22228049\qec_v109_open_source_20260722\v175_adaptive_coset_candidate.py; qec_work\wolffe_archive_20260730\extracted\home\22228049\qec_v109_open_source_20260722\v175_adaptive_coset_candidate.slurm,,,,,,,,QEC_RUN_MATRIX_V1_V392_20260731.csv,Z:\Meetings\Complete\22-7-2026\QEC_AI_PAPER_MASTER_20260717,C:\Users\22228049\.codex\github_publish\hardware-adaptive-qec-ibm,IBM real shots; phenomenological/Stim; domain/held-out,audit or unavailable,promoted,Version V175 retained with original matrix fields; no missing fields were inferred.
V176,G3_spatiotemporal_attention_tuning,MWPM/PyMatching; graph/DEM; calibration/drift; ensemble/consensus; postselection/gate,soft/LLR or analog; hard syndrome; calibration/backend metadata,IBM real shots; phenomenological/Stim; domain/held-out,166/; 0/,unavailable,"{; next(; ""v28_marrakesh""; path.stem; next(d for d in source_domains if d != valid_domain); with np.load(",unavailable,unavailable,unavailable,unavailable,qec_work\wolffe_archive_20260730\extracted\home\22228049\qec_v109_open_source_20260722\v176b_authoritative_v167_reproduce.slurm; qec_work\wolffe_archive_20260730\extracted\home\22228049\qec_v109_open_source_20260722\v176b_authoritative_v167_with_predictions.py; qec_work\wolffe_archive_20260730\extracted\home\22228049\qec_v109_open_source_20260722\v176b_convert_predictions.py; qec_work\wolffe_archive_20260730\extracted\home\22228049\qec_v109_open_source_20260722\v176c_near_v167_cascade.slurm; qec_work\wolffe_archive_20260730\extracted\home\22228049\qec_v109_open_source_20260722\v176_out_of_fold_residual_cascade.py; qec_work\wolffe_archive_20260730\extracted\home\22228049\qec_v109_open_source_20260722\v176_stage1_reproduce.py; qec_work\wolffe_archive_20260730\extracted\home\22228049\qec_v109_open_source_20260722\v176_stage1_reproduce.slurm; qec_work\wolffe_archive_20260730\extracted\home\22228049\qec_v109_open_source_20260722\v176_stage2_cascade.slurm; C:\Users\22228049\.codex\qec_work\wolffe_archive_20260730\extracted\home\22228049\qec_v109_open_source_20260722\v176_out_of_fold_residual_cascade.py; C:\Users\22228049\.codex\qec_work\wolffe_archive_20260730\extracted\home\22228049\qec_v109_open_source_20260722\v176_stage1_reproduce.py,measured artifact found; diagnostic/protocol or pending,Use leave-one-domain-out calibration conditioning with a frozen gate and paired bootstrap; reject if either basis or domain regresses.,normal,not a V12 comparison,MWPM/BP-OSD comparator only when explicitly present; no claim if unavailable,late audit; qec_work\wolffe_archive_20260730\extracted\home\22228049\qec_v109_open_source_20260722\v176b_authoritative_v167_reproduce.slurm; qec_work\wolffe_archive_20260730\extracted\home\22228049\qec_v109_open_source_20260722\v176b_authoritative_v167_with_predictions.py; qec_work\wolffe_archive_20260730\extracted\home\22228049\qec_v109_open_source_20260722\v176b_convert_predictions.py; qec_work\wolffe_archive_20260730\extracted\home\22228049\qec_v109_open_source_20260722\v176c_near_v167_cascade.slurm; qec_work\wolffe_archive_20260730\extracted\home\22228049\qec_v109_open_source_20260722\v176_out_of_fold_residual_cascade.py; qec_work\wolffe_archive_20260730\extracted\home\22228049\qec_v109_open_source_20260722\v176_stage1_reproduce.py; qec_work\wolffe_archive_20260730\extracted\home\22228049\qec_v109_open_source_20260722\v176_stage1_reproduce.slurm; qec_work\wolffe_archive_20260730\extracted\home\22228049\qec_v109_open_source_20260722\v176_stage2_cascade.slurm,,,,,,,,QEC_RUN_MATRIX_V1_V392_20260731.csv,Z:\Meetings\Complete\22-7-2026\QEC_AI_PAPER_MASTER_20260717,C:\Users\22228049\.codex\github_publish\hardware-adaptive-qec-ibm,IBM real shots; phenomenological/Stim; domain/held-out,measured artifact,diagnostic/not promoted,Version V176 retained with original matrix fields; no missing fields were inferred.
V177,G3_spatiotemporal_attention_tuning,graph/DEM; calibration/drift; postselection/gate,soft/LLR or analog; hard syndrome; calibration/backend metadata,IBM real shots; phenomenological/Stim; correlated/drift; domain/held-out,unavailable,unavailable,"0 if match.group(1) == ""X"" else 1; torch.full(; = args.validation_domain:; evaluation[""basis""]; paired(",unavailable,unavailable,unavailable,unavailable,qec_work\wolffe_archive_20260730\extracted\home\22228049\qec_v109_open_source_20260722\v177_control_completion.slurm; qec_work\wolffe_archive_20260730\extracted\home\22228049\qec_v109_open_source_20260722\v177_control_h200_fix.slurm; qec_work\wolffe_archive_20260730\extracted\home\22228049\qec_v109_open_source_20260722\v177_google_to_ibm_pretraining.py; qec_work\wolffe_archive_20260730\extracted\home\22228049\qec_v109_open_source_20260722\v177_google_to_ibm_pretraining.slurm; qec_work\wolffe_archive_20260730\extracted\home\22228049\qec_v109_open_source_20260722\v177_google_to_ibm_smoke.slurm; qec_work\wolffe_archive_20260730\extracted\home\22228049\qec_v109_open_source_20260722\v177_summarize.py; qec_work\wolffe_archive_20260730\extracted\home\22228049\qec_v109_open_source_20260722\v177_summary.slurm; qec_work\wolffe_archive_20260730\extracted\home\22228049\qec_v109_open_source_20260722\v177_synthetic_priority.slurm; C:\Users\22228049\.codex\qec_work\wolffe_archive_20260730\extracted\home\22228049\qec_v109_open_source_20260722\v177_google_to_ibm_pretraining.py; C:\Users\22228049\.codex\qec_work\wolffe_archive_20260730\extracted\home\22228049\qec_v109_open_source_20260722\v177_summarize.py,measured artifact found; diagnostic/protocol or pending,"Run a frozen, untouched IBM block with V12 fallback; report X/Z/domain confidence intervals before promotion.",normal,not a V12 comparison,MWPM/BP-OSD comparator only when explicitly present; no claim if unavailable,late audit; qec_work\wolffe_archive_20260730\extracted\home\22228049\qec_v109_open_source_20260722\v177_control_completion.slurm; qec_work\wolffe_archive_20260730\extracted\home\22228049\qec_v109_open_source_20260722\v177_control_h200_fix.slurm; qec_work\wolffe_archive_20260730\extracted\home\22228049\qec_v109_open_source_20260722\v177_google_to_ibm_pretraining.py; qec_work\wolffe_archive_20260730\extracted\home\22228049\qec_v109_open_source_20260722\v177_google_to_ibm_pretraining.slurm; qec_work\wolffe_archive_20260730\extracted\home\22228049\qec_v109_open_source_20260722\v177_google_to_ibm_smoke.slurm; qec_work\wolffe_archive_20260730\extracted\home\22228049\qec_v109_open_source_20260722\v177_summarize.py; qec_work\wolffe_archive_20260730\extracted\home\22228049\qec_v109_open_source_20260722\v177_summary.slurm; qec_work\wolffe_archive_20260730\extracted\home\22228049\qec_v109_open_source_20260722\v177_synthetic_priority.slurm,,,,,,,,QEC_RUN_MATRIX_V1_V392_20260731.csv,Z:\Meetings\Complete\22-7-2026\QEC_AI_PAPER_MASTER_20260717,C:\Users\22228049\.codex\github_publish\hardware-adaptive-qec-ibm,IBM real shots; phenomenological/Stim; correlated/drift; domain/held-out,measured artifact,diagnostic/not promoted,Version V177 retained with original matrix fields; no missing fields were inferred.
V178,G3_spatiotemporal_attention_tuning,unavailable,unavailable,unavailable,unavailable,unavailable,unavailable,unavailable,unavailable,unavailable,unavailable,unavailable,no local artifact found,Re-run only if a sealed script/result exists; otherwise archive as protocol-only and avoid inventing a metric.,normal,not a V12 comparison,MWPM/BP-OSD comparator only when explicitly present; no claim if unavailable,late audit; ,,,,,,,,QEC_RUN_MATRIX_V1_V392_20260731.csv,Z:\Meetings\Complete\22-7-2026\QEC_AI_PAPER_MASTER_20260717,C:\Users\22228049\.codex\github_publish\hardware-adaptive-qec-ibm,unavailable,audit or unavailable,promoted,Version V178 retained with original matrix fields; no missing fields were inferred.
V179,G3_spatiotemporal_attention_tuning,unavailable,unavailable,unavailable,unavailable,unavailable,unavailable,unavailable,unavailable,unavailable,unavailable,unavailable,no local artifact found,Re-run only if a sealed script/result exists; otherwise archive as protocol-only and avoid inventing a metric.,normal,not a V12 comparison,MWPM/BP-OSD comparator only when explicitly present; no claim if unavailable,late audit; ,,,,,,,,QEC_RUN_MATRIX_V1_V392_20260731.csv,Z:\Meetings\Complete\22-7-2026\QEC_AI_PAPER_MASTER_20260717,C:\Users\22228049\.codex\github_publish\hardware-adaptive-qec-ibm,unavailable,audit or unavailable,promoted,Version V179 retained with original matrix fields; no missing fields were inferred.
V180,G3_spatiotemporal_attention_tuning,unavailable,unavailable,unavailable,unavailable,unavailable,unavailable,unavailable,unavailable,unavailable,unavailable,unavailable,no local artifact found,Re-run only if a sealed script/result exists; otherwise archive as protocol-only and avoid inventing a metric.,normal,not a V12 comparison,MWPM/BP-OSD comparator only when explicitly present; no claim if unavailable,late audit; ,,,,,,,,QEC_RUN_MATRIX_V1_V392_20260731.csv,Z:\Meetings\Complete\22-7-2026\QEC_AI_PAPER_MASTER_20260717,C:\Users\22228049\.codex\github_publish\hardware-adaptive-qec-ibm,unavailable,audit or unavailable,promoted,Version V180 retained with original matrix fields; no missing fields were inferred.
V181,G3_spatiotemporal_attention_tuning,unavailable,unavailable,unavailable,unavailable,unavailable,unavailable,unavailable,unavailable,unavailable,unavailable,unavailable,no local artifact found,Re-run only if a sealed script/result exists; otherwise archive as protocol-only and avoid inventing a metric.,normal,not a V12 comparison,MWPM/BP-OSD comparator only when explicitly present; no claim if unavailable,late audit; ,,,,,,,,QEC_RUN_MATRIX_V1_V392_20260731.csv,Z:\Meetings\Complete\22-7-2026\QEC_AI_PAPER_MASTER_20260717,C:\Users\22228049\.codex\github_publish\hardware-adaptive-qec-ibm,unavailable,audit or unavailable,promoted,Version V181 retained with original matrix fields; no missing fields were inferred.
V182,G3_spatiotemporal_attention_tuning,unavailable,unavailable,unavailable,unavailable,unavailable,unavailable,unavailable,unavailable,unavailable,unavailable,unavailable,no local artifact found,Re-run only if a sealed script/result exists; otherwise archive as protocol-only and avoid inventing a metric.,normal,not a V12 comparison,MWPM/BP-OSD comparator only when explicitly present; no claim if unavailable,late audit; ,,,,,,,,QEC_RUN_MATRIX_V1_V392_20260731.csv,Z:\Meetings\Complete\22-7-2026\QEC_AI_PAPER_MASTER_20260717,C:\Users\22228049\.codex\github_publish\hardware-adaptive-qec-ibm,unavailable,audit or unavailable,promoted,Version V182 retained with original matrix fields; no missing fields were inferred.
V183,G3_spatiotemporal_attention_tuning,unavailable,unavailable,unavailable,unavailable,unavailable,unavailable,unavailable,unavailable,unavailable,unavailable,unavailable,no local artifact found,Re-run only if a sealed script/result exists; otherwise archive as protocol-only and avoid inventing a metric.,normal,not a V12 comparison,MWPM/BP-OSD comparator only when explicitly present; no claim if unavailable,late audit; ,,,,,,,,QEC_RUN_MATRIX_V1_V392_20260731.csv,Z:\Meetings\Complete\22-7-2026\QEC_AI_PAPER_MASTER_20260717,C:\Users\22228049\.codex\github_publish\hardware-adaptive-qec-ibm,unavailable,audit or unavailable,promoted,Version V183 retained with original matrix fields; no missing fields were inferred.
V184,G3_spatiotemporal_attention_tuning,unavailable,unavailable,unavailable,unavailable,unavailable,unavailable,unavailable,unavailable,unavailable,unavailable,unavailable,no local artifact found,Re-run only if a sealed script/result exists; otherwise archive as protocol-only and avoid inventing a metric.,normal,not a V12 comparison,MWPM/BP-OSD comparator only when explicitly present; no claim if unavailable,late audit; ,,,,,,,,QEC_RUN_MATRIX_V1_V392_20260731.csv,Z:\Meetings\Complete\22-7-2026\QEC_AI_PAPER_MASTER_20260717,C:\Users\22228049\.codex\github_publish\hardware-adaptive-qec-ibm,unavailable,audit or unavailable,promoted,Version V184 retained with original matrix fields; no missing fields were inferred.
V185,G3_spatiotemporal_attention_tuning,unavailable,unavailable,unavailable,unavailable,unavailable,unavailable,unavailable,unavailable,unavailable,unavailable,unavailable,no local artifact found,Re-run only if a sealed script/result exists; otherwise archive as protocol-only and avoid inventing a metric.,normal,not a V12 comparison,MWPM/BP-OSD comparator only when explicitly present; no claim if unavailable,late audit; ,,,,,,,,QEC_RUN_MATRIX_V1_V392_20260731.csv,Z:\Meetings\Complete\22-7-2026\QEC_AI_PAPER_MASTER_20260717,C:\Users\22228049\.codex\github_publish\hardware-adaptive-qec-ibm,unavailable,audit or unavailable,promoted,Version V185 retained with original matrix fields; no missing fields were inferred.
V186,G3_spatiotemporal_attention_tuning,unavailable,unavailable,unavailable,unavailable,unavailable,unavailable,unavailable,unavailable,unavailable,unavailable,unavailable,no local artifact found,Re-run only if a sealed script/result exists; otherwise archive as protocol-only and avoid inventing a metric.,normal,not a V12 comparison,MWPM/BP-OSD comparator only when explicitly present; no claim if unavailable,late audit; ,,,,,,,,QEC_RUN_MATRIX_V1_V392_20260731.csv,Z:\Meetings\Complete\22-7-2026\QEC_AI_PAPER_MASTER_20260717,C:\Users\22228049\.codex\github_publish\hardware-adaptive-qec-ibm,unavailable,audit or unavailable,promoted,Version V186 retained with original matrix fields; no missing fields were inferred.
V187,G3_spatiotemporal_attention_tuning,unavailable,unavailable,unavailable,unavailable,unavailable,unavailable,unavailable,unavailable,unavailable,unavailable,qec_work\wolffe_archive_20260730\extracted\home\22228049\qec_label_audit_20260726\V187_DEPLOYMENT_FEATURES_NO_LABELS.audit.json,measured artifact found,Use leave-one-domain-out calibration conditioning with a frozen gate and paired bootstrap; reject if either basis or domain regresses.,normal,not a V12 comparison,MWPM/BP-OSD comparator only when explicitly present; no claim if unavailable,late audit; qec_work\wolffe_archive_20260730\extracted\home\22228049\qec_label_audit_20260726\V187_DEPLOYMENT_FEATURES_NO_LABELS.audit.json,,,,,,,,QEC_RUN_MATRIX_V1_V392_20260731.csv,Z:\Meetings\Complete\22-7-2026\QEC_AI_PAPER_MASTER_20260717,C:\Users\22228049\.codex\github_publish\hardware-adaptive-qec-ibm,unavailable,audit or unavailable,promoted,Version V187 retained with original matrix fields; no missing fields were inferred.
V188,G3_spatiotemporal_attention_tuning,unavailable,unavailable,unavailable,unavailable,unavailable,unavailable,unavailable,unavailable,unavailable,unavailable,unavailable,no local artifact found,Re-run only if a sealed script/result exists; otherwise archive as protocol-only and avoid inventing a metric.,normal,not a V12 comparison,MWPM/BP-OSD comparator only when explicitly present; no claim if unavailable,late audit; ,,,,,,,,QEC_RUN_MATRIX_V1_V392_20260731.csv,Z:\Meetings\Complete\22-7-2026\QEC_AI_PAPER_MASTER_20260717,C:\Users\22228049\.codex\github_publish\hardware-adaptive-qec-ibm,unavailable,audit or unavailable,promoted,Version V188 retained with original matrix fields; no missing fields were inferred.
V189,G3_spatiotemporal_attention_tuning,BP-OSD; graph/DEM; calibration/drift; postselection/gate,calibration/backend metadata,domain/held-out,unavailable,unavailable,"0 if config[0] == ""X"" else 1; {}",unavailable,unavailable,unavailable,unavailable,qec_work\wolffe_archive_20260730\extracted\home\22228049\qec_v109_open_source_20260722\logs\v189_54134.err; qec_work\wolffe_archive_20260730\extracted\home\22228049\qec_v109_open_source_20260722\logs\v189_54134.out; qec_work\wolffe_archive_20260730\extracted\home\22228049\qec_v109_open_source_20260722\logs\v189_smoke_54115.err; qec_work\wolffe_archive_20260730\extracted\home\22228049\qec_v109_open_source_20260722\logs\v189_smoke_54115.out; qec_work\wolffe_archive_20260730\extracted\home\22228049\qec_v109_open_source_20260722\logs\v189_smoke_54120.err; qec_work\wolffe_archive_20260730\extracted\home\22228049\qec_v109_open_source_20260722\logs\v189_smoke_54120.out; qec_work\wolffe_archive_20260730\extracted\home\22228049\qec_v109_open_source_20260722\logs\v189_smoke_54133.err; qec_work\wolffe_archive_20260730\extracted\home\22228049\qec_v109_open_source_20260722\logs\v189_smoke_54133.out; qec_work\wolffe_archive_20260730\extracted\home\22228049\qec_v109_open_source_20260722\v189\v189_evolutionary_bp_osd.py; qec_work\wolffe_archive_20260730\extracted\home\22228049\qec_v109_open_source_20260722\v189\v189_evolutionary_bp_osd.slurm; qec_work\wolffe_archive_20260730\extracted\home\22228049\qec_v109_open_source_20260722\v189\v189_smoke.slurm; C:\Users\22228049\.codex\qec_work\wolffe_archive_20260730\extracted\home\22228049\qec_v109_open_source_20260722\v189\v189_evolutionary_bp_osd.py,measured artifact found; diagnostic/protocol or pending,"Run a frozen, untouched IBM block with V12 fallback; report X/Z/domain confidence intervals before promotion.",normal,not a V12 comparison,MWPM/BP-OSD comparator only when explicitly present; no claim if unavailable,late audit; qec_work\wolffe_archive_20260730\extracted\home\22228049\qec_v109_open_source_20260722\logs\v189_54134.err; qec_work\wolffe_archive_20260730\extracted\home\22228049\qec_v109_open_source_20260722\logs\v189_54134.out; qec_work\wolffe_archive_20260730\extracted\home\22228049\qec_v109_open_source_20260722\logs\v189_smoke_54115.err; qec_work\wolffe_archive_20260730\extracted\home\22228049\qec_v109_open_source_20260722\logs\v189_smoke_54115.out; qec_work\wolffe_archive_20260730\extracted\home\22228049\qec_v109_open_source_20260722\logs\v189_smoke_54120.err; qec_work\wolffe_archive_20260730\extracted\home\22228049\qec_v109_open_source_20260722\logs\v189_smoke_54120.out; qec_work\wolffe_archive_20260730\extracted\home\22228049\qec_v109_open_source_20260722\logs\v189_smoke_54133.err; qec_work\wolffe_archive_20260730\extracted\home\22228049\qec_v109_open_source_20260722\logs\v189_smoke_54133.out; qec_work\wolffe_archive_20260730\extracted\home\22228049\qec_v109_open_source_20260722\v189\v189_evolutionary_bp_osd.py; qec_work\wolffe_archive_20260730\extracted\home\22228049\qec_v109_open_source_20260722\v189\v189_evolutionary_bp_osd.slurm; qec_work\wolffe_archive_20260730\extracted\home\22228049\qec_v109_open_source_20260722\v189\v189_smoke.slurm,,,,,,,,QEC_RUN_MATRIX_V1_V392_20260731.csv,Z:\Meetings\Complete\22-7-2026\QEC_AI_PAPER_MASTER_20260717,C:\Users\22228049\.codex\github_publish\hardware-adaptive-qec-ibm,domain/held-out,measured artifact,diagnostic/not promoted,Version V189 retained with original matrix fields; no missing fields were inferred.
V190,G3_spatiotemporal_attention_tuning,MWPM/PyMatching; neural/ML; graph/DEM; calibration/drift; ensemble/consensus,soft/LLR or analog; hard syndrome; calibration/backend metadata,IBM real shots; domain/held-out,unavailable,unavailable,= name)),unavailable,unavailable,unavailable,unavailable,qec_work\wolffe_archive_20260730\extracted\home\22228049\qec_v109_open_source_20260722\logs\v190_54125_0.err; qec_work\wolffe_archive_20260730\extracted\home\22228049\qec_v109_open_source_20260722\logs\v190_54125_0.out; qec_work\wolffe_archive_20260730\extracted\home\22228049\qec_v109_open_source_20260722\logs\v190_54125_1.err; qec_work\wolffe_archive_20260730\extracted\home\22228049\qec_v109_open_source_20260722\logs\v190_54125_1.out; qec_work\wolffe_archive_20260730\extracted\home\22228049\qec_v109_open_source_20260722\logs\v190_54125_2.err; qec_work\wolffe_archive_20260730\extracted\home\22228049\qec_v109_open_source_20260722\logs\v190_54125_2.out; qec_work\wolffe_archive_20260730\extracted\home\22228049\qec_v109_open_source_20260722\logs\v190_54125_3.err; qec_work\wolffe_archive_20260730\extracted\home\22228049\qec_v109_open_source_20260722\logs\v190_54125_3.out; qec_work\wolffe_archive_20260730\extracted\home\22228049\qec_v109_open_source_20260722\logs\v190_54125_4.err; qec_work\wolffe_archive_20260730\extracted\home\22228049\qec_v109_open_source_20260722\logs\v190_54125_4.out; qec_work\wolffe_archive_20260730\extracted\home\22228049\qec_v109_open_source_20260722\logs\v190_cpu_smoke_54127_0.err; qec_work\wolffe_archive_20260730\extracted\home\22228049\qec_v109_open_source_20260722\logs\v190_cpu_smoke_54127_0.out; qec_work\wolffe_archive_20260730\extracted\home\22228049\qec_v109_open_source_20260722\logs\v190_cpu_smoke_54127_1.err; qec_work\wolffe_archive_20260730\extracted\home\22228049\qec_v109_open_source_20260722\logs\v190_cpu_smoke_54127_1.out; qec_work\wolffe_archive_20260730\extracted\home\22228049\qec_v109_open_source_20260722\logs\v190_cpu_smoke_54127_2.err; qec_work\wolffe_archive_20260730\extracted\home\22228049\qec_v109_open_source_20260722\logs\v190_cpu_smoke_54127_2.out; qec_work\wolffe_archive_20260730\extracted\home\22228049\qec_v109_open_source_20260722\logs\v190_cpu_smoke_54142_0.err; qec_work\wolffe_archive_20260730\extracted\home\22228049\qec_v109_open_source_20260722\logs\v190_cpu_smoke_54142_0.out; qec_work\wolffe_archive_20260730\extracted\home\22228049\qec_v109_open_source_20260722\logs\v190_cpu_smoke_54142_1.err; qec_work\wolffe_archive_20260730\extracted\home\22228049\qec_v109_open_source_20260722\logs\v190_cpu_smoke_54142_1.out; qec_work\wolffe_archive_20260730\extracted\home\22228049\qec_v109_open_source_20260722\logs\v190_cpu_smoke_54142_2.err; qec_work\wolffe_archive_20260730\extracted\home\22228049\qec_v109_open_source_20260722\logs\v190_cpu_smoke_54142_2.out; qec_work\wolffe_archive_20260730\extracted\home\22228049\qec_v109_open_source_20260722\v190\v190_class_conditional_scatter.py; qec_work\wolffe_archive_20260730\extracted\home\22228049\qec_v109_open_source_20260722\v190\v190_scatter_cpu_smoke.slurm; qec_work\wolffe_archive_20260730\extracted\home\22228049\qec_v109_open_source_20260722\v190\v190_scatter_full.slurm; C:\Users\22228049\.codex\qec_work\wolffe_archive_20260730\extracted\home\22228049\qec_v109_open_source_20260722\v190\v190_class_conditional_scatter.py,measured artifact found; diagnostic/protocol or pending,"Run a frozen, untouched IBM block with V12 fallback; report X/Z/domain confidence intervals before promotion.",normal,not a V12 comparison,MWPM/BP-OSD comparator only when explicitly present; no claim if unavailable,late audit; qec_work\wolffe_archive_20260730\extracted\home\22228049\qec_v109_open_source_20260722\logs\v190_54125_0.err; qec_work\wolffe_archive_20260730\extracted\home\22228049\qec_v109_open_source_20260722\logs\v190_54125_0.out; qec_work\wolffe_archive_20260730\extracted\home\22228049\qec_v109_open_source_20260722\logs\v190_54125_1.err; qec_work\wolffe_archive_20260730\extracted\home\22228049\qec_v109_open_source_20260722\logs\v190_54125_1.out; qec_work\wolffe_archive_20260730\extracted\home\22228049\qec_v109_open_source_20260722\logs\v190_54125_2.err; qec_work\wolffe_archive_20260730\extracted\home\22228049\qec_v109_open_source_20260722\logs\v190_54125_2.out; qec_work\wolffe_archive_20260730\extracted\home\22228049\qec_v109_open_source_20260722\logs\v190_54125_3.err; qec_work\wolffe_archive_20260730\extracted\home\22228049\qec_v109_open_source_20260722\logs\v190_54125_3.out; qec_work\wolffe_archive_20260730\extracted\home\22228049\qec_v109_open_source_20260722\logs\v190_54125_4.err; qec_work\wolffe_archive_20260730\extracted\home\22228049\qec_v109_open_source_20260722\logs\v190_54125_4.out; qec_work\wolffe_archive_20260730\extracted\home\22228049\qec_v109_open_source_20260722\logs\v190_cpu_smoke_54127_0.err; qec_work\wolffe_archive_20260730\extracted\home\22228049\qec_v109_open_source_20260722\logs\v190_cpu_smoke_54127_0.out; qec_work\wolffe_archive_20260730\extracted\home\22228049\qec_v109_open_source_20260722\logs\v190_cpu_smoke_54127_1.err; qec_work\wolffe_archive_20260730\extracted\home\22228049\qec_v109_open_source_20260722\logs\v190_cpu_smoke_54127_1.out; qec_work\wolffe_archive_20260730\extracted\home\22228049\qec_v109_open_source_20260722\logs\v190_cpu_smoke_54127_2.err; qec_work\wolffe_archive_20260730\extracted\home\22228049\qec_v109_open_source_20260722\logs\v190_cpu_smoke_54127_2.out; qec_work\wolffe_archive_20260730\extracted\home\22228049\qec_v109_open_source_20260722\logs\v190_cpu_smoke_54142_0.err; qec_work\wolffe_archive_20260730\extracted\home\22228049\qec_v109_open_source_20260722\logs\v190_cpu_smoke_54142_0.out; qec_work\wolffe_archive_20260730\extracted\home\22228049\qec_v109_open_source_20260722\logs\v190_cpu_smoke_54142_1.err; qec_work\wolffe_archive_20260730\extracted\home\22228049\qec_v109_open_source_20260722\logs\v190_cpu_smoke_54142_1.out; qec_work\wolffe_archive_20260730\extracted\home\22228049\qec_v109_open_source_20260722\logs\v190_cpu_smoke_54142_2.err; qec_work\wolffe_archive_20260730\extracted\home\22228049\qec_v109_open_source_20260722\logs\v190_cpu_smoke_54142_2.out; qec_work\wolffe_archive_20260730\extracted\home\22228049\qec_v109_open_source_20260722\v190\v190_class_conditional_scatter.py; qec_work\wolffe_archive_20260730\extracted\home\22228049\qec_v109_open_source_20260722\v190\v190_scatter_cpu_smoke.slurm; qec_work\wolffe_archive_20260730\extracted\home\22228049\qec_v109_open_source_20260722\v190\v190_scatter_full.slurm,,,,,,,,QEC_RUN_MATRIX_V1_V392_20260731.csv,Z:\Meetings\Complete\22-7-2026\QEC_AI_PAPER_MASTER_20260717,C:\Users\22228049\.codex\github_publish\hardware-adaptive-qec-ibm,IBM real shots; domain/held-out,measured artifact,diagnostic/not promoted,Version V190 retained with original matrix fields; no missing fields were inferred.
V191,G3_spatiotemporal_attention_tuning,unavailable,unavailable,unavailable,unavailable,unavailable,unavailable,unavailable,unavailable,unavailable,unavailable,unavailable,no local artifact found,Re-run only if a sealed script/result exists; otherwise archive as protocol-only and avoid inventing a metric.,normal,not a V12 comparison,MWPM/BP-OSD comparator only when explicitly present; no claim if unavailable,late audit; ,,,,,,,,QEC_RUN_MATRIX_V1_V392_20260731.csv,Z:\Meetings\Complete\22-7-2026\QEC_AI_PAPER_MASTER_20260717,C:\Users\22228049\.codex\github_publish\hardware-adaptive-qec-ibm,unavailable,audit or unavailable,promoted,Version V191 retained with original matrix fields; no missing fields were inferred.
V192,G3_spatiotemporal_attention_tuning,unavailable,unavailable,unavailable,unavailable,unavailable,unavailable,unavailable,unavailable,unavailable,unavailable,unavailable,no local artifact found,Re-run only if a sealed script/result exists; otherwise archive as protocol-only and avoid inventing a metric.,normal,not a V12 comparison,MWPM/BP-OSD comparator only when explicitly present; no claim if unavailable,late audit; ,,,,,,,,QEC_RUN_MATRIX_V1_V392_20260731.csv,Z:\Meetings\Complete\22-7-2026\QEC_AI_PAPER_MASTER_20260717,C:\Users\22228049\.codex\github_publish\hardware-adaptive-qec-ibm,unavailable,audit or unavailable,promoted,Version V192 retained with original matrix fields; no missing fields were inferred.
V193,G3_spatiotemporal_attention_tuning,unavailable,unavailable,unavailable,unavailable,unavailable,unavailable,unavailable,unavailable,unavailable,unavailable,unavailable,no local artifact found,Re-run only if a sealed script/result exists; otherwise archive as protocol-only and avoid inventing a metric.,normal,not a V12 comparison,MWPM/BP-OSD comparator only when explicitly present; no claim if unavailable,late audit; ,,,,,,,,QEC_RUN_MATRIX_V1_V392_20260731.csv,Z:\Meetings\Complete\22-7-2026\QEC_AI_PAPER_MASTER_20260717,C:\Users\22228049\.codex\github_publish\hardware-adaptive-qec-ibm,unavailable,audit or unavailable,promoted,Version V193 retained with original matrix fields; no missing fields were inferred.
V194,G3_spatiotemporal_attention_tuning,unavailable,unavailable,unavailable,unavailable,unavailable,unavailable,unavailable,unavailable,unavailable,unavailable,unavailable,no local artifact found,Re-run only if a sealed script/result exists; otherwise archive as protocol-only and avoid inventing a metric.,normal,not a V12 comparison,MWPM/BP-OSD comparator only when explicitly present; no claim if unavailable,late audit; ,,,,,,,,QEC_RUN_MATRIX_V1_V392_20260731.csv,Z:\Meetings\Complete\22-7-2026\QEC_AI_PAPER_MASTER_20260717,C:\Users\22228049\.codex\github_publish\hardware-adaptive-qec-ibm,unavailable,audit or unavailable,promoted,Version V194 retained with original matrix fields; no missing fields were inferred.
V195,G3_spatiotemporal_attention_tuning,unavailable,unavailable,unavailable,unavailable,unavailable,unavailable,unavailable,unavailable,unavailable,unavailable,unavailable,no local artifact found,Re-run only if a sealed script/result exists; otherwise archive as protocol-only and avoid inventing a metric.,normal,not a V12 comparison,MWPM/BP-OSD comparator only when explicitly present; no claim if unavailable,late audit; ,,,,,,,,QEC_RUN_MATRIX_V1_V392_20260731.csv,Z:\Meetings\Complete\22-7-2026\QEC_AI_PAPER_MASTER_20260717,C:\Users\22228049\.codex\github_publish\hardware-adaptive-qec-ibm,unavailable,audit or unavailable,promoted,Version V195 retained with original matrix fields; no missing fields were inferred.
V196,G3_spatiotemporal_attention_tuning,unavailable,unavailable,unavailable,unavailable,unavailable,unavailable,unavailable,unavailable,unavailable,unavailable,unavailable,no local artifact found,Re-run only if a sealed script/result exists; otherwise archive as protocol-only and avoid inventing a metric.,normal,not a V12 comparison,MWPM/BP-OSD comparator only when explicitly present; no claim if unavailable,late audit; ,,,,,,,,QEC_RUN_MATRIX_V1_V392_20260731.csv,Z:\Meetings\Complete\22-7-2026\QEC_AI_PAPER_MASTER_20260717,C:\Users\22228049\.codex\github_publish\hardware-adaptive-qec-ibm,unavailable,audit or unavailable,promoted,Version V196 retained with original matrix fields; no missing fields were inferred.
V197,G3_spatiotemporal_attention_tuning,unavailable,unavailable,unavailable,unavailable,unavailable,unavailable,unavailable,unavailable,unavailable,unavailable,unavailable,no local artifact found,Re-run only if a sealed script/result exists; otherwise archive as protocol-only and avoid inventing a metric.,normal,not a V12 comparison,MWPM/BP-OSD comparator only when explicitly present; no claim if unavailable,late audit; ,,,,,,,,QEC_RUN_MATRIX_V1_V392_20260731.csv,Z:\Meetings\Complete\22-7-2026\QEC_AI_PAPER_MASTER_20260717,C:\Users\22228049\.codex\github_publish\hardware-adaptive-qec-ibm,unavailable,audit or unavailable,promoted,Version V197 retained with original matrix fields; no missing fields were inferred.
V198,G3_spatiotemporal_attention_tuning,unavailable,unavailable,unavailable,unavailable,unavailable,unavailable,unavailable,unavailable,unavailable,unavailable,unavailable,no local artifact found,Re-run only if a sealed script/result exists; otherwise archive as protocol-only and avoid inventing a metric.,normal,not a V12 comparison,MWPM/BP-OSD comparator only when explicitly present; no claim if unavailable,late audit; ,,,,,,,,QEC_RUN_MATRIX_V1_V392_20260731.csv,Z:\Meetings\Complete\22-7-2026\QEC_AI_PAPER_MASTER_20260717,C:\Users\22228049\.codex\github_publish\hardware-adaptive-qec-ibm,unavailable,audit or unavailable,promoted,Version V198 retained with original matrix fields; no missing fields were inferred.
V199,G3_spatiotemporal_attention_tuning,unavailable,unavailable,unavailable,unavailable,unavailable,unavailable,unavailable,unavailable,unavailable,unavailable,unavailable,no local artifact found,Re-run only if a sealed script/result exists; otherwise archive as protocol-only and avoid inventing a metric.,normal,not a V12 comparison,MWPM/BP-OSD comparator only when explicitly present; no claim if unavailable,late audit; ,,,,,,,,QEC_RUN_MATRIX_V1_V392_20260731.csv,Z:\Meetings\Complete\22-7-2026\QEC_AI_PAPER_MASTER_20260717,C:\Users\22228049\.codex\github_publish\hardware-adaptive-qec-ibm,unavailable,audit or unavailable,promoted,Version V199 retained with original matrix fields; no missing fields were inferred.
V200,G3_spatiotemporal_attention_tuning,unavailable,unavailable,unavailable,unavailable,unavailable,unavailable,unavailable,unavailable,unavailable,unavailable,unavailable,no local artifact found,Re-run only if a sealed script/result exists; otherwise archive as protocol-only and avoid inventing a metric.,normal,not a V12 comparison,MWPM/BP-OSD comparator only when explicitly present; no claim if unavailable,late audit; ,,,,,,,,QEC_RUN_MATRIX_V1_V392_20260731.csv,Z:\Meetings\Complete\22-7-2026\QEC_AI_PAPER_MASTER_20260717,C:\Users\22228049\.codex\github_publish\hardware-adaptive-qec-ibm,unavailable,audit or unavailable,promoted,Version V200 retained with original matrix fields; no missing fields were inferred.
V201,G3_spatiotemporal_attention_tuning,unavailable,unavailable,unavailable,unavailable,unavailable,unavailable,unavailable,unavailable,unavailable,unavailable,unavailable,no local artifact found,Re-run only if a sealed script/result exists; otherwise archive as protocol-only and avoid inventing a metric.,normal,not a V12 comparison,MWPM/BP-OSD comparator only when explicitly present; no claim if unavailable,late audit; ,,,,,,,,QEC_RUN_MATRIX_V1_V392_20260731.csv,Z:\Meetings\Complete\22-7-2026\QEC_AI_PAPER_MASTER_20260717,C:\Users\22228049\.codex\github_publish\hardware-adaptive-qec-ibm,unavailable,audit or unavailable,promoted,Version V201 retained with original matrix fields; no missing fields were inferred.
V202,G3_spatiotemporal_attention_tuning,unavailable,unavailable,unavailable,unavailable,unavailable,unavailable,unavailable,unavailable,unavailable,unavailable,unavailable,no local artifact found,Re-run only if a sealed script/result exists; otherwise archive as protocol-only and avoid inventing a metric.,normal,not a V12 comparison,MWPM/BP-OSD comparator only when explicitly present; no claim if unavailable,late audit; ,,,,,,,,QEC_RUN_MATRIX_V1_V392_20260731.csv,Z:\Meetings\Complete\22-7-2026\QEC_AI_PAPER_MASTER_20260717,C:\Users\22228049\.codex\github_publish\hardware-adaptive-qec-ibm,unavailable,audit or unavailable,promoted,Version V202 retained with original matrix fields; no missing fields were inferred.
V203,G3_spatiotemporal_attention_tuning,MWPM/PyMatching; graph/DEM; calibration/drift; postselection/gate,hard syndrome,IBM real shots; phenomenological/Stim,unavailable,unavailable,"float(np.mean(block[""baseline""] != block[""label""]) * 100); str; = ""X"" else 1_000)); = ""X"" else 1); np.concatenate([part[""basis""] for part in final_arrays])",unavailable,unavailable,unavailable,unavailable,qec_work\wolffe_archive_20260730\extracted\home\22228049\qec_v203\v203_balanced_heterogeneous_noise_core.py; qec_work\wolffe_archive_20260730\extracted\home\22228049\qec_v203\v203_methods_array.slurm; qec_work\wolffe_archive_20260730\extracted\home\22228049\qec_v203\v203_methods_smoke.slurm; qec_work\wolffe_archive_20260730\extracted\home\22228049\qec_v203\logs\v203_54259_0.err; qec_work\wolffe_archive_20260730\extracted\home\22228049\qec_v203\logs\v203_54259_0.out; qec_work\wolffe_archive_20260730\extracted\home\22228049\qec_v203\logs\v203_54259_1.err; qec_work\wolffe_archive_20260730\extracted\home\22228049\qec_v203\logs\v203_54259_1.out; qec_work\wolffe_archive_20260730\extracted\home\22228049\qec_v203\logs\v203_54259_2.err; qec_work\wolffe_archive_20260730\extracted\home\22228049\qec_v203\logs\v203_54259_2.out; qec_work\wolffe_archive_20260730\extracted\home\22228049\qec_v203\logs\v203_smoke_54255_0.err; qec_work\wolffe_archive_20260730\extracted\home\22228049\qec_v203\logs\v203_smoke_54255_0.out; qec_work\wolffe_archive_20260730\extracted\home\22228049\qec_v203\logs\v203_smoke_54255_1.err; qec_work\wolffe_archive_20260730\extracted\home\22228049\qec_v203\logs\v203_smoke_54255_1.out; qec_work\wolffe_archive_20260730\extracted\home\22228049\qec_v203\logs\v203_smoke_54255_2.err; qec_work\wolffe_archive_20260730\extracted\home\22228049\qec_v203\logs\v203_smoke_54255_2.out; C:\Users\22228049\.codex\qec_work\wolffe_archive_20260730\extracted\home\22228049\qec_v203\v203_balanced_heterogeneous_noise_core.py,measured artifact found; diagnostic/protocol or pending,"Run a frozen, untouched IBM block with V12 fallback; report X/Z/domain confidence intervals before promotion.",normal,not a V12 comparison,MWPM/BP-OSD comparator only when explicitly present; no claim if unavailable,late audit; qec_work\wolffe_archive_20260730\extracted\home\22228049\qec_v203\v203_balanced_heterogeneous_noise_core.py; qec_work\wolffe_archive_20260730\extracted\home\22228049\qec_v203\v203_methods_array.slurm; qec_work\wolffe_archive_20260730\extracted\home\22228049\qec_v203\v203_methods_smoke.slurm; qec_work\wolffe_archive_20260730\extracted\home\22228049\qec_v203\logs\v203_54259_0.err; qec_work\wolffe_archive_20260730\extracted\home\22228049\qec_v203\logs\v203_54259_0.out; qec_work\wolffe_archive_20260730\extracted\home\22228049\qec_v203\logs\v203_54259_1.err; qec_work\wolffe_archive_20260730\extracted\home\22228049\qec_v203\logs\v203_54259_1.out; qec_work\wolffe_archive_20260730\extracted\home\22228049\qec_v203\logs\v203_54259_2.err; qec_work\wolffe_archive_20260730\extracted\home\22228049\qec_v203\logs\v203_54259_2.out; qec_work\wolffe_archive_20260730\extracted\home\22228049\qec_v203\logs\v203_smoke_54255_0.err; qec_work\wolffe_archive_20260730\extracted\home\22228049\qec_v203\logs\v203_smoke_54255_0.out; qec_work\wolffe_archive_20260730\extracted\home\22228049\qec_v203\logs\v203_smoke_54255_1.err; qec_work\wolffe_archive_20260730\extracted\home\22228049\qec_v203\logs\v203_smoke_54255_1.out; qec_work\wolffe_archive_20260730\extracted\home\22228049\qec_v203\logs\v203_smoke_54255_2.err; qec_work\wolffe_archive_20260730\extracted\home\22228049\qec_v203\logs\v203_smoke_54255_2.out,,,,,,,,QEC_RUN_MATRIX_V1_V392_20260731.csv,Z:\Meetings\Complete\22-7-2026\QEC_AI_PAPER_MASTER_20260717,C:\Users\22228049\.codex\github_publish\hardware-adaptive-qec-ibm,IBM real shots; phenomenological/Stim,measured artifact,diagnostic/not promoted,Version V203 retained with original matrix fields; no missing fields were inferred.
V204,G3_spatiotemporal_attention_tuning,neural/ML; graph/DEM; calibration/drift; postselection/gate,soft/LLR or analog; hard syndrome; calibration/backend metadata,IBM real shots; correlated/drift; domain/held-out,unavailable,unavailable,"np.concatenate([x[""basis""] for x in arrays]); = 0]; = 1]; test[""backend""]",unavailable,unavailable,unavailable,unavailable,129_V204_NEWTONIAN_FORCE_DECOMPOSITION_20260725\NEWTON_PRINCIPIA_TO_IBM_QEC_IDEA_MAP_20260725.md; 129_V204_NEWTONIAN_FORCE_DECOMPOSITION_20260725\v204_newtonian_array.slurm; 129_V204_NEWTONIAN_FORCE_DECOMPOSITION_20260725\v204_newtonian_force_decomposition.py; 129_V204_NEWTONIAN_FORCE_DECOMPOSITION_20260725\v204_newtonian_smoke.slurm; 129_V204_NEWTONIAN_FORCE_DECOMPOSITION_20260725\v204_newtonian_smoke_cpu.slurm; 129_V204_NEWTONIAN_FORCE_DECOMPOSITION_20260725\V204_NEWTONIAN_TRACEABILITY_RECORD_20260725.md; 129_V204_NEWTONIAN_FORCE_DECOMPOSITION_20260725\__pycache__\v204_newtonian_force_decomposition.cpython-38.pyc; qec_work\wolffe_archive_20260730\extracted\home\22228049\qec_v204agg_58078.err; qec_work\wolffe_archive_20260730\extracted\home\22228049\qec_v204agg_58078.out; qec_work\wolffe_archive_20260730\extracted\home\22228049\qec_v204\aggregate_v204_completed.py; qec_work\wolffe_archive_20260730\extracted\home\22228049\qec_v204\V204_COMPLETED_AGGREGATE.json; qec_work\wolffe_archive_20260730\extracted\home\22228049\qec_v204\v204_newtonian_array.slurm; qec_work\wolffe_archive_20260730\extracted\home\22228049\qec_v204\v204_newtonian_force_decomposition.py; qec_work\wolffe_archive_20260730\extracted\home\22228049\qec_v204\v204_newtonian_smoke.slurm; qec_work\wolffe_archive_20260730\extracted\home\22228049\qec_v204\v204_newtonian_smoke_cpu.slurm; qec_work\wolffe_archive_20260730\extracted\home\22228049\qec_v204\logs\v204_54279_0.err; qec_work\wolffe_archive_20260730\extracted\home\22228049\qec_v204\logs\v204_54279_0.out; qec_work\wolffe_archive_20260730\extracted\home\22228049\qec_v204\logs\v204_54279_1.err; qec_work\wolffe_archive_20260730\extracted\home\22228049\qec_v204\logs\v204_54279_1.out; qec_work\wolffe_archive_20260730\extracted\home\22228049\qec_v204\logs\v204_54279_2.err; qec_work\wolffe_archive_20260730\extracted\home\22228049\qec_v204\logs\v204_54279_2.out; qec_work\wolffe_archive_20260730\extracted\home\22228049\qec_v204\logs\v204_54279_3.err; qec_work\wolffe_archive_20260730\extracted\home\22228049\qec_v204\logs\v204_54279_3.out; qec_work\wolffe_archive_20260730\extracted\home\22228049\qec_v204\logs\v204_54279_4.err; qec_work\wolffe_archive_20260730\extracted\home\22228049\qec_v204\logs\v204_54279_4.out; C:\Users\22228049\.codex\qec_work\wolffe_archive_20260730\extracted\home\22228049\qec_v204\aggregate_v204_completed.py; C:\Users\22228049\.codex\qec_work\wolffe_archive_20260730\extracted\home\22228049\qec_v204\v204_newtonian_force_decomposition.py,measured artifact found; diagnostic/protocol or pending,"Run a frozen, untouched IBM block with V12 fallback; report X/Z/domain confidence intervals before promotion.",normal,not a V12 comparison,MWPM/BP-OSD comparator only when explicitly present; no claim if unavailable,late audit; 129_V204_NEWTONIAN_FORCE_DECOMPOSITION_20260725\NEWTON_PRINCIPIA_TO_IBM_QEC_IDEA_MAP_20260725.md; 129_V204_NEWTONIAN_FORCE_DECOMPOSITION_20260725\v204_newtonian_array.slurm; 129_V204_NEWTONIAN_FORCE_DECOMPOSITION_20260725\v204_newtonian_force_decomposition.py; 129_V204_NEWTONIAN_FORCE_DECOMPOSITION_20260725\v204_newtonian_smoke.slurm; 129_V204_NEWTONIAN_FORCE_DECOMPOSITION_20260725\v204_newtonian_smoke_cpu.slurm; 129_V204_NEWTONIAN_FORCE_DECOMPOSITION_20260725\V204_NEWTONIAN_TRACEABILITY_RECORD_20260725.md; 129_V204_NEWTONIAN_FORCE_DECOMPOSITION_20260725\__pycache__\v204_newtonian_force_decomposition.cpython-38.pyc; qec_work\wolffe_archive_20260730\extracted\home\22228049\qec_v204agg_58078.err; qec_work\wolffe_archive_20260730\extracted\home\22228049\qec_v204agg_58078.out; qec_work\wolffe_archive_20260730\extracted\home\22228049\qec_v204\aggregate_v204_completed.py; qec_work\wolffe_archive_20260730\extracted\home\22228049\qec_v204\V204_COMPLETED_AGGREGATE.json; qec_work\wolffe_archive_20260730\extracted\home\22228049\qec_v204\v204_newtonian_array.slurm; qec_work\wolffe_archive_20260730\extracted\home\22228049\qec_v204\v204_newtonian_force_decomposition.py; qec_work\wolffe_archive_20260730\extracted\home\22228049\qec_v204\v204_newtonian_smoke.slurm; qec_work\wolffe_archive_20260730\extracted\home\22228049\qec_v204\v204_newtonian_smoke_cpu.slurm; qec_work\wolffe_archive_20260730\extracted\home\22228049\qec_v204\logs\v204_54279_0.err; qec_work\wolffe_archive_20260730\extracted\home\22228049\qec_v204\logs\v204_54279_0.out; qec_work\wolffe_archive_20260730\extracted\home\22228049\qec_v204\logs\v204_54279_1.err; qec_work\wolffe_archive_20260730\extracted\home\22228049\qec_v204\logs\v204_54279_1.out; qec_work\wolffe_archive_20260730\extracted\home\22228049\qec_v204\logs\v204_54279_2.err; qec_work\wolffe_archive_20260730\extracted\home\22228049\qec_v204\logs\v204_54279_2.out; qec_work\wolffe_archive_20260730\extracted\home\22228049\qec_v204\logs\v204_54279_3.err; qec_work\wolffe_archive_20260730\extracted\home\22228049\qec_v204\logs\v204_54279_3.out; qec_work\wolffe_archive_20260730\extracted\home\22228049\qec_v204\logs\v204_54279_4.err; qec_work\wolffe_archive_20260730\extracted\home\22228049\qec_v204\logs\v204_54279_4.out,,,,,,,,QEC_RUN_MATRIX_V1_V392_20260731.csv,Z:\Meetings\Complete\22-7-2026\QEC_AI_PAPER_MASTER_20260717,C:\Users\22228049\.codex\github_publish\hardware-adaptive-qec-ibm,IBM real shots; correlated/drift; domain/held-out,measured artifact,diagnostic/not promoted,Version V204 retained with original matrix fields; no missing fields were inferred.
V205,G3_spatiotemporal_attention_tuning,unavailable,unavailable,unavailable,unavailable,unavailable,unavailable,unavailable,unavailable,unavailable,unavailable,unavailable,no local artifact found,Re-run only if a sealed script/result exists; otherwise archive as protocol-only and avoid inventing a metric.,normal,not a V12 comparison,MWPM/BP-OSD comparator only when explicitly present; no claim if unavailable,late audit; ,,,,,,,,QEC_RUN_MATRIX_V1_V392_20260731.csv,Z:\Meetings\Complete\22-7-2026\QEC_AI_PAPER_MASTER_20260717,C:\Users\22228049\.codex\github_publish\hardware-adaptive-qec-ibm,unavailable,audit or unavailable,promoted,Version V205 retained with original matrix fields; no missing fields were inferred.
V206,G3_spatiotemporal_attention_tuning,MWPM/PyMatching; neural/ML; calibration/drift; postselection/gate,hard syndrome; calibration/backend metadata,IBM real shots; domain/held-out,unavailable,unavailable,"p[""domain""].astype(str); = name); int; = 0 else ""Z""; np.full(len(held[""y""]); held[""basis""]",unavailable,unavailable,unavailable,unavailable,qec_work\wolffe_archive_20260730\extracted\home\22228049\qec_v206_57914_0.err; qec_work\wolffe_archive_20260730\extracted\home\22228049\qec_v206_57914_0.out; qec_work\wolffe_archive_20260730\extracted\home\22228049\qec_v206_57914_1.err; qec_work\wolffe_archive_20260730\extracted\home\22228049\qec_v206_57914_1.out; qec_work\wolffe_archive_20260730\extracted\home\22228049\qec_v206_57914_2.err; qec_work\wolffe_archive_20260730\extracted\home\22228049\qec_v206_57914_2.out; qec_work\wolffe_archive_20260730\extracted\home\22228049\qec_v206_57914_3.err; qec_work\wolffe_archive_20260730\extracted\home\22228049\qec_v206_57914_3.out; qec_work\wolffe_archive_20260730\extracted\home\22228049\qec_v206_57914_4.err; qec_work\wolffe_archive_20260730\extracted\home\22228049\qec_v206_57914_4.out; qec_work\wolffe_archive_20260730\extracted\home\22228049\qec_v206_cpu_57923_0.err; qec_work\wolffe_archive_20260730\extracted\home\22228049\qec_v206_cpu_57923_0.out; qec_work\wolffe_archive_20260730\extracted\home\22228049\qec_v206_cpu_57923_1.err; qec_work\wolffe_archive_20260730\extracted\home\22228049\qec_v206_cpu_57923_1.out; qec_work\wolffe_archive_20260730\extracted\home\22228049\qec_v206_cpu_57923_10.err; qec_work\wolffe_archive_20260730\extracted\home\22228049\qec_v206_cpu_57923_10.out; qec_work\wolffe_archive_20260730\extracted\home\22228049\qec_v206_cpu_57923_11.err; qec_work\wolffe_archive_20260730\extracted\home\22228049\qec_v206_cpu_57923_11.out; qec_work\wolffe_archive_20260730\extracted\home\22228049\qec_v206_cpu_57923_12.err; qec_work\wolffe_archive_20260730\extracted\home\22228049\qec_v206_cpu_57923_12.out; qec_work\wolffe_archive_20260730\extracted\home\22228049\qec_v206_cpu_57923_13.err; qec_work\wolffe_archive_20260730\extracted\home\22228049\qec_v206_cpu_57923_13.out; qec_work\wolffe_archive_20260730\extracted\home\22228049\qec_v206_cpu_57923_2.err; qec_work\wolffe_archive_20260730\extracted\home\22228049\qec_v206_cpu_57923_2.out; qec_work\wolffe_archive_20260730\extracted\home\22228049\qec_v206_cpu_57923_3.err; C:\Users\22228049\.codex\qec_work\wolffe_archive_20260730\extracted\home\22228049\qec_label_audit_20260726\aggregate_v206_archive_diversity.py; C:\Users\22228049\.codex\qec_work\wolffe_archive_20260730\extracted\home\22228049\qec_label_audit_20260726\v206_archive_diversity_ablation.py,measured artifact found; diagnostic/protocol or pending,Use leave-one-domain-out calibration conditioning with a frozen gate and paired bootstrap; reject if either basis or domain regresses.,normal,not a V12 comparison,MWPM/BP-OSD comparator only when explicitly present; no claim if unavailable,late audit; qec_work\wolffe_archive_20260730\extracted\home\22228049\qec_v206_57914_0.err; qec_work\wolffe_archive_20260730\extracted\home\22228049\qec_v206_57914_0.out; qec_work\wolffe_archive_20260730\extracted\home\22228049\qec_v206_57914_1.err; qec_work\wolffe_archive_20260730\extracted\home\22228049\qec_v206_57914_1.out; qec_work\wolffe_archive_20260730\extracted\home\22228049\qec_v206_57914_2.err; qec_work\wolffe_archive_20260730\extracted\home\22228049\qec_v206_57914_2.out; qec_work\wolffe_archive_20260730\extracted\home\22228049\qec_v206_57914_3.err; qec_work\wolffe_archive_20260730\extracted\home\22228049\qec_v206_57914_3.out; qec_work\wolffe_archive_20260730\extracted\home\22228049\qec_v206_57914_4.err; qec_work\wolffe_archive_20260730\extracted\home\22228049\qec_v206_57914_4.out; qec_work\wolffe_archive_20260730\extracted\home\22228049\qec_v206_cpu_57923_0.err; qec_work\wolffe_archive_20260730\extracted\home\22228049\qec_v206_cpu_57923_0.out; qec_work\wolffe_archive_20260730\extracted\home\22228049\qec_v206_cpu_57923_1.err; qec_work\wolffe_archive_20260730\extracted\home\22228049\qec_v206_cpu_57923_1.out; qec_work\wolffe_archive_20260730\extracted\home\22228049\qec_v206_cpu_57923_10.err; qec_work\wolffe_archive_20260730\extracted\home\22228049\qec_v206_cpu_57923_10.out; qec_work\wolffe_archive_20260730\extracted\home\22228049\qec_v206_cpu_57923_11.err; qec_work\wolffe_archive_20260730\extracted\home\22228049\qec_v206_cpu_57923_11.out; qec_work\wolffe_archive_20260730\extracted\home\22228049\qec_v206_cpu_57923_12.err; qec_work\wolffe_archive_20260730\extracted\home\22228049\qec_v206_cpu_57923_12.out; qec_work\wolffe_archive_20260730\extracted\home\22228049\qec_v206_cpu_57923_13.err; qec_work\wolffe_archive_20260730\extracted\home\22228049\qec_v206_cpu_57923_13.out; qec_work\wolffe_archive_20260730\extracted\home\22228049\qec_v206_cpu_57923_2.err; qec_work\wolffe_archive_20260730\extracted\home\22228049\qec_v206_cpu_57923_2.out; qec_work\wolffe_archive_20260730\extracted\home\22228049\qec_v206_cpu_57923_3.err,,,,,,,,QEC_RUN_MATRIX_V1_V392_20260731.csv,Z:\Meetings\Complete\22-7-2026\QEC_AI_PAPER_MASTER_20260717,C:\Users\22228049\.codex\github_publish\hardware-adaptive-qec-ibm,IBM real shots; domain/held-out,measured artifact,diagnostic/not promoted,Version V206 retained with original matrix fields; no missing fields were inferred.
V207,G3_spatiotemporal_attention_tuning,MWPM/PyMatching; graph/DEM; calibration/drift; ensemble/consensus; postselection/gate,soft/LLR or analog; hard syndrome; calibration/backend metadata,IBM real shots; phenomenological/Stim; correlated/drift; domain/held-out,unavailable,unavailable,"str; = ""z"":; = 0 and rounds == 7; main_data[""metadata""][test; = 0]; = 0]); = 1]; = 1])",unavailable,unavailable,unavailable,unavailable,qec_work\wolffe_archive_20260730\extracted\home\22228049\qec_v207_iq_57973.err; qec_work\wolffe_archive_20260730\extracted\home\22228049\qec_v207_iq_57973.out; qec_work\wolffe_archive_20260730\extracted\home\22228049\qec_v207_iq_58049.err; qec_work\wolffe_archive_20260730\extracted\home\22228049\qec_v207_iq_58049.out; qec_work\wolffe_archive_20260730\extracted\home\22228049\qec_v207_iq_58052.err; qec_work\wolffe_archive_20260730\extracted\home\22228049\qec_v207_iq_58052.out; qec_work\wolffe_archive_20260730\extracted\home\22228049\qec_v207_mwpm_57980.err; qec_work\wolffe_archive_20260730\extracted\home\22228049\qec_v207_mwpm_57980.out; qec_work\wolffe_archive_20260730\extracted\home\22228049\qec_v207_mwpm_57993.err; qec_work\wolffe_archive_20260730\extracted\home\22228049\qec_v207_mwpm_57993.out; qec_work\wolffe_archive_20260730\extracted\home\22228049\qec_v207_v12_58000.err; qec_work\wolffe_archive_20260730\extracted\home\22228049\qec_v207_v12_58000.out; qec_work\wolffe_archive_20260730\extracted\home\22228049\qec_v207_v12_58025.err; qec_work\wolffe_archive_20260730\extracted\home\22228049\qec_v207_v12_58025.out; qec_work\wolffe_archive_20260730\extracted\home\22228049\qec_v207_v12_58031.err; qec_work\wolffe_archive_20260730\extracted\home\22228049\qec_v207_v12_58031.out; qec_work\wolffe_archive_20260730\extracted\home\22228049\qec_v207_v12_58041.err; qec_work\wolffe_archive_20260730\extracted\home\22228049\qec_v207_v12_58041.out; qec_work\wolffe_archive_20260730\extracted\home\22228049\qec_label_audit_20260726\v207_exact_matching.slurm; qec_work\wolffe_archive_20260730\extracted\home\22228049\qec_label_audit_20260726\v207_frozen_v12_iq.slurm; qec_work\wolffe_archive_20260730\extracted\home\22228049\qec_label_audit_20260726\v207_reconstruct_kingston_iq.py; qec_work\wolffe_archive_20260730\extracted\home\22228049\qec_label_audit_20260726\v207_reconstruct_kingston_iq.slurm; qec_work\wolffe_archive_20260730\extracted\home\22228049\qec_label_audit_20260726\v207_soft_iq_residual_ablation.slurm; qec_work\wolffe_archive_20260730\extracted\home\22228049\qec_label_audit_20260726\v207\V207_KINGSTON_IQ_RECONSTRUCTION_AUDIT.json; qec_work\wolffe_archive_20260730\extracted\home\22228049\qec_label_audit_20260726\v207_code\exact_ibm_circuit_mwpm.py; C:\Users\22228049\.codex\qec_work\wolffe_archive_20260730\extracted\home\22228049\qec_label_audit_20260726\v207_reconstruct_kingston_iq.py; C:\Users\22228049\.codex\qec_work\wolffe_archive_20260730\extracted\home\22228049\qec_label_audit_20260726\v207_code\v207_evaluate_frozen_v12_iq.py; C:\Users\22228049\.codex\qec_work\wolffe_archive_20260730\extracted\home\22228049\qec_label_audit_20260726\v207_code\v207_soft_iq_residual_ablation.py,measured artifact found; diagnostic/protocol or pending,Use leave-one-domain-out calibration conditioning with a frozen gate and paired bootstrap; reject if either basis or domain regresses.,normal,not a V12 comparison,MWPM/BP-OSD comparator only when explicitly present; no claim if unavailable,late audit; qec_work\wolffe_archive_20260730\extracted\home\22228049\qec_v207_iq_57973.err; qec_work\wolffe_archive_20260730\extracted\home\22228049\qec_v207_iq_57973.out; qec_work\wolffe_archive_20260730\extracted\home\22228049\qec_v207_iq_58049.err; qec_work\wolffe_archive_20260730\extracted\home\22228049\qec_v207_iq_58049.out; qec_work\wolffe_archive_20260730\extracted\home\22228049\qec_v207_iq_58052.err; qec_work\wolffe_archive_20260730\extracted\home\22228049\qec_v207_iq_58052.out; qec_work\wolffe_archive_20260730\extracted\home\22228049\qec_v207_mwpm_57980.err; qec_work\wolffe_archive_20260730\extracted\home\22228049\qec_v207_mwpm_57980.out; qec_work\wolffe_archive_20260730\extracted\home\22228049\qec_v207_mwpm_57993.err; qec_work\wolffe_archive_20260730\extracted\home\22228049\qec_v207_mwpm_57993.out; qec_work\wolffe_archive_20260730\extracted\home\22228049\qec_v207_v12_58000.err; qec_work\wolffe_archive_20260730\extracted\home\22228049\qec_v207_v12_58000.out; qec_work\wolffe_archive_20260730\extracted\home\22228049\qec_v207_v12_58025.err; qec_work\wolffe_archive_20260730\extracted\home\22228049\qec_v207_v12_58025.out; qec_work\wolffe_archive_20260730\extracted\home\22228049\qec_v207_v12_58031.err; qec_work\wolffe_archive_20260730\extracted\home\22228049\qec_v207_v12_58031.out; qec_work\wolffe_archive_20260730\extracted\home\22228049\qec_v207_v12_58041.err; qec_work\wolffe_archive_20260730\extracted\home\22228049\qec_v207_v12_58041.out; qec_work\wolffe_archive_20260730\extracted\home\22228049\qec_label_audit_20260726\v207_exact_matching.slurm; qec_work\wolffe_archive_20260730\extracted\home\22228049\qec_label_audit_20260726\v207_frozen_v12_iq.slurm; qec_work\wolffe_archive_20260730\extracted\home\22228049\qec_label_audit_20260726\v207_reconstruct_kingston_iq.py; qec_work\wolffe_archive_20260730\extracted\home\22228049\qec_label_audit_20260726\v207_reconstruct_kingston_iq.slurm; qec_work\wolffe_archive_20260730\extracted\home\22228049\qec_label_audit_20260726\v207_soft_iq_residual_ablation.slurm; qec_work\wolffe_archive_20260730\extracted\home\22228049\qec_label_audit_20260726\v207\V207_KINGSTON_IQ_RECONSTRUCTION_AUDIT.json; qec_work\wolffe_archive_20260730\extracted\home\22228049\qec_label_audit_20260726\v207_code\exact_ibm_circuit_mwpm.py,,,,,,,,QEC_RUN_MATRIX_V1_V392_20260731.csv,Z:\Meetings\Complete\22-7-2026\QEC_AI_PAPER_MASTER_20260717,C:\Users\22228049\.codex\github_publish\hardware-adaptive-qec-ibm,IBM real shots; phenomenological/Stim; correlated/drift; domain/held-out,measured artifact,diagnostic/not promoted,Version V207 retained with original matrix fields; no missing fields were inferred.
V208,G3_spatiotemporal_attention_tuning,MWPM/PyMatching; postselection/gate,soft/LLR or analog; calibration/backend metadata,IBM real shots; domain/held-out,unavailable,unavailable,metadata_all[test; = 0]; = 0]); = 1]; = 1]),unavailable,unavailable,unavailable,unavailable,qec_work\wolffe_archive_20260730\extracted\home\22228049\qec_v208_58060.err; qec_work\wolffe_archive_20260730\extracted\home\22228049\qec_v208_58060.out; qec_work\wolffe_archive_20260730\extracted\home\22228049\qec_label_audit_20260726\v208_config_decoder_switching.slurm; qec_work\wolffe_archive_20260730\extracted\home\22228049\qec_label_audit_20260726\v207_code\v208_config_decoder_switching.py; qec_work\wolffe_archive_20260730\extracted\home\22228049\qec_label_audit_20260726\v208\V208_DECODER_SWITCHING_RESULT.json; C:\Users\22228049\.codex\qec_work\wolffe_archive_20260730\extracted\home\22228049\qec_label_audit_20260726\v207_code\v208_config_decoder_switching.py,measured artifact found; diagnostic/protocol or pending,"Test as a label-free feature or gate only, with strict frozen V12 fallback and separate X/Z/domain thresholds.",normal,not a V12 comparison,MWPM/BP-OSD comparator only when explicitly present; no claim if unavailable,late audit; qec_work\wolffe_archive_20260730\extracted\home\22228049\qec_v208_58060.err; qec_work\wolffe_archive_20260730\extracted\home\22228049\qec_v208_58060.out; qec_work\wolffe_archive_20260730\extracted\home\22228049\qec_label_audit_20260726\v208_config_decoder_switching.slurm; qec_work\wolffe_archive_20260730\extracted\home\22228049\qec_label_audit_20260726\v207_code\v208_config_decoder_switching.py; qec_work\wolffe_archive_20260730\extracted\home\22228049\qec_label_audit_20260726\v208\V208_DECODER_SWITCHING_RESULT.json,,,,,,,,QEC_RUN_MATRIX_V1_V392_20260731.csv,Z:\Meetings\Complete\22-7-2026\QEC_AI_PAPER_MASTER_20260717,C:\Users\22228049\.codex\github_publish\hardware-adaptive-qec-ibm,IBM real shots; domain/held-out,measured artifact,diagnostic/not promoted,Version V208 retained with original matrix fields; no missing fields were inferred.
V209,G3_spatiotemporal_attention_tuning,graph/DEM; calibration/drift; ensemble/consensus; postselection/gate,hard syndrome; calibration/backend metadata,IBM real shots; correlated/drift; domain/held-out,unavailable,unavailable,"data[""basis""]; * measured target logical labels are sealed until predictions are frozen; p[""domain""].astype(str); = name); int; = 0 else ""Z""; held[""basis""]",unavailable,unavailable,unavailable,unavailable,qec_work\wolffe_archive_20260730\extracted\home\22228049\qec_label_audit_20260726\aggregate_v209_results.py; qec_work\wolffe_archive_20260730\extracted\home\22228049\qec_label_audit_20260726\evaluate_v209_fold.py; qec_work\wolffe_archive_20260730\extracted\home\22228049\qec_label_audit_20260726\make_v209_label_free_deployment_artifact.py; qec_work\wolffe_archive_20260730\extracted\home\22228049\qec_label_audit_20260726\v209_aggregate.slurm; qec_work\wolffe_archive_20260730\extracted\home\22228049\qec_label_audit_20260726\v209_uncertainty_pseudolabel.slurm; qec_work\wolffe_archive_20260730\extracted\home\22228049\qec_label_audit_20260726\v209_uncertainty_pseudolabel_residual.py; qec_work\wolffe_archive_20260730\extracted\home\22228049\qec_label_audit_20260726\logs\qec_v209_58161_0.err; qec_work\wolffe_archive_20260730\extracted\home\22228049\qec_label_audit_20260726\logs\qec_v209_58161_0.out; qec_work\wolffe_archive_20260730\extracted\home\22228049\qec_label_audit_20260726\logs\qec_v209_58161_1.err; qec_work\wolffe_archive_20260730\extracted\home\22228049\qec_label_audit_20260726\logs\qec_v209_58161_1.out; qec_work\wolffe_archive_20260730\extracted\home\22228049\qec_label_audit_20260726\logs\qec_v209_58161_2.err; qec_work\wolffe_archive_20260730\extracted\home\22228049\qec_label_audit_20260726\logs\qec_v209_58161_2.out; qec_work\wolffe_archive_20260730\extracted\home\22228049\qec_label_audit_20260726\logs\qec_v209_58161_3.err; qec_work\wolffe_archive_20260730\extracted\home\22228049\qec_label_audit_20260726\logs\qec_v209_58161_3.out; qec_work\wolffe_archive_20260730\extracted\home\22228049\qec_label_audit_20260726\logs\qec_v209_58161_4.err; qec_work\wolffe_archive_20260730\extracted\home\22228049\qec_label_audit_20260726\logs\qec_v209_58161_4.out; qec_work\wolffe_archive_20260730\extracted\home\22228049\qec_label_audit_20260726\logs\qec_v209_58161_5.err; qec_work\wolffe_archive_20260730\extracted\home\22228049\qec_label_audit_20260726\logs\qec_v209_58161_5.out; qec_work\wolffe_archive_20260730\extracted\home\22228049\qec_label_audit_20260726\logs\qec_v209_58161_6.err; qec_work\wolffe_archive_20260730\extracted\home\22228049\qec_label_audit_20260726\logs\qec_v209_58161_6.out; qec_work\wolffe_archive_20260730\extracted\home\22228049\qec_label_audit_20260726\logs\qec_v209_smoke_58151_0.err; qec_work\wolffe_archive_20260730\extracted\home\22228049\qec_label_audit_20260726\logs\qec_v209_smoke_58151_0.out; qec_work\wolffe_archive_20260730\extracted\home\22228049\qec_label_audit_20260726\logs\qec_v209_sum_58169.err; qec_work\wolffe_archive_20260730\extracted\home\22228049\qec_label_audit_20260726\logs\qec_v209_sum_58169.out; C:\Users\22228049\.codex\qec_work\wolffe_archive_20260730\extracted\home\22228049\qec_label_audit_20260726\aggregate_v209_results.py; C:\Users\22228049\.codex\qec_work\wolffe_archive_20260730\extracted\home\22228049\qec_label_audit_20260726\evaluate_v209_fold.py; C:\Users\22228049\.codex\qec_work\wolffe_archive_20260730\extracted\home\22228049\qec_label_audit_20260726\make_v209_label_free_deployment_artifact.py; C:\Users\22228049\.codex\qec_work\wolffe_archive_20260730\extracted\home\22228049\qec_label_audit_20260726\v209_uncertainty_pseudolabel_residual.py,measured artifact found; diagnostic/protocol or pending,"Run a frozen, untouched IBM block with V12 fallback; report X/Z/domain confidence intervals before promotion.",normal,not a V12 comparison,MWPM/BP-OSD comparator only when explicitly present; no claim if unavailable,late audit; qec_work\wolffe_archive_20260730\extracted\home\22228049\qec_label_audit_20260726\aggregate_v209_results.py; qec_work\wolffe_archive_20260730\extracted\home\22228049\qec_label_audit_20260726\evaluate_v209_fold.py; qec_work\wolffe_archive_20260730\extracted\home\22228049\qec_label_audit_20260726\make_v209_label_free_deployment_artifact.py; qec_work\wolffe_archive_20260730\extracted\home\22228049\qec_label_audit_20260726\v209_aggregate.slurm; qec_work\wolffe_archive_20260730\extracted\home\22228049\qec_label_audit_20260726\v209_uncertainty_pseudolabel.slurm; qec_work\wolffe_archive_20260730\extracted\home\22228049\qec_label_audit_20260726\v209_uncertainty_pseudolabel_residual.py; qec_work\wolffe_archive_20260730\extracted\home\22228049\qec_label_audit_20260726\logs\qec_v209_58161_0.err; qec_work\wolffe_archive_20260730\extracted\home\22228049\qec_label_audit_20260726\logs\qec_v209_58161_0.out; qec_work\wolffe_archive_20260730\extracted\home\22228049\qec_label_audit_20260726\logs\qec_v209_58161_1.err; qec_work\wolffe_archive_20260730\extracted\home\22228049\qec_label_audit_20260726\logs\qec_v209_58161_1.out; qec_work\wolffe_archive_20260730\extracted\home\22228049\qec_label_audit_20260726\logs\qec_v209_58161_2.err; qec_work\wolffe_archive_20260730\extracted\home\22228049\qec_label_audit_20260726\logs\qec_v209_58161_2.out; qec_work\wolffe_archive_20260730\extracted\home\22228049\qec_label_audit_20260726\logs\qec_v209_58161_3.err; qec_work\wolffe_archive_20260730\extracted\home\22228049\qec_label_audit_20260726\logs\qec_v209_58161_3.out; qec_work\wolffe_archive_20260730\extracted\home\22228049\qec_label_audit_20260726\logs\qec_v209_58161_4.err; qec_work\wolffe_archive_20260730\extracted\home\22228049\qec_label_audit_20260726\logs\qec_v209_58161_4.out; qec_work\wolffe_archive_20260730\extracted\home\22228049\qec_label_audit_20260726\logs\qec_v209_58161_5.err; qec_work\wolffe_archive_20260730\extracted\home\22228049\qec_label_audit_20260726\logs\qec_v209_58161_5.out; qec_work\wolffe_archive_20260730\extracted\home\22228049\qec_label_audit_20260726\logs\qec_v209_58161_6.err; qec_work\wolffe_archive_20260730\extracted\home\22228049\qec_label_audit_20260726\logs\qec_v209_58161_6.out; qec_work\wolffe_archive_20260730\extracted\home\22228049\qec_label_audit_20260726\logs\qec_v209_smoke_58151_0.err; qec_work\wolffe_archive_20260730\extracted\home\22228049\qec_label_audit_20260726\logs\qec_v209_smoke_58151_0.out; qec_work\wolffe_archive_20260730\extracted\home\22228049\qec_label_audit_20260726\logs\qec_v209_sum_58169.err; qec_work\wolffe_archive_20260730\extracted\home\22228049\qec_label_audit_20260726\logs\qec_v209_sum_58169.out,,,,,,,,QEC_RUN_MATRIX_V1_V392_20260731.csv,Z:\Meetings\Complete\22-7-2026\QEC_AI_PAPER_MASTER_20260717,C:\Users\22228049\.codex\github_publish\hardware-adaptive-qec-ibm,IBM real shots; correlated/drift; domain/held-out,measured artifact,diagnostic/not promoted,Version V209 retained with original matrix fields; no missing fields were inferred.
V210,G3_spatiotemporal_attention_tuning,MWPM/PyMatching; neural/ML; calibration/drift; postselection/gate; geometry/FAISS,hard syndrome; calibration/backend metadata,IBM real shots; phenomenological/Stim; domain/held-out,3/; 0/,unavailable,"np.concatenate([; = 0]; = 0]); = 1]; = 1]); z[""basis""].astype(np.uint8); basis; z[""domain""].astype(str); = name); = 0 else ""Z""; held_block[""basis""]; str) -> str:; str; } {rounds=} has {count} detectors",unavailable,unavailable,unavailable,unavailable,qec_work\wolffe_archive_20260730\extracted\home\22228049\qec_label_audit_20260726\aggregate_v210_results.py; qec_work\wolffe_archive_20260730\extracted\home\22228049\qec_label_audit_20260726\evaluate_v210_fold.py; qec_work\wolffe_archive_20260730\extracted\home\22228049\qec_label_audit_20260726\v210_aggregate.slurm; qec_work\wolffe_archive_20260730\extracted\home\22228049\qec_label_audit_20260726\v210_exact_schema_synthetic_pretraining.py; qec_work\wolffe_archive_20260730\extracted\home\22228049\qec_label_audit_20260726\v210_finetune.slurm; qec_work\wolffe_archive_20260730\extracted\home\22228049\qec_label_audit_20260726\v210_generate.slurm; qec_work\wolffe_archive_20260730\extracted\home\22228049\qec_label_audit_20260726\v210_generate_aligned_synthetic_dataset.py; qec_work\wolffe_archive_20260730\extracted\home\22228049\qec_label_audit_20260726\v210_pretrain.slurm; qec_work\wolffe_archive_20260730\extracted\home\22228049\qec_label_audit_20260726\logs\qec_v210_ft_58290_0.err; qec_work\wolffe_archive_20260730\extracted\home\22228049\qec_label_audit_20260726\logs\qec_v210_ft_58290_0.out; qec_work\wolffe_archive_20260730\extracted\home\22228049\qec_label_audit_20260726\logs\qec_v210_ft_58290_1.err; qec_work\wolffe_archive_20260730\extracted\home\22228049\qec_label_audit_20260726\logs\qec_v210_ft_58290_1.out; qec_work\wolffe_archive_20260730\extracted\home\22228049\qec_label_audit_20260726\logs\qec_v210_ft_58290_10.err; qec_work\wolffe_archive_20260730\extracted\home\22228049\qec_label_audit_20260726\logs\qec_v210_ft_58290_10.out; qec_work\wolffe_archive_20260730\extracted\home\22228049\qec_label_audit_20260726\logs\qec_v210_ft_58290_11.err; qec_work\wolffe_archive_20260730\extracted\home\22228049\qec_label_audit_20260726\logs\qec_v210_ft_58290_11.out; qec_work\wolffe_archive_20260730\extracted\home\22228049\qec_label_audit_20260726\logs\qec_v210_ft_58290_12.err; qec_work\wolffe_archive_20260730\extracted\home\22228049\qec_label_audit_20260726\logs\qec_v210_ft_58290_12.out; qec_work\wolffe_archive_20260730\extracted\home\22228049\qec_label_audit_20260726\logs\qec_v210_ft_58290_13.err; qec_work\wolffe_archive_20260730\extracted\home\22228049\qec_label_audit_20260726\logs\qec_v210_ft_58290_13.out; qec_work\wolffe_archive_20260730\extracted\home\22228049\qec_label_audit_20260726\logs\qec_v210_ft_58290_14.err; qec_work\wolffe_archive_20260730\extracted\home\22228049\qec_label_audit_20260726\logs\qec_v210_ft_58290_14.out; qec_work\wolffe_archive_20260730\extracted\home\22228049\qec_label_audit_20260726\logs\qec_v210_ft_58290_15.err; qec_work\wolffe_archive_20260730\extracted\home\22228049\qec_label_audit_20260726\logs\qec_v210_ft_58290_15.out; qec_work\wolffe_archive_20260730\extracted\home\22228049\qec_label_audit_20260726\logs\qec_v210_ft_58290_16.err; C:\Users\22228049\.codex\qec_work\wolffe_archive_20260730\extracted\home\22228049\qec_label_audit_20260726\aggregate_v210_results.py; C:\Users\22228049\.codex\qec_work\wolffe_archive_20260730\extracted\home\22228049\qec_label_audit_20260726\evaluate_v210_fold.py; C:\Users\22228049\.codex\qec_work\wolffe_archive_20260730\extracted\home\22228049\qec_label_audit_20260726\v210_exact_schema_synthetic_pretraining.py; C:\Users\22228049\.codex\qec_work\wolffe_archive_20260730\extracted\home\22228049\qec_label_audit_20260726\v210_generate_aligned_synthetic_dataset.py,measured artifact found; diagnostic/protocol or pending,"Run a frozen, untouched IBM block with V12 fallback; report X/Z/domain confidence intervals before promotion.",normal,not a V12 comparison,MWPM/BP-OSD comparator only when explicitly present; no claim if unavailable,late audit; qec_work\wolffe_archive_20260730\extracted\home\22228049\qec_label_audit_20260726\aggregate_v210_results.py; qec_work\wolffe_archive_20260730\extracted\home\22228049\qec_label_audit_20260726\evaluate_v210_fold.py; qec_work\wolffe_archive_20260730\extracted\home\22228049\qec_label_audit_20260726\v210_aggregate.slurm; qec_work\wolffe_archive_20260730\extracted\home\22228049\qec_label_audit_20260726\v210_exact_schema_synthetic_pretraining.py; qec_work\wolffe_archive_20260730\extracted\home\22228049\qec_label_audit_20260726\v210_finetune.slurm; qec_work\wolffe_archive_20260730\extracted\home\22228049\qec_label_audit_20260726\v210_generate.slurm; qec_work\wolffe_archive_20260730\extracted\home\22228049\qec_label_audit_20260726\v210_generate_aligned_synthetic_dataset.py; qec_work\wolffe_archive_20260730\extracted\home\22228049\qec_label_audit_20260726\v210_pretrain.slurm; qec_work\wolffe_archive_20260730\extracted\home\22228049\qec_label_audit_20260726\logs\qec_v210_ft_58290_0.err; qec_work\wolffe_archive_20260730\extracted\home\22228049\qec_label_audit_20260726\logs\qec_v210_ft_58290_0.out; qec_work\wolffe_archive_20260730\extracted\home\22228049\qec_label_audit_20260726\logs\qec_v210_ft_58290_1.err; qec_work\wolffe_archive_20260730\extracted\home\22228049\qec_label_audit_20260726\logs\qec_v210_ft_58290_1.out; qec_work\wolffe_archive_20260730\extracted\home\22228049\qec_label_audit_20260726\logs\qec_v210_ft_58290_10.err; qec_work\wolffe_archive_20260730\extracted\home\22228049\qec_label_audit_20260726\logs\qec_v210_ft_58290_10.out; qec_work\wolffe_archive_20260730\extracted\home\22228049\qec_label_audit_20260726\logs\qec_v210_ft_58290_11.err; qec_work\wolffe_archive_20260730\extracted\home\22228049\qec_label_audit_20260726\logs\qec_v210_ft_58290_11.out; qec_work\wolffe_archive_20260730\extracted\home\22228049\qec_label_audit_20260726\logs\qec_v210_ft_58290_12.err; qec_work\wolffe_archive_20260730\extracted\home\22228049\qec_label_audit_20260726\logs\qec_v210_ft_58290_12.out; qec_work\wolffe_archive_20260730\extracted\home\22228049\qec_label_audit_20260726\logs\qec_v210_ft_58290_13.err; qec_work\wolffe_archive_20260730\extracted\home\22228049\qec_label_audit_20260726\logs\qec_v210_ft_58290_13.out; qec_work\wolffe_archive_20260730\extracted\home\22228049\qec_label_audit_20260726\logs\qec_v210_ft_58290_14.err; qec_work\wolffe_archive_20260730\extracted\home\22228049\qec_label_audit_20260726\logs\qec_v210_ft_58290_14.out; qec_work\wolffe_archive_20260730\extracted\home\22228049\qec_label_audit_20260726\logs\qec_v210_ft_58290_15.err; qec_work\wolffe_archive_20260730\extracted\home\22228049\qec_label_audit_20260726\logs\qec_v210_ft_58290_15.out; qec_work\wolffe_archive_20260730\extracted\home\22228049\qec_label_audit_20260726\logs\qec_v210_ft_58290_16.err,,,,,,,,QEC_RUN_MATRIX_V1_V392_20260731.csv,Z:\Meetings\Complete\22-7-2026\QEC_AI_PAPER_MASTER_20260717,C:\Users\22228049\.codex\github_publish\hardware-adaptive-qec-ibm,IBM real shots; phenomenological/Stim; domain/held-out,measured artifact,diagnostic/not promoted,Version V210 retained with original matrix fields; no missing fields were inferred.
V211,G3_spatiotemporal_attention_tuning,calibration/drift; postselection/gate,calibration/backend metadata,phenomenological/Stim; domain/held-out,unavailable,0.10 pp,unavailable,unavailable,unavailable,unavailable,0.10 pp,qec_work\wolffe_archive_20260730\extracted\home\22228049\qec_label_audit_20260726\v211_aggregate.py; qec_work\wolffe_archive_20260730\extracted\home\22228049\qec_label_audit_20260726\v211_aggregate.slurm; qec_work\wolffe_archive_20260730\extracted\home\22228049\qec_label_audit_20260726\v211_finetune.slurm; qec_work\wolffe_archive_20260730\extracted\home\22228049\qec_label_audit_20260726\v211_noninferiority_pretraining.py; qec_work\wolffe_archive_20260730\extracted\home\22228049\qec_label_audit_20260726\logs\qec_v211_ft_58375_0.err; qec_work\wolffe_archive_20260730\extracted\home\22228049\qec_label_audit_20260726\logs\qec_v211_ft_58375_0.out; qec_work\wolffe_archive_20260730\extracted\home\22228049\qec_label_audit_20260726\logs\qec_v211_ft_58386_1.err; qec_work\wolffe_archive_20260730\extracted\home\22228049\qec_label_audit_20260726\logs\qec_v211_ft_58386_1.out; qec_work\wolffe_archive_20260730\extracted\home\22228049\qec_label_audit_20260726\logs\qec_v211_ft_58386_10.err; qec_work\wolffe_archive_20260730\extracted\home\22228049\qec_label_audit_20260726\logs\qec_v211_ft_58386_10.out; qec_work\wolffe_archive_20260730\extracted\home\22228049\qec_label_audit_20260726\logs\qec_v211_ft_58386_11.err; qec_work\wolffe_archive_20260730\extracted\home\22228049\qec_label_audit_20260726\logs\qec_v211_ft_58386_11.out; qec_work\wolffe_archive_20260730\extracted\home\22228049\qec_label_audit_20260726\logs\qec_v211_ft_58386_12.err; qec_work\wolffe_archive_20260730\extracted\home\22228049\qec_label_audit_20260726\logs\qec_v211_ft_58386_12.out; qec_work\wolffe_archive_20260730\extracted\home\22228049\qec_label_audit_20260726\logs\qec_v211_ft_58386_13.err; qec_work\wolffe_archive_20260730\extracted\home\22228049\qec_label_audit_20260726\logs\qec_v211_ft_58386_13.out; qec_work\wolffe_archive_20260730\extracted\home\22228049\qec_label_audit_20260726\logs\qec_v211_ft_58386_14.err; qec_work\wolffe_archive_20260730\extracted\home\22228049\qec_label_audit_20260726\logs\qec_v211_ft_58386_14.out; qec_work\wolffe_archive_20260730\extracted\home\22228049\qec_label_audit_20260726\logs\qec_v211_ft_58386_15.err; qec_work\wolffe_archive_20260730\extracted\home\22228049\qec_label_audit_20260726\logs\qec_v211_ft_58386_15.out; qec_work\wolffe_archive_20260730\extracted\home\22228049\qec_label_audit_20260726\logs\qec_v211_ft_58386_16.err; qec_work\wolffe_archive_20260730\extracted\home\22228049\qec_label_audit_20260726\logs\qec_v211_ft_58386_16.out; qec_work\wolffe_archive_20260730\extracted\home\22228049\qec_label_audit_20260726\logs\qec_v211_ft_58386_17.err; qec_work\wolffe_archive_20260730\extracted\home\22228049\qec_label_audit_20260726\logs\qec_v211_ft_58386_17.out; qec_work\wolffe_archive_20260730\extracted\home\22228049\qec_label_audit_20260726\logs\qec_v211_ft_58386_18.err; C:\Users\22228049\.codex\qec_work\wolffe_archive_20260730\extracted\home\22228049\qec_label_audit_20260726\v211_aggregate.py; C:\Users\22228049\.codex\qec_work\wolffe_archive_20260730\extracted\home\22228049\qec_label_audit_20260726\v211_noninferiority_pretraining.py,measured artifact found; diagnostic/protocol or pending,Use leave-one-domain-out calibration conditioning with a frozen gate and paired bootstrap; reject if either basis or domain regresses.,normal,not a V12 comparison,MWPM/BP-OSD comparator only when explicitly present; no claim if unavailable,late audit; qec_work\wolffe_archive_20260730\extracted\home\22228049\qec_label_audit_20260726\v211_aggregate.py; qec_work\wolffe_archive_20260730\extracted\home\22228049\qec_label_audit_20260726\v211_aggregate.slurm; qec_work\wolffe_archive_20260730\extracted\home\22228049\qec_label_audit_20260726\v211_finetune.slurm; qec_work\wolffe_archive_20260730\extracted\home\22228049\qec_label_audit_20260726\v211_noninferiority_pretraining.py; qec_work\wolffe_archive_20260730\extracted\home\22228049\qec_label_audit_20260726\logs\qec_v211_ft_58375_0.err; qec_work\wolffe_archive_20260730\extracted\home\22228049\qec_label_audit_20260726\logs\qec_v211_ft_58375_0.out; qec_work\wolffe_archive_20260730\extracted\home\22228049\qec_label_audit_20260726\logs\qec_v211_ft_58386_1.err; qec_work\wolffe_archive_20260730\extracted\home\22228049\qec_label_audit_20260726\logs\qec_v211_ft_58386_1.out; qec_work\wolffe_archive_20260730\extracted\home\22228049\qec_label_audit_20260726\logs\qec_v211_ft_58386_10.err; qec_work\wolffe_archive_20260730\extracted\home\22228049\qec_label_audit_20260726\logs\qec_v211_ft_58386_10.out; qec_work\wolffe_archive_20260730\extracted\home\22228049\qec_label_audit_20260726\logs\qec_v211_ft_58386_11.err; qec_work\wolffe_archive_20260730\extracted\home\22228049\qec_label_audit_20260726\logs\qec_v211_ft_58386_11.out; qec_work\wolffe_archive_20260730\extracted\home\22228049\qec_label_audit_20260726\logs\qec_v211_ft_58386_12.err; qec_work\wolffe_archive_20260730\extracted\home\22228049\qec_label_audit_20260726\logs\qec_v211_ft_58386_12.out; qec_work\wolffe_archive_20260730\extracted\home\22228049\qec_label_audit_20260726\logs\qec_v211_ft_58386_13.err; qec_work\wolffe_archive_20260730\extracted\home\22228049\qec_label_audit_20260726\logs\qec_v211_ft_58386_13.out; qec_work\wolffe_archive_20260730\extracted\home\22228049\qec_label_audit_20260726\logs\qec_v211_ft_58386_14.err; qec_work\wolffe_archive_20260730\extracted\home\22228049\qec_label_audit_20260726\logs\qec_v211_ft_58386_14.out; qec_work\wolffe_archive_20260730\extracted\home\22228049\qec_label_audit_20260726\logs\qec_v211_ft_58386_15.err; qec_work\wolffe_archive_20260730\extracted\home\22228049\qec_label_audit_20260726\logs\qec_v211_ft_58386_15.out; qec_work\wolffe_archive_20260730\extracted\home\22228049\qec_label_audit_20260726\logs\qec_v211_ft_58386_16.err; qec_work\wolffe_archive_20260730\extracted\home\22228049\qec_label_audit_20260726\logs\qec_v211_ft_58386_16.out; qec_work\wolffe_archive_20260730\extracted\home\22228049\qec_label_audit_20260726\logs\qec_v211_ft_58386_17.err; qec_work\wolffe_archive_20260730\extracted\home\22228049\qec_label_audit_20260726\logs\qec_v211_ft_58386_17.out; qec_work\wolffe_archive_20260730\extracted\home\22228049\qec_label_audit_20260726\logs\qec_v211_ft_58386_18.err,,,,,,,,QEC_RUN_MATRIX_V1_V392_20260731.csv,Z:\Meetings\Complete\22-7-2026\QEC_AI_PAPER_MASTER_20260717,C:\Users\22228049\.codex\github_publish\hardware-adaptive-qec-ibm,phenomenological/Stim; domain/held-out,measured artifact,diagnostic/not promoted,Version V211 retained with original matrix fields; no missing fields were inferred.
V212,G3_spatiotemporal_attention_tuning,unavailable,unavailable,unavailable,unavailable,unavailable,unavailable,unavailable,unavailable,unavailable,unavailable,unavailable,no local artifact found,Re-run only if a sealed script/result exists; otherwise archive as protocol-only and avoid inventing a metric.,normal,not a V12 comparison,MWPM/BP-OSD comparator only when explicitly present; no claim if unavailable,late audit; ,,,,,,,,QEC_RUN_MATRIX_V1_V392_20260731.csv,Z:\Meetings\Complete\22-7-2026\QEC_AI_PAPER_MASTER_20260717,C:\Users\22228049\.codex\github_publish\hardware-adaptive-qec-ibm,unavailable,audit or unavailable,promoted,Version V212 retained with original matrix fields; no missing fields were inferred.
V213,G3_spatiotemporal_attention_tuning,calibration/drift; postselection/gate,soft/LLR or analog; hard syndrome; calibration/backend metadata,IBM real shots; phenomenological/Stim; domain/held-out,1/,unavailable,"= 0); = 1); data[""basis""].astype(np.int8); []; np.tile(np.array([0; str) -> tuple[np.ndarray; str; = validation_domain else 0; source_domains[held_position % len(source_domains)]; list[np.ndarray]; max(1; [; rows_by_domain; = 0 else ""Z""; target[""basis""].astype(np.int8)",unavailable,unavailable,unavailable,unavailable,qec_work\wolffe_archive_20260730\extracted\home\22228049\qec_v213_20260726\aggregate_v213_results.py; qec_work\wolffe_archive_20260730\extracted\home\22228049\qec_v213_20260726\evaluate_v213_fold.py; qec_work\wolffe_archive_20260730\extracted\home\22228049\qec_v213_20260726\test_v213_smoke.py; qec_work\wolffe_archive_20260730\extracted\home\22228049\qec_v213_20260726\v213_aggregate.slurm; qec_work\wolffe_archive_20260730\extracted\home\22228049\qec_v213_20260726\V213_IMPLEMENTATION_RECORD_20260726.md; qec_work\wolffe_archive_20260730\extracted\home\22228049\qec_v213_20260726\v213_prepare_firewall.py; qec_work\wolffe_archive_20260730\extracted\home\22228049\qec_v213_20260726\V213_PREREGISTERED_PROTOCOL_20260726.md; qec_work\wolffe_archive_20260730\extracted\home\22228049\qec_v213_20260726\v213_teacher_student_consistency.py; qec_work\wolffe_archive_20260730\extracted\home\22228049\qec_v213_20260726\v213_train.slurm; qec_work\wolffe_archive_20260730\extracted\home\22228049\qec_v213_20260726\logs\qec_v213_58613_0.err; qec_work\wolffe_archive_20260730\extracted\home\22228049\qec_v213_20260726\logs\qec_v213_58613_0.out; qec_work\wolffe_archive_20260730\extracted\home\22228049\qec_v213_20260726\logs\qec_v213_58613_1.err; qec_work\wolffe_archive_20260730\extracted\home\22228049\qec_v213_20260726\logs\qec_v213_58613_1.out; qec_work\wolffe_archive_20260730\extracted\home\22228049\qec_v213_20260726\logs\qec_v213_58613_2.err; qec_work\wolffe_archive_20260730\extracted\home\22228049\qec_v213_20260726\logs\qec_v213_58613_2.out; qec_work\wolffe_archive_20260730\extracted\home\22228049\qec_v213_20260726\logs\qec_v213_58613_3.err; qec_work\wolffe_archive_20260730\extracted\home\22228049\qec_v213_20260726\logs\qec_v213_58613_3.out; qec_work\wolffe_archive_20260730\extracted\home\22228049\qec_v213_20260726\logs\qec_v213_58613_4.err; qec_work\wolffe_archive_20260730\extracted\home\22228049\qec_v213_20260726\logs\qec_v213_58613_4.out; qec_work\wolffe_archive_20260730\extracted\home\22228049\qec_v213_20260726\logs\qec_v213_58613_5.err; qec_work\wolffe_archive_20260730\extracted\home\22228049\qec_v213_20260726\logs\qec_v213_58613_5.out; qec_work\wolffe_archive_20260730\extracted\home\22228049\qec_v213_20260726\logs\qec_v213_58613_6.err; qec_work\wolffe_archive_20260730\extracted\home\22228049\qec_v213_20260726\logs\qec_v213_58613_6.out; qec_work\wolffe_archive_20260730\extracted\home\22228049\qec_v213_20260726\logs\qec_v213_sum_58614.err; qec_work\wolffe_archive_20260730\extracted\home\22228049\qec_v213_20260726\logs\qec_v213_sum_58614.out; C:\Users\22228049\.codex\qec_work\wolffe_archive_20260730\extracted\home\22228049\qec_v213_20260726\aggregate_v213_results.py; C:\Users\22228049\.codex\qec_work\wolffe_archive_20260730\extracted\home\22228049\qec_v213_20260726\evaluate_v213_fold.py; C:\Users\22228049\.codex\qec_work\wolffe_archive_20260730\extracted\home\22228049\qec_v213_20260726\test_v213_smoke.py; C:\Users\22228049\.codex\qec_work\wolffe_archive_20260730\extracted\home\22228049\qec_v213_20260726\v213_prepare_firewall.py; C:\Users\22228049\.codex\qec_work\wolffe_archive_20260730\extracted\home\22228049\qec_v213_20260726\v213_teacher_student_consistency.py,measured artifact found; diagnostic/protocol or pending,"Run a frozen, untouched IBM block with V12 fallback; report X/Z/domain confidence intervals before promotion.",normal,not a V12 comparison,MWPM/BP-OSD comparator only when explicitly present; no claim if unavailable,late audit; qec_work\wolffe_archive_20260730\extracted\home\22228049\qec_v213_20260726\aggregate_v213_results.py; qec_work\wolffe_archive_20260730\extracted\home\22228049\qec_v213_20260726\evaluate_v213_fold.py; qec_work\wolffe_archive_20260730\extracted\home\22228049\qec_v213_20260726\test_v213_smoke.py; qec_work\wolffe_archive_20260730\extracted\home\22228049\qec_v213_20260726\v213_aggregate.slurm; qec_work\wolffe_archive_20260730\extracted\home\22228049\qec_v213_20260726\V213_IMPLEMENTATION_RECORD_20260726.md; qec_work\wolffe_archive_20260730\extracted\home\22228049\qec_v213_20260726\v213_prepare_firewall.py; qec_work\wolffe_archive_20260730\extracted\home\22228049\qec_v213_20260726\V213_PREREGISTERED_PROTOCOL_20260726.md; qec_work\wolffe_archive_20260730\extracted\home\22228049\qec_v213_20260726\v213_teacher_student_consistency.py; qec_work\wolffe_archive_20260730\extracted\home\22228049\qec_v213_20260726\v213_train.slurm; qec_work\wolffe_archive_20260730\extracted\home\22228049\qec_v213_20260726\logs\qec_v213_58613_0.err; qec_work\wolffe_archive_20260730\extracted\home\22228049\qec_v213_20260726\logs\qec_v213_58613_0.out; qec_work\wolffe_archive_20260730\extracted\home\22228049\qec_v213_20260726\logs\qec_v213_58613_1.err; qec_work\wolffe_archive_20260730\extracted\home\22228049\qec_v213_20260726\logs\qec_v213_58613_1.out; qec_work\wolffe_archive_20260730\extracted\home\22228049\qec_v213_20260726\logs\qec_v213_58613_2.err; qec_work\wolffe_archive_20260730\extracted\home\22228049\qec_v213_20260726\logs\qec_v213_58613_2.out; qec_work\wolffe_archive_20260730\extracted\home\22228049\qec_v213_20260726\logs\qec_v213_58613_3.err; qec_work\wolffe_archive_20260730\extracted\home\22228049\qec_v213_20260726\logs\qec_v213_58613_3.out; qec_work\wolffe_archive_20260730\extracted\home\22228049\qec_v213_20260726\logs\qec_v213_58613_4.err; qec_work\wolffe_archive_20260730\extracted\home\22228049\qec_v213_20260726\logs\qec_v213_58613_4.out; qec_work\wolffe_archive_20260730\extracted\home\22228049\qec_v213_20260726\logs\qec_v213_58613_5.err; qec_work\wolffe_archive_20260730\extracted\home\22228049\qec_v213_20260726\logs\qec_v213_58613_5.out; qec_work\wolffe_archive_20260730\extracted\home\22228049\qec_v213_20260726\logs\qec_v213_58613_6.err; qec_work\wolffe_archive_20260730\extracted\home\22228049\qec_v213_20260726\logs\qec_v213_58613_6.out; qec_work\wolffe_archive_20260730\extracted\home\22228049\qec_v213_20260726\logs\qec_v213_sum_58614.err; qec_work\wolffe_archive_20260730\extracted\home\22228049\qec_v213_20260726\logs\qec_v213_sum_58614.out,,,,,,,,QEC_RUN_MATRIX_V1_V392_20260731.csv,Z:\Meetings\Complete\22-7-2026\QEC_AI_PAPER_MASTER_20260717,C:\Users\22228049\.codex\github_publish\hardware-adaptive-qec-ibm,IBM real shots; phenomenological/Stim; domain/held-out,measured artifact,diagnostic/not promoted,Version V213 retained with original matrix fields; no missing fields were inferred.
V214,G3_spatiotemporal_attention_tuning,unavailable,hard syndrome,IBM real shots,unavailable,unavailable,unavailable,unavailable,unavailable,unavailable,unavailable,qec_work\wolffe_archive_20260730\extracted\home\22228049\qec_v109_open_source_20260722\v214_decoder_bench\v214_decoder_bench_adapter.py; C:\Users\22228049\.codex\qec_work\wolffe_archive_20260730\extracted\home\22228049\qec_v109_open_source_20260722\v214_decoder_bench\v214_decoder_bench_adapter.py,measured artifact found,Re-run only if a sealed script/result exists; otherwise archive as protocol-only and avoid inventing a metric.,normal,not a V12 comparison,MWPM/BP-OSD comparator only when explicitly present; no claim if unavailable,late audit; qec_work\wolffe_archive_20260730\extracted\home\22228049\qec_v109_open_source_20260722\v214_decoder_bench\v214_decoder_bench_adapter.py,,,,,,,,QEC_RUN_MATRIX_V1_V392_20260731.csv,Z:\Meetings\Complete\22-7-2026\QEC_AI_PAPER_MASTER_20260717,C:\Users\22228049\.codex\github_publish\hardware-adaptive-qec-ibm,IBM real shots,audit or unavailable,promoted,Version V214 retained with original matrix fields; no missing fields were inferred.
V215,G3_spatiotemporal_attention_tuning,unavailable,unavailable,unavailable,unavailable,unavailable,unavailable,unavailable,unavailable,unavailable,unavailable,unavailable,no local artifact found,Re-run only if a sealed script/result exists; otherwise archive as protocol-only and avoid inventing a metric.,normal,not a V12 comparison,MWPM/BP-OSD comparator only when explicitly present; no claim if unavailable,late audit; ,,,,,,,,QEC_RUN_MATRIX_V1_V392_20260731.csv,Z:\Meetings\Complete\22-7-2026\QEC_AI_PAPER_MASTER_20260717,C:\Users\22228049\.codex\github_publish\hardware-adaptive-qec-ibm,unavailable,audit or unavailable,promoted,Version V215 retained with original matrix fields; no missing fields were inferred.
V216,G3_spatiotemporal_attention_tuning,calibration/drift; postselection/gate,hard syndrome; calibration/backend metadata,IBM real shots; correlated/drift; domain/held-out,unavailable,unavailable,unavailable,unavailable,unavailable,unavailable,unavailable,qec_work\qec_v216_dme_gated_residual.py; qec_work\qec_v216_dme_gated_residual.slurm; qec_work\wolffe_archive_20260730\extracted\home\22228049\qec_v109_open_source_20260722\v216_x_residual.py; qec_work\wolffe_archive_20260730\extracted\home\22228049\qec_v109_open_source_20260722\results\V216_X_RESIDUAL_RESULT.json; qec_work\wolffe_archive_20260730\extracted\home\22228049\rq1\qec_v216_61671.err; qec_work\wolffe_archive_20260730\extracted\home\22228049\rq1\qec_v216_61671.out; qec_work\wolffe_archive_20260730\extracted\home\22228049\rq1\qec_v216_dme_gated_residual.py; qec_work\wolffe_archive_20260730\extracted\home\22228049\rq1\qec_v216_dme_gated_residual.slurm; qec_work\wolffe_archive_20260730\extracted\home\22228049\rq1\qec_v216_result.json; qec_work\wolffe_archive_20260730\extracted\home\22228049\rq1\qec_v216_results.csv; C:\Users\22228049\.codex\qec_work\qec_v216_dme_gated_residual.py; C:\Users\22228049\.codex\qec_work\wolffe_archive_20260730\extracted\home\22228049\qec_v109_open_source_20260722\v216_x_residual.py; C:\Users\22228049\.codex\qec_work\wolffe_archive_20260730\extracted\home\22228049\rq1\qec_v216_dme_gated_residual.py,measured artifact found; diagnostic/protocol or pending,Use leave-one-domain-out calibration conditioning with a frozen gate and paired bootstrap; reject if either basis or domain regresses.,normal,not a V12 comparison,MWPM/BP-OSD comparator only when explicitly present; no claim if unavailable,late audit; qec_work\qec_v216_dme_gated_residual.py; qec_work\qec_v216_dme_gated_residual.slurm; qec_work\wolffe_archive_20260730\extracted\home\22228049\qec_v109_open_source_20260722\v216_x_residual.py; qec_work\wolffe_archive_20260730\extracted\home\22228049\qec_v109_open_source_20260722\results\V216_X_RESIDUAL_RESULT.json; qec_work\wolffe_archive_20260730\extracted\home\22228049\rq1\qec_v216_61671.err; qec_work\wolffe_archive_20260730\extracted\home\22228049\rq1\qec_v216_61671.out; qec_work\wolffe_archive_20260730\extracted\home\22228049\rq1\qec_v216_dme_gated_residual.py; qec_work\wolffe_archive_20260730\extracted\home\22228049\rq1\qec_v216_dme_gated_residual.slurm; qec_work\wolffe_archive_20260730\extracted\home\22228049\rq1\qec_v216_result.json; qec_work\wolffe_archive_20260730\extracted\home\22228049\rq1\qec_v216_results.csv,,,,,,,,QEC_RUN_MATRIX_V1_V392_20260731.csv,Z:\Meetings\Complete\22-7-2026\QEC_AI_PAPER_MASTER_20260717,C:\Users\22228049\.codex\github_publish\hardware-adaptive-qec-ibm,IBM real shots; correlated/drift; domain/held-out,measured artifact,diagnostic/not promoted,Version V216 retained with original matrix fields; no missing fields were inferred.
V217,G3_spatiotemporal_attention_tuning,calibration/drift; postselection/gate,hard syndrome; calibration/backend metadata,IBM real shots; correlated/drift; domain/held-out,unavailable,unavailable,unavailable,unavailable,unavailable,unavailable,unavailable,qec_work\qec_v217_result.json; qec_work\qec_v217_results.csv; qec_work\qec_v217_windowed_dme_residual.py; qec_work\qec_v217_windowed_dme_residual.slurm; qec_work\wolffe_archive_20260730\extracted\home\22228049\qec_v217_result.json; qec_work\wolffe_archive_20260730\extracted\home\22228049\qec_v217_results.csv; qec_work\wolffe_archive_20260730\extracted\home\22228049\qec_v217_windowed_dme_residual.py; qec_work\wolffe_archive_20260730\extracted\home\22228049\qec_v217_windowed_dme_residual.slurm; C:\Users\22228049\.codex\qec_work\qec_v217_windowed_dme_residual.py; C:\Users\22228049\.codex\qec_work\wolffe_archive_20260730\extracted\home\22228049\qec_v217_windowed_dme_residual.py,measured artifact found; diagnostic/protocol or pending,Use leave-one-domain-out calibration conditioning with a frozen gate and paired bootstrap; reject if either basis or domain regresses.,normal,not a V12 comparison,MWPM/BP-OSD comparator only when explicitly present; no claim if unavailable,late audit; qec_work\qec_v217_result.json; qec_work\qec_v217_results.csv; qec_work\qec_v217_windowed_dme_residual.py; qec_work\qec_v217_windowed_dme_residual.slurm; qec_work\wolffe_archive_20260730\extracted\home\22228049\qec_v217_result.json; qec_work\wolffe_archive_20260730\extracted\home\22228049\qec_v217_results.csv; qec_work\wolffe_archive_20260730\extracted\home\22228049\qec_v217_windowed_dme_residual.py; qec_work\wolffe_archive_20260730\extracted\home\22228049\qec_v217_windowed_dme_residual.slurm,,,,,,,,QEC_RUN_MATRIX_V1_V392_20260731.csv,Z:\Meetings\Complete\22-7-2026\QEC_AI_PAPER_MASTER_20260717,C:\Users\22228049\.codex\github_publish\hardware-adaptive-qec-ibm,IBM real shots; correlated/drift; domain/held-out,measured artifact,diagnostic/not promoted,Version V217 retained with original matrix fields; no missing fields were inferred.
V218,G3_spatiotemporal_attention_tuning,graph/DEM; calibration/drift,hard syndrome; calibration/backend metadata,IBM real shots; correlated/drift; domain/held-out,unavailable,unavailable,unavailable,unavailable,unavailable,unavailable,unavailable,qec_work\qec_v218_adaptive_graph_reweight.py; qec_work\qec_v218_adaptive_graph_reweight.slurm; qec_work\qec_v218_result.json; qec_work\qec_v218_results.csv; qec_work\wolffe_archive_20260730\extracted\home\22228049\qec_v218_61687.err; qec_work\wolffe_archive_20260730\extracted\home\22228049\qec_v218_61687.out; qec_work\wolffe_archive_20260730\extracted\home\22228049\qec_v218_61688.err; qec_work\wolffe_archive_20260730\extracted\home\22228049\qec_v218_61688.out; qec_work\wolffe_archive_20260730\extracted\home\22228049\qec_v218_adaptive_graph_reweight.py; qec_work\wolffe_archive_20260730\extracted\home\22228049\qec_v218_adaptive_graph_reweight.slurm; qec_work\wolffe_archive_20260730\extracted\home\22228049\qec_v218_result.json; qec_work\wolffe_archive_20260730\extracted\home\22228049\qec_v218_results.csv; C:\Users\22228049\.codex\qec_work\qec_v218_adaptive_graph_reweight.py; C:\Users\22228049\.codex\qec_work\wolffe_archive_20260730\extracted\home\22228049\qec_v218_adaptive_graph_reweight.py,measured artifact found; diagnostic/protocol or pending,Use leave-one-domain-out calibration conditioning with a frozen gate and paired bootstrap; reject if either basis or domain regresses.,normal,not a V12 comparison,MWPM/BP-OSD comparator only when explicitly present; no claim if unavailable,late audit; qec_work\qec_v218_adaptive_graph_reweight.py; qec_work\qec_v218_adaptive_graph_reweight.slurm; qec_work\qec_v218_result.json; qec_work\qec_v218_results.csv; qec_work\wolffe_archive_20260730\extracted\home\22228049\qec_v218_61687.err; qec_work\wolffe_archive_20260730\extracted\home\22228049\qec_v218_61687.out; qec_work\wolffe_archive_20260730\extracted\home\22228049\qec_v218_61688.err; qec_work\wolffe_archive_20260730\extracted\home\22228049\qec_v218_61688.out; qec_work\wolffe_archive_20260730\extracted\home\22228049\qec_v218_adaptive_graph_reweight.py; qec_work\wolffe_archive_20260730\extracted\home\22228049\qec_v218_adaptive_graph_reweight.slurm; qec_work\wolffe_archive_20260730\extracted\home\22228049\qec_v218_result.json; qec_work\wolffe_archive_20260730\extracted\home\22228049\qec_v218_results.csv,,,,,,,,QEC_RUN_MATRIX_V1_V392_20260731.csv,Z:\Meetings\Complete\22-7-2026\QEC_AI_PAPER_MASTER_20260717,C:\Users\22228049\.codex\github_publish\hardware-adaptive-qec-ibm,IBM real shots; correlated/drift; domain/held-out,measured artifact,diagnostic/not promoted,Version V218 retained with original matrix fields; no missing fields were inferred.
V219,G3_spatiotemporal_attention_tuning,graph/DEM; postselection/gate,hard syndrome,IBM real shots; phenomenological/Stim,unavailable,unavailable,unavailable,unavailable,unavailable,unavailable,unavailable,qec_work\qec_v219_graph_audit.json; qec_work\qec_v219_graph_reconstruction_audit.py; qec_work\qec_v219_graph_reconstruction_audit.slurm; qec_work\wolffe_archive_20260730\extracted\home\22228049\qec_v219_61689.err; qec_work\wolffe_archive_20260730\extracted\home\22228049\qec_v219_61689.out; qec_work\wolffe_archive_20260730\extracted\home\22228049\qec_v219_61690.err; qec_work\wolffe_archive_20260730\extracted\home\22228049\qec_v219_61690.out; qec_work\wolffe_archive_20260730\extracted\home\22228049\qec_v219_graph_audit.json; qec_work\wolffe_archive_20260730\extracted\home\22228049\qec_v219_graph_reconstruction_audit.py; qec_work\wolffe_archive_20260730\extracted\home\22228049\qec_v219_graph_reconstruction_audit.slurm; C:\Users\22228049\.codex\qec_work\qec_v219_graph_reconstruction_audit.py; C:\Users\22228049\.codex\qec_work\wolffe_archive_20260730\extracted\home\22228049\qec_v219_graph_reconstruction_audit.py,measured artifact found; diagnostic/protocol or pending,Recover exact saved QPY/DEM operation mapping prospectively and test graph residuals against frozen V12 on a new calibration day.,normal,not a V12 comparison,MWPM/BP-OSD comparator only when explicitly present; no claim if unavailable,late audit; qec_work\qec_v219_graph_audit.json; qec_work\qec_v219_graph_reconstruction_audit.py; qec_work\qec_v219_graph_reconstruction_audit.slurm; qec_work\wolffe_archive_20260730\extracted\home\22228049\qec_v219_61689.err; qec_work\wolffe_archive_20260730\extracted\home\22228049\qec_v219_61689.out; qec_work\wolffe_archive_20260730\extracted\home\22228049\qec_v219_61690.err; qec_work\wolffe_archive_20260730\extracted\home\22228049\qec_v219_61690.out; qec_work\wolffe_archive_20260730\extracted\home\22228049\qec_v219_graph_audit.json; qec_work\wolffe_archive_20260730\extracted\home\22228049\qec_v219_graph_reconstruction_audit.py; qec_work\wolffe_archive_20260730\extracted\home\22228049\qec_v219_graph_reconstruction_audit.slurm,,,,,,,,QEC_RUN_MATRIX_V1_V392_20260731.csv,Z:\Meetings\Complete\22-7-2026\QEC_AI_PAPER_MASTER_20260717,C:\Users\22228049\.codex\github_publish\hardware-adaptive-qec-ibm,IBM real shots; phenomenological/Stim,measured artifact,diagnostic/not promoted,Version V219 retained with original matrix fields; no missing fields were inferred.
V220,G3_spatiotemporal_attention_tuning,graph/DEM; calibration/drift,hard syndrome; calibration/backend metadata,IBM real shots; domain/held-out,unavailable,unavailable,unavailable,unavailable,unavailable,unavailable,unavailable,qec_work\qec_v220_empirical_graph_residual.py; qec_work\qec_v220_empirical_graph_residual.slurm; qec_work\qec_v220_result.json; qec_work\qec_v220_results.csv; qec_work\wolffe_archive_20260730\extracted\home\22228049\qec_v220_61691.err; qec_work\wolffe_archive_20260730\extracted\home\22228049\qec_v220_61691.out; qec_work\wolffe_archive_20260730\extracted\home\22228049\qec_v220_empirical_graph_residual.py; qec_work\wolffe_archive_20260730\extracted\home\22228049\qec_v220_empirical_graph_residual.slurm; qec_work\wolffe_archive_20260730\extracted\home\22228049\qec_v220_result.json; qec_work\wolffe_archive_20260730\extracted\home\22228049\qec_v220_results.csv; C:\Users\22228049\.codex\qec_work\qec_v220_empirical_graph_residual.py; C:\Users\22228049\.codex\qec_work\wolffe_archive_20260730\extracted\home\22228049\qec_v220_empirical_graph_residual.py,measured artifact found; diagnostic/protocol or pending,Use leave-one-domain-out calibration conditioning with a frozen gate and paired bootstrap; reject if either basis or domain regresses.,normal,not a V12 comparison,MWPM/BP-OSD comparator only when explicitly present; no claim if unavailable,late audit; qec_work\qec_v220_empirical_graph_residual.py; qec_work\qec_v220_empirical_graph_residual.slurm; qec_work\qec_v220_result.json; qec_work\qec_v220_results.csv; qec_work\wolffe_archive_20260730\extracted\home\22228049\qec_v220_61691.err; qec_work\wolffe_archive_20260730\extracted\home\22228049\qec_v220_61691.out; qec_work\wolffe_archive_20260730\extracted\home\22228049\qec_v220_empirical_graph_residual.py; qec_work\wolffe_archive_20260730\extracted\home\22228049\qec_v220_empirical_graph_residual.slurm; qec_work\wolffe_archive_20260730\extracted\home\22228049\qec_v220_result.json; qec_work\wolffe_archive_20260730\extracted\home\22228049\qec_v220_results.csv,,,,,,,,QEC_RUN_MATRIX_V1_V392_20260731.csv,Z:\Meetings\Complete\22-7-2026\QEC_AI_PAPER_MASTER_20260717,C:\Users\22228049\.codex\github_publish\hardware-adaptive-qec-ibm,IBM real shots; domain/held-out,measured artifact,diagnostic/not promoted,Version V220 retained with original matrix fields; no missing fields were inferred.
V221,G3_spatiotemporal_attention_tuning,calibration/drift; postselection/gate,hard syndrome; calibration/backend metadata,IBM real shots; domain/held-out,unavailable,unavailable,unavailable,unavailable,unavailable,unavailable,unavailable,qec_work\qec_v221_discretization_postselection_audit.py; qec_work\qec_v221_discretization_postselection_audit.slurm; qec_work\qec_v221_result.json; qec_work\qec_v221_results.csv; qec_work\wolffe_archive_20260730\extracted\home\22228049\qec_v221_discretization_postselection_audit.py; qec_work\wolffe_archive_20260730\extracted\home\22228049\qec_v221_discretization_postselection_audit.slurm; qec_work\wolffe_archive_20260730\extracted\home\22228049\qec_v221_result.json; qec_work\wolffe_archive_20260730\extracted\home\22228049\qec_v221_results.csv; C:\Users\22228049\.codex\qec_work\qec_v221_discretization_postselection_audit.py; C:\Users\22228049\.codex\qec_work\wolffe_archive_20260730\extracted\home\22228049\qec_v221_discretization_postselection_audit.py,measured artifact found; diagnostic/protocol or pending,Use leave-one-domain-out calibration conditioning with a frozen gate and paired bootstrap; reject if either basis or domain regresses.,normal,not a V12 comparison,MWPM/BP-OSD comparator only when explicitly present; no claim if unavailable,late audit; qec_work\qec_v221_discretization_postselection_audit.py; qec_work\qec_v221_discretization_postselection_audit.slurm; qec_work\qec_v221_result.json; qec_work\qec_v221_results.csv; qec_work\wolffe_archive_20260730\extracted\home\22228049\qec_v221_discretization_postselection_audit.py; qec_work\wolffe_archive_20260730\extracted\home\22228049\qec_v221_discretization_postselection_audit.slurm; qec_work\wolffe_archive_20260730\extracted\home\22228049\qec_v221_result.json; qec_work\wolffe_archive_20260730\extracted\home\22228049\qec_v221_results.csv,,,,,,,,QEC_RUN_MATRIX_V1_V392_20260731.csv,Z:\Meetings\Complete\22-7-2026\QEC_AI_PAPER_MASTER_20260717,C:\Users\22228049\.codex\github_publish\hardware-adaptive-qec-ibm,IBM real shots; domain/held-out,measured artifact,diagnostic/not promoted,Version V221 retained with original matrix fields; no missing fields were inferred.
V222,G3_spatiotemporal_attention_tuning,graph/DEM; calibration/drift; postselection/gate,hard syndrome; calibration/backend metadata,IBM real shots; phenomenological/Stim; domain/held-out,unavailable,+0.01862 pp; 0.00000 pp; +0.03724 pp,unavailable,unavailable,unavailable,unavailable,unavailable,qec_work\qec_v222_ibm_inspired_merge.py; qec_work\qec_v222_ibm_inspired_merge.slurm; qec_work\qec_v222_result.json; qec_work\qec_v222_results.csv; qec_work\wolffe_archive_20260730\extracted\home\22228049\qec_v222_ibm_inspired_merge.py; qec_work\wolffe_archive_20260730\extracted\home\22228049\qec_v222_ibm_inspired_merge.slurm; qec_work\wolffe_archive_20260730\extracted\home\22228049\qec_v222_result.json; qec_work\wolffe_archive_20260730\extracted\home\22228049\qec_v222_results.csv; C:\Users\22228049\.codex\qec_work\qec_v222_ibm_inspired_merge.py; C:\Users\22228049\.codex\qec_work\wolffe_archive_20260730\extracted\home\22228049\qec_v222_ibm_inspired_merge.py,measured artifact found; diagnostic/protocol or pending,Use leave-one-domain-out calibration conditioning with a frozen gate and paired bootstrap; reject if either basis or domain regresses.,normal,not a V12 comparison,MWPM/BP-OSD comparator only when explicitly present; no claim if unavailable,late audit; qec_work\qec_v222_ibm_inspired_merge.py; qec_work\qec_v222_ibm_inspired_merge.slurm; qec_work\qec_v222_result.json; qec_work\qec_v222_results.csv; qec_work\wolffe_archive_20260730\extracted\home\22228049\qec_v222_ibm_inspired_merge.py; qec_work\wolffe_archive_20260730\extracted\home\22228049\qec_v222_ibm_inspired_merge.slurm; qec_work\wolffe_archive_20260730\extracted\home\22228049\qec_v222_result.json; qec_work\wolffe_archive_20260730\extracted\home\22228049\qec_v222_results.csv,,,,,,,,QEC_RUN_MATRIX_V1_V392_20260731.csv,Z:\Meetings\Complete\22-7-2026\QEC_AI_PAPER_MASTER_20260717,C:\Users\22228049\.codex\github_publish\hardware-adaptive-qec-ibm,IBM real shots; phenomenological/Stim; domain/held-out,measured artifact,diagnostic/not promoted,Version V222 retained with original matrix fields; no missing fields were inferred.
V223,G3_spatiotemporal_attention_tuning,graph/DEM; calibration/drift,hard syndrome; calibration/backend metadata,IBM real shots; correlated/drift; domain/held-out,unavailable,unavailable,unavailable,unavailable,unavailable,unavailable,unavailable,133_V223_COMPLEXITY_CALCULUS_ALGEBRA_CHAOS_20260729\qec_v223_complexity_algebra_chaos.slurm; 133_V223_COMPLEXITY_CALCULUS_ALGEBRA_CHAOS_20260729\qec_v223_complexity_calculus_algebra_chaos.py; 133_V223_COMPLEXITY_CALCULUS_ALGEBRA_CHAOS_20260729\qec_v223_result.json; 133_V223_COMPLEXITY_CALCULUS_ALGEBRA_CHAOS_20260729\qec_v223_results.csv; 133_V223_COMPLEXITY_CALCULUS_ALGEBRA_CHAOS_20260729\V223_RECORD_20260729.md; qec_work\qec_v223_complexity_algebra_chaos.slurm; qec_work\qec_v223_complexity_calculus_algebra_chaos.py; qec_work\qec_v223_result.json; qec_work\qec_v223_results.csv; qec_work\wolffe_archive_20260730\extracted\home\22228049\qec_v223\qec_v223-62237.err; qec_work\wolffe_archive_20260730\extracted\home\22228049\qec_v223\qec_v223-62237.out; qec_work\wolffe_archive_20260730\extracted\home\22228049\qec_v223\qec_v223_complexity_algebra_chaos.slurm; qec_work\wolffe_archive_20260730\extracted\home\22228049\qec_v223\qec_v223_complexity_calculus_algebra_chaos.py; qec_work\wolffe_archive_20260730\extracted\home\22228049\qec_v223\qec_v223_result.json; qec_work\wolffe_archive_20260730\extracted\home\22228049\qec_v223\qec_v223_results.csv; C:\Users\22228049\.codex\qec_work\qec_v223_complexity_calculus_algebra_chaos.py; C:\Users\22228049\.codex\qec_work\wolffe_archive_20260730\extracted\home\22228049\qec_v223\qec_v223_complexity_calculus_algebra_chaos.py,measured artifact found; diagnostic/protocol or pending,"Run a frozen, untouched IBM block with V12 fallback; report X/Z/domain confidence intervals before promotion.",normal,not a V12 comparison,MWPM/BP-OSD comparator only when explicitly present; no claim if unavailable,late audit; 133_V223_COMPLEXITY_CALCULUS_ALGEBRA_CHAOS_20260729\qec_v223_complexity_algebra_chaos.slurm; 133_V223_COMPLEXITY_CALCULUS_ALGEBRA_CHAOS_20260729\qec_v223_complexity_calculus_algebra_chaos.py; 133_V223_COMPLEXITY_CALCULUS_ALGEBRA_CHAOS_20260729\qec_v223_result.json; 133_V223_COMPLEXITY_CALCULUS_ALGEBRA_CHAOS_20260729\qec_v223_results.csv; 133_V223_COMPLEXITY_CALCULUS_ALGEBRA_CHAOS_20260729\V223_RECORD_20260729.md; qec_work\qec_v223_complexity_algebra_chaos.slurm; qec_work\qec_v223_complexity_calculus_algebra_chaos.py; qec_work\qec_v223_result.json; qec_work\qec_v223_results.csv; qec_work\wolffe_archive_20260730\extracted\home\22228049\qec_v223\qec_v223-62237.err; qec_work\wolffe_archive_20260730\extracted\home\22228049\qec_v223\qec_v223-62237.out; qec_work\wolffe_archive_20260730\extracted\home\22228049\qec_v223\qec_v223_complexity_algebra_chaos.slurm; qec_work\wolffe_archive_20260730\extracted\home\22228049\qec_v223\qec_v223_complexity_calculus_algebra_chaos.py; qec_work\wolffe_archive_20260730\extracted\home\22228049\qec_v223\qec_v223_result.json; qec_work\wolffe_archive_20260730\extracted\home\22228049\qec_v223\qec_v223_results.csv,,,,,,,,QEC_RUN_MATRIX_V1_V392_20260731.csv,Z:\Meetings\Complete\22-7-2026\QEC_AI_PAPER_MASTER_20260717,C:\Users\22228049\.codex\github_publish\hardware-adaptive-qec-ibm,IBM real shots; correlated/drift; domain/held-out,measured artifact,diagnostic/not promoted,Version V223 retained with original matrix fields; no missing fields were inferred.
V224,G3_spatiotemporal_attention_tuning,MWPM/PyMatching; graph/DEM; calibration/drift; postselection/gate,soft/LLR or analog; hard syndrome; calibration/backend metadata,IBM real shots; domain/held-out,unavailable,unavailable,unavailable,unavailable,unavailable,unavailable,unavailable,134_V224_COMPLEXITY_BOUNDED_MULTIDECODER_SWITCH_20260729\qec_v224_complexity_bounded_switch.py; 134_V224_COMPLEXITY_BOUNDED_MULTIDECODER_SWITCH_20260729\qec_v224_complexity_bounded_switch.slurm; 134_V224_COMPLEXITY_BOUNDED_MULTIDECODER_SWITCH_20260729\qec_v224_result.json; 134_V224_COMPLEXITY_BOUNDED_MULTIDECODER_SWITCH_20260729\qec_v224_results.csv; 134_V224_COMPLEXITY_BOUNDED_MULTIDECODER_SWITCH_20260729\V224_RECORD_20260729.md; qec_work\qec_v224_complexity_bounded_switch.py; qec_work\qec_v224_complexity_bounded_switch.slurm; qec_work\qec_v224_result.json; qec_work\qec_v224_results.csv; qec_work\wolffe_archive_20260730\extracted\home\22228049\qec_v224\qec_v224-62314.err; qec_work\wolffe_archive_20260730\extracted\home\22228049\qec_v224\qec_v224-62314.out; qec_work\wolffe_archive_20260730\extracted\home\22228049\qec_v224\qec_v224_complexity_bounded_switch.py; qec_work\wolffe_archive_20260730\extracted\home\22228049\qec_v224\qec_v224_complexity_bounded_switch.slurm; qec_work\wolffe_archive_20260730\extracted\home\22228049\qec_v224\qec_v224_result.json; qec_work\wolffe_archive_20260730\extracted\home\22228049\qec_v224\qec_v224_results.csv; C:\Users\22228049\.codex\qec_work\qec_v224_complexity_bounded_switch.py; C:\Users\22228049\.codex\qec_work\wolffe_archive_20260730\extracted\home\22228049\qec_v224\qec_v224_complexity_bounded_switch.py,measured artifact found; diagnostic/protocol or pending,Use leave-one-domain-out calibration conditioning with a frozen gate and paired bootstrap; reject if either basis or domain regresses.,normal,not a V12 comparison,MWPM/BP-OSD comparator only when explicitly present; no claim if unavailable,late audit; 134_V224_COMPLEXITY_BOUNDED_MULTIDECODER_SWITCH_20260729\qec_v224_complexity_bounded_switch.py; 134_V224_COMPLEXITY_BOUNDED_MULTIDECODER_SWITCH_20260729\qec_v224_complexity_bounded_switch.slurm; 134_V224_COMPLEXITY_BOUNDED_MULTIDECODER_SWITCH_20260729\qec_v224_result.json; 134_V224_COMPLEXITY_BOUNDED_MULTIDECODER_SWITCH_20260729\qec_v224_results.csv; 134_V224_COMPLEXITY_BOUNDED_MULTIDECODER_SWITCH_20260729\V224_RECORD_20260729.md; qec_work\qec_v224_complexity_bounded_switch.py; qec_work\qec_v224_complexity_bounded_switch.slurm; qec_work\qec_v224_result.json; qec_work\qec_v224_results.csv; qec_work\wolffe_archive_20260730\extracted\home\22228049\qec_v224\qec_v224-62314.err; qec_work\wolffe_archive_20260730\extracted\home\22228049\qec_v224\qec_v224-62314.out; qec_work\wolffe_archive_20260730\extracted\home\22228049\qec_v224\qec_v224_complexity_bounded_switch.py; qec_work\wolffe_archive_20260730\extracted\home\22228049\qec_v224\qec_v224_complexity_bounded_switch.slurm; qec_work\wolffe_archive_20260730\extracted\home\22228049\qec_v224\qec_v224_result.json; qec_work\wolffe_archive_20260730\extracted\home\22228049\qec_v224\qec_v224_results.csv,,,,,,,,QEC_RUN_MATRIX_V1_V392_20260731.csv,Z:\Meetings\Complete\22-7-2026\QEC_AI_PAPER_MASTER_20260717,C:\Users\22228049\.codex\github_publish\hardware-adaptive-qec-ibm,IBM real shots; domain/held-out,measured artifact,diagnostic/not promoted,Version V224 retained with original matrix fields; no missing fields were inferred.
V225,G3_spatiotemporal_attention_tuning,MWPM/PyMatching; graph/DEM; calibration/drift; ensemble/consensus; geometry/FAISS,soft/LLR or analog; hard syndrome; calibration/backend metadata,IBM real shots; domain/held-out,unavailable,unavailable,unavailable,unavailable,unavailable,unavailable,unavailable,qec_work\qec_v225_geometry_soft_residual.py; qec_work\qec_v225_geometry_soft_residual.slurm; qec_work\qec_v225_result.json; qec_work\qec_v225_results.csv; qec_work\wolffe_archive_20260730\extracted\home\22228049\qec_v225\qec_v225-62332.err; qec_work\wolffe_archive_20260730\extracted\home\22228049\qec_v225\qec_v225-62332.out; qec_work\wolffe_archive_20260730\extracted\home\22228049\qec_v225\qec_v225_geometry_soft_residual.py; qec_work\wolffe_archive_20260730\extracted\home\22228049\qec_v225\qec_v225_geometry_soft_residual.slurm; qec_work\wolffe_archive_20260730\extracted\home\22228049\qec_v225\qec_v225_result.json; qec_work\wolffe_archive_20260730\extracted\home\22228049\qec_v225\qec_v225_results.csv; C:\Users\22228049\.codex\qec_work\qec_v225_geometry_soft_residual.py; C:\Users\22228049\.codex\qec_work\wolffe_archive_20260730\extracted\home\22228049\qec_v225\qec_v225_geometry_soft_residual.py,measured artifact found; diagnostic/protocol or pending,Use leave-one-domain-out calibration conditioning with a frozen gate and paired bootstrap; reject if either basis or domain regresses.,normal,not a V12 comparison,MWPM/BP-OSD comparator only when explicitly present; no claim if unavailable,late audit; qec_work\qec_v225_geometry_soft_residual.py; qec_work\qec_v225_geometry_soft_residual.slurm; qec_work\qec_v225_result.json; qec_work\qec_v225_results.csv; qec_work\wolffe_archive_20260730\extracted\home\22228049\qec_v225\qec_v225-62332.err; qec_work\wolffe_archive_20260730\extracted\home\22228049\qec_v225\qec_v225-62332.out; qec_work\wolffe_archive_20260730\extracted\home\22228049\qec_v225\qec_v225_geometry_soft_residual.py; qec_work\wolffe_archive_20260730\extracted\home\22228049\qec_v225\qec_v225_geometry_soft_residual.slurm; qec_work\wolffe_archive_20260730\extracted\home\22228049\qec_v225\qec_v225_result.json; qec_work\wolffe_archive_20260730\extracted\home\22228049\qec_v225\qec_v225_results.csv,,,,,,,,QEC_RUN_MATRIX_V1_V392_20260731.csv,Z:\Meetings\Complete\22-7-2026\QEC_AI_PAPER_MASTER_20260717,C:\Users\22228049\.codex\github_publish\hardware-adaptive-qec-ibm,IBM real shots; domain/held-out,measured artifact,diagnostic/not promoted,Version V225 retained with original matrix fields; no missing fields were inferred.
V226,G3_spatiotemporal_attention_tuning,calibration/drift; geometry/FAISS,soft/LLR or analog; hard syndrome; calibration/backend metadata,IBM real shots; domain/held-out,unavailable,unavailable,unavailable,unavailable,unavailable,unavailable,unavailable,qec_work\qec_v226_math_ablation_suite.py; qec_work\qec_v226_math_ablation_suite.slurm; qec_work\qec_v226_result.json; qec_work\qec_v226_results.csv; qec_work\wolffe_archive_20260730\extracted\home\22228049\qec_v226\qec_v226-62341.err; qec_work\wolffe_archive_20260730\extracted\home\22228049\qec_v226\qec_v226-62341.out; qec_work\wolffe_archive_20260730\extracted\home\22228049\qec_v226\qec_v226-62342.err; qec_work\wolffe_archive_20260730\extracted\home\22228049\qec_v226\qec_v226-62342.out; qec_work\wolffe_archive_20260730\extracted\home\22228049\qec_v226\qec_v226_math_ablation_suite.py; qec_work\wolffe_archive_20260730\extracted\home\22228049\qec_v226\qec_v226_math_ablation_suite.slurm; qec_work\wolffe_archive_20260730\extracted\home\22228049\qec_v226\qec_v226_result.json; qec_work\wolffe_archive_20260730\extracted\home\22228049\qec_v226\qec_v226_results.csv; C:\Users\22228049\.codex\qec_work\qec_v226_math_ablation_suite.py; C:\Users\22228049\.codex\qec_work\wolffe_archive_20260730\extracted\home\22228049\qec_v226\qec_v226_math_ablation_suite.py,measured artifact found; diagnostic/protocol or pending,Use leave-one-domain-out calibration conditioning with a frozen gate and paired bootstrap; reject if either basis or domain regresses.,normal,not a V12 comparison,MWPM/BP-OSD comparator only when explicitly present; no claim if unavailable,late audit; qec_work\qec_v226_math_ablation_suite.py; qec_work\qec_v226_math_ablation_suite.slurm; qec_work\qec_v226_result.json; qec_work\qec_v226_results.csv; qec_work\wolffe_archive_20260730\extracted\home\22228049\qec_v226\qec_v226-62341.err; qec_work\wolffe_archive_20260730\extracted\home\22228049\qec_v226\qec_v226-62341.out; qec_work\wolffe_archive_20260730\extracted\home\22228049\qec_v226\qec_v226-62342.err; qec_work\wolffe_archive_20260730\extracted\home\22228049\qec_v226\qec_v226-62342.out; qec_work\wolffe_archive_20260730\extracted\home\22228049\qec_v226\qec_v226_math_ablation_suite.py; qec_work\wolffe_archive_20260730\extracted\home\22228049\qec_v226\qec_v226_math_ablation_suite.slurm; qec_work\wolffe_archive_20260730\extracted\home\22228049\qec_v226\qec_v226_result.json; qec_work\wolffe_archive_20260730\extracted\home\22228049\qec_v226\qec_v226_results.csv,,,,,,,,QEC_RUN_MATRIX_V1_V392_20260731.csv,Z:\Meetings\Complete\22-7-2026\QEC_AI_PAPER_MASTER_20260717,C:\Users\22228049\.codex\github_publish\hardware-adaptive-qec-ibm,IBM real shots; domain/held-out,measured artifact,diagnostic/not promoted,Version V226 retained with original matrix fields; no missing fields were inferred.
V227,G3_spatiotemporal_attention_tuning,graph/DEM; calibration/drift,soft/LLR or analog; hard syndrome; calibration/backend metadata,IBM real shots; domain/held-out,unavailable,unavailable,unavailable,unavailable,unavailable,unavailable,unavailable,qec_work\qec_v227_empirical_bp_soft_graph.py; qec_work\qec_v227_empirical_bp_soft_graph.slurm; qec_work\qec_v227_empirical_graph.npy; qec_work\qec_v227_result.json; qec_work\qec_v227_results.csv; qec_work\wolffe_archive_20260730\extracted\home\22228049\qec_v227\qec_v227-62423.err; qec_work\wolffe_archive_20260730\extracted\home\22228049\qec_v227\qec_v227-62423.out; qec_work\wolffe_archive_20260730\extracted\home\22228049\qec_v227\qec_v227_empirical_bp_soft_graph.py; qec_work\wolffe_archive_20260730\extracted\home\22228049\qec_v227\qec_v227_empirical_bp_soft_graph.slurm; qec_work\wolffe_archive_20260730\extracted\home\22228049\qec_v227\qec_v227_result.json; qec_work\wolffe_archive_20260730\extracted\home\22228049\qec_v227\qec_v227_results.csv; C:\Users\22228049\.codex\qec_work\qec_v227_empirical_bp_soft_graph.py; C:\Users\22228049\.codex\qec_work\wolffe_archive_20260730\extracted\home\22228049\qec_v227\qec_v227_empirical_bp_soft_graph.py,measured artifact found; diagnostic/protocol or pending,"Use validation-selected BP/OSD only on disagreement and require per-basis/domain non-regression; estimate priors from calibration, not labels.",normal,not a V12 comparison,MWPM/BP-OSD comparator only when explicitly present; no claim if unavailable,late audit; qec_work\qec_v227_empirical_bp_soft_graph.py; qec_work\qec_v227_empirical_bp_soft_graph.slurm; qec_work\qec_v227_empirical_graph.npy; qec_work\qec_v227_result.json; qec_work\qec_v227_results.csv; qec_work\wolffe_archive_20260730\extracted\home\22228049\qec_v227\qec_v227-62423.err; qec_work\wolffe_archive_20260730\extracted\home\22228049\qec_v227\qec_v227-62423.out; qec_work\wolffe_archive_20260730\extracted\home\22228049\qec_v227\qec_v227_empirical_bp_soft_graph.py; qec_work\wolffe_archive_20260730\extracted\home\22228049\qec_v227\qec_v227_empirical_bp_soft_graph.slurm; qec_work\wolffe_archive_20260730\extracted\home\22228049\qec_v227\qec_v227_result.json; qec_work\wolffe_archive_20260730\extracted\home\22228049\qec_v227\qec_v227_results.csv,,,,,,,,QEC_RUN_MATRIX_V1_V392_20260731.csv,Z:\Meetings\Complete\22-7-2026\QEC_AI_PAPER_MASTER_20260717,C:\Users\22228049\.codex\github_publish\hardware-adaptive-qec-ibm,IBM real shots; domain/held-out,measured artifact,diagnostic/not promoted,Version V227 retained with original matrix fields; no missing fields were inferred.
V228,G3_spatiotemporal_attention_tuning,BP-OSD; graph/DEM,unavailable,IBM real shots; phenomenological/Stim,3/3,unavailable,unavailable,unavailable,unavailable,unavailable,unavailable,qec_work\qec_v228_stim_exact_bposd.py; qec_work\qec_v228_stim_exact_bposd.slurm; qec_work\wolffe_archive_20260730\extracted\home\22228049\qec_v228\qec_v228-62430.err; qec_work\wolffe_archive_20260730\extracted\home\22228049\qec_v228\qec_v228-62430.out; qec_work\wolffe_archive_20260730\extracted\home\22228049\qec_v228\qec_v228-62431.err; qec_work\wolffe_archive_20260730\extracted\home\22228049\qec_v228\qec_v228-62431.out; qec_work\wolffe_archive_20260730\extracted\home\22228049\qec_v228\qec_v228-62434.err; qec_work\wolffe_archive_20260730\extracted\home\22228049\qec_v228\qec_v228-62434.out; qec_work\wolffe_archive_20260730\extracted\home\22228049\qec_v228\qec_v228-62442.err; qec_work\wolffe_archive_20260730\extracted\home\22228049\qec_v228\qec_v228-62442.out; qec_work\wolffe_archive_20260730\extracted\home\22228049\qec_v228\qec_v228-62450.err; qec_work\wolffe_archive_20260730\extracted\home\22228049\qec_v228\qec_v228-62450.out; qec_work\wolffe_archive_20260730\extracted\home\22228049\qec_v228\qec_v228_result.json; qec_work\wolffe_archive_20260730\extracted\home\22228049\qec_v228\qec_v228_stim_exact_bposd.py; qec_work\wolffe_archive_20260730\extracted\home\22228049\qec_v228\qec_v228_stim_exact_bposd.slurm; C:\Users\22228049\.codex\qec_work\qec_v228_stim_exact_bposd.py; C:\Users\22228049\.codex\qec_work\wolffe_archive_20260730\extracted\home\22228049\qec_v228\qec_v228_stim_exact_bposd.py,measured artifact found; diagnostic/protocol or pending,"Run a frozen, untouched IBM block with V12 fallback; report X/Z/domain confidence intervals before promotion.",normal,not a V12 comparison,MWPM/BP-OSD comparator only when explicitly present; no claim if unavailable,late audit; qec_work\qec_v228_stim_exact_bposd.py; qec_work\qec_v228_stim_exact_bposd.slurm; qec_work\wolffe_archive_20260730\extracted\home\22228049\qec_v228\qec_v228-62430.err; qec_work\wolffe_archive_20260730\extracted\home\22228049\qec_v228\qec_v228-62430.out; qec_work\wolffe_archive_20260730\extracted\home\22228049\qec_v228\qec_v228-62431.err; qec_work\wolffe_archive_20260730\extracted\home\22228049\qec_v228\qec_v228-62431.out; qec_work\wolffe_archive_20260730\extracted\home\22228049\qec_v228\qec_v228-62434.err; qec_work\wolffe_archive_20260730\extracted\home\22228049\qec_v228\qec_v228-62434.out; qec_work\wolffe_archive_20260730\extracted\home\22228049\qec_v228\qec_v228-62442.err; qec_work\wolffe_archive_20260730\extracted\home\22228049\qec_v228\qec_v228-62442.out; qec_work\wolffe_archive_20260730\extracted\home\22228049\qec_v228\qec_v228-62450.err; qec_work\wolffe_archive_20260730\extracted\home\22228049\qec_v228\qec_v228-62450.out; qec_work\wolffe_archive_20260730\extracted\home\22228049\qec_v228\qec_v228_result.json; qec_work\wolffe_archive_20260730\extracted\home\22228049\qec_v228\qec_v228_stim_exact_bposd.py; qec_work\wolffe_archive_20260730\extracted\home\22228049\qec_v228\qec_v228_stim_exact_bposd.slurm,,,,,,,,QEC_RUN_MATRIX_V1_V392_20260731.csv,Z:\Meetings\Complete\22-7-2026\QEC_AI_PAPER_MASTER_20260717,C:\Users\22228049\.codex\github_publish\hardware-adaptive-qec-ibm,IBM real shots; phenomenological/Stim,measured artifact,diagnostic/not promoted,Version V228 retained with original matrix fields; no missing fields were inferred.
V229,G3_spatiotemporal_attention_tuning,graph/DEM; calibration/drift,hard syndrome; calibration/backend metadata,IBM real shots,unavailable,unavailable,'x' if i<6 else 'z',unavailable,unavailable,unavailable,unavailable,139_V229_QPY_OPERATION_GRAPH_20260729\detector_coordinates.csv; 139_V229_QPY_OPERATION_GRAPH_20260729\qec_v229_operation_graph.json; 139_V229_QPY_OPERATION_GRAPH_20260729\qec_v229_qpy_operation_graph.py; 139_V229_QPY_OPERATION_GRAPH_20260729\V229_RECORD_20260729.md; 139_V229_QPY_OPERATION_GRAPH_20260729\V68_NEW_IBM_CONFIRMATION_FINAL.json; 139_V229_QPY_OPERATION_GRAPH_20260729\V68_SUBMISSION.json; 139_V229_QPY_OPERATION_GRAPH_20260729\V68_UPSTREAM_V12_CONFIRMATION.json; 140_V231_CALIBRATED_OPERATION_RESIDUAL_20260729\V229_RECORD_20260729.md; qec_work\qec_v229_qpy_operation_graph.py; qec_work\V229_RECORD_20260729.md; qec_work\wolffe_archive_20260730\extracted\home\22228049\qec_v229_operation_graph.json; qec_work\wolffe_archive_20260730\extracted\home\22228049\qec_v229_qpy_operation_graph.py; C:\Users\22228049\.codex\qec_work\qec_v229_qpy_operation_graph.py; C:\Users\22228049\.codex\qec_work\wolffe_archive_20260730\extracted\home\22228049\qec_v229_qpy_operation_graph.py,measured artifact found; diagnostic/protocol or pending,"Use validation-selected BP/OSD only on disagreement and require per-basis/domain non-regression; estimate priors from calibration, not labels.",normal,not a V12 comparison,MWPM/BP-OSD comparator only when explicitly present; no claim if unavailable,late audit; 139_V229_QPY_OPERATION_GRAPH_20260729\detector_coordinates.csv; 139_V229_QPY_OPERATION_GRAPH_20260729\qec_v229_operation_graph.json; 139_V229_QPY_OPERATION_GRAPH_20260729\qec_v229_qpy_operation_graph.py; 139_V229_QPY_OPERATION_GRAPH_20260729\V229_RECORD_20260729.md; 139_V229_QPY_OPERATION_GRAPH_20260729\V68_NEW_IBM_CONFIRMATION_FINAL.json; 139_V229_QPY_OPERATION_GRAPH_20260729\V68_SUBMISSION.json; 139_V229_QPY_OPERATION_GRAPH_20260729\V68_UPSTREAM_V12_CONFIRMATION.json; 140_V231_CALIBRATED_OPERATION_RESIDUAL_20260729\V229_RECORD_20260729.md; qec_work\qec_v229_qpy_operation_graph.py; qec_work\V229_RECORD_20260729.md; qec_work\wolffe_archive_20260730\extracted\home\22228049\qec_v229_operation_graph.json; qec_work\wolffe_archive_20260730\extracted\home\22228049\qec_v229_qpy_operation_graph.py,,,,,,,,QEC_RUN_MATRIX_V1_V392_20260731.csv,Z:\Meetings\Complete\22-7-2026\QEC_AI_PAPER_MASTER_20260717,C:\Users\22228049\.codex\github_publish\hardware-adaptive-qec-ibm,IBM real shots,measured artifact,diagnostic/not promoted,Version V229 retained with original matrix fields; no missing fields were inferred.
V230,G3_spatiotemporal_attention_tuning,neural/ML; graph/DEM; calibration/drift; postselection/gate,calibration/backend metadata,IBM real shots; phenomenological/Stim; domain/held-out,unavailable,unavailable,{},unavailable,unavailable,unavailable,unavailable,140_V231_CALIBRATED_OPERATION_RESIDUAL_20260729\qec_v230_ledger_meta_analysis.py; 140_V231_CALIBRATED_OPERATION_RESIDUAL_20260729\qec_v230_meta_analysis.json; 140_V231_CALIBRATED_OPERATION_RESIDUAL_20260729\V230_META_ANALYSIS_20260729.md; qec_work\qec_v230_ledger_meta_analysis.py; qec_work\qec_v230_meta_analysis.json; qec_work\V230_META_ANALYSIS_20260729.md; C:\Users\22228049\.codex\qec_work\qec_v230_ledger_meta_analysis.py,measured artifact found,Use leave-one-domain-out calibration conditioning with a frozen gate and paired bootstrap; reject if either basis or domain regresses.,normal,not a V12 comparison,MWPM/BP-OSD comparator only when explicitly present; no claim if unavailable,late audit; 140_V231_CALIBRATED_OPERATION_RESIDUAL_20260729\qec_v230_ledger_meta_analysis.py; 140_V231_CALIBRATED_OPERATION_RESIDUAL_20260729\qec_v230_meta_analysis.json; 140_V231_CALIBRATED_OPERATION_RESIDUAL_20260729\V230_META_ANALYSIS_20260729.md; qec_work\qec_v230_ledger_meta_analysis.py; qec_work\qec_v230_meta_analysis.json; qec_work\V230_META_ANALYSIS_20260729.md,,,,,,,,QEC_RUN_MATRIX_V1_V392_20260731.csv,Z:\Meetings\Complete\22-7-2026\QEC_AI_PAPER_MASTER_20260717,C:\Users\22228049\.codex\github_publish\hardware-adaptive-qec-ibm,IBM real shots; phenomenological/Stim; domain/held-out,audit or unavailable,promoted,Version V230 retained with original matrix fields; no missing fields were inferred.
V231,G3_spatiotemporal_attention_tuning,graph/DEM; calibration/drift; ensemble/consensus; postselection/gate,hard syndrome; calibration/backend metadata,IBM real shots; domain/held-out,unavailable,+0.00231 pp; +0.00000 pp,unavailable,unavailable,unavailable,unavailable,unavailable,140_V231_CALIBRATED_OPERATION_RESIDUAL_20260729\qec_v230_ledger_meta_analysis.py; 140_V231_CALIBRATED_OPERATION_RESIDUAL_20260729\qec_v230_meta_analysis.json; 140_V231_CALIBRATED_OPERATION_RESIDUAL_20260729\qec_v231_calibrated_operation_residual.py; 140_V231_CALIBRATED_OPERATION_RESIDUAL_20260729\qec_v231_result.json; 140_V231_CALIBRATED_OPERATION_RESIDUAL_20260729\V229_RECORD_20260729.md; 140_V231_CALIBRATED_OPERATION_RESIDUAL_20260729\V230_META_ANALYSIS_20260729.md; 140_V231_CALIBRATED_OPERATION_RESIDUAL_20260729\V231_RECORD_20260729.md; qec_work\qec_v231_calibrated_operation_residual.py; qec_work\V231_RECORD_20260729.md; qec_work\wolffe_archive_20260730\extracted\home\22228049\qec_v231_calibrated_operation_residual.py; qec_work\wolffe_archive_20260730\extracted\home\22228049\qec_v231_result.json; C:\Users\22228049\.codex\qec_work\qec_v231_calibrated_operation_residual.py; C:\Users\22228049\.codex\qec_work\wolffe_archive_20260730\extracted\home\22228049\qec_v231_calibrated_operation_residual.py,measured artifact found; diagnostic/protocol or pending,"Run a frozen, untouched IBM block with V12 fallback; report X/Z/domain confidence intervals before promotion.",normal,not a V12 comparison,MWPM/BP-OSD comparator only when explicitly present; no claim if unavailable,late audit; 140_V231_CALIBRATED_OPERATION_RESIDUAL_20260729\qec_v230_ledger_meta_analysis.py; 140_V231_CALIBRATED_OPERATION_RESIDUAL_20260729\qec_v230_meta_analysis.json; 140_V231_CALIBRATED_OPERATION_RESIDUAL_20260729\qec_v231_calibrated_operation_residual.py; 140_V231_CALIBRATED_OPERATION_RESIDUAL_20260729\qec_v231_result.json; 140_V231_CALIBRATED_OPERATION_RESIDUAL_20260729\V229_RECORD_20260729.md; 140_V231_CALIBRATED_OPERATION_RESIDUAL_20260729\V230_META_ANALYSIS_20260729.md; 140_V231_CALIBRATED_OPERATION_RESIDUAL_20260729\V231_RECORD_20260729.md; qec_work\qec_v231_calibrated_operation_residual.py; qec_work\V231_RECORD_20260729.md; qec_work\wolffe_archive_20260730\extracted\home\22228049\qec_v231_calibrated_operation_residual.py; qec_work\wolffe_archive_20260730\extracted\home\22228049\qec_v231_result.json,,,,,,,,QEC_RUN_MATRIX_V1_V392_20260731.csv,Z:\Meetings\Complete\22-7-2026\QEC_AI_PAPER_MASTER_20260717,C:\Users\22228049\.codex\github_publish\hardware-adaptive-qec-ibm,IBM real shots; domain/held-out,measured artifact,diagnostic/not promoted,Version V231 retained with original matrix fields; no missing fields were inferred.
V232,G3_spatiotemporal_attention_tuning,neural/ML; graph/DEM; calibration/drift; postselection/gate,calibration/backend metadata,IBM real shots; phenomenological/Stim; domain/held-out,unavailable,unavailable,unavailable,unavailable,unavailable,unavailable,unavailable,141_V232_READONLY_QWEN_ANALYST_20260729\QEC_OPEN_MODEL_ANALYST_README.md; 141_V232_READONLY_QWEN_ANALYST_20260729\qec_v232_qwen_ledger_analyst.py; 141_V232_READONLY_QWEN_ANALYST_20260729\qec_v232_qwen_ledger_analyst_env.slurm; 141_V232_READONLY_QWEN_ANALYST_20260729\V232_RECORD_20260729.md; qec_work\qec_v232_qwen_ledger_analyst.py; qec_work\qec_v232_qwen_ledger_analyst.slurm; qec_work\qec_v232_qwen_ledger_analyst313.slurm; qec_work\qec_v232_qwen_ledger_analyst_ampere.slurm; qec_work\qec_v232_qwen_ledger_analyst_env.slurm; qec_work\V232_RECORD_20260729.md; qec_work\wolffe_archive_20260730\extracted\home\22228049\qec_v232_ampere-62515.err; qec_work\wolffe_archive_20260730\extracted\home\22228049\qec_v232_ampere-62515.out; qec_work\wolffe_archive_20260730\extracted\home\22228049\qec_v232_qwen-62502.err; qec_work\wolffe_archive_20260730\extracted\home\22228049\qec_v232_qwen-62502.out; qec_work\wolffe_archive_20260730\extracted\home\22228049\qec_v232_qwen-62503.err; qec_work\wolffe_archive_20260730\extracted\home\22228049\qec_v232_qwen-62503.out; qec_work\wolffe_archive_20260730\extracted\home\22228049\qec_v232_qwen-62514.err; qec_work\wolffe_archive_20260730\extracted\home\22228049\qec_v232_qwen-62514.out; qec_work\wolffe_archive_20260730\extracted\home\22228049\qec_v232_qwen-62577.err; qec_work\wolffe_archive_20260730\extracted\home\22228049\qec_v232_qwen-62577.out; qec_work\wolffe_archive_20260730\extracted\home\22228049\qec_v232_qwen_ledger_analyst.py; qec_work\wolffe_archive_20260730\extracted\home\22228049\qec_v232_qwen_ledger_analyst.slurm; qec_work\wolffe_archive_20260730\extracted\home\22228049\qec_v232_qwen_ledger_analyst313.slurm; qec_work\wolffe_archive_20260730\extracted\home\22228049\qec_v232_qwen_ledger_analyst_ampere.slurm; C:\Users\22228049\.codex\qec_work\qec_v232_qwen_ledger_analyst.py; C:\Users\22228049\.codex\qec_work\wolffe_archive_20260730\extracted\home\22228049\qec_v232_qwen_ledger_analyst.py,measured artifact found; diagnostic/protocol or pending,Use leave-one-domain-out calibration conditioning with a frozen gate and paired bootstrap; reject if either basis or domain regresses.,normal,not a V12 comparison,MWPM/BP-OSD comparator only when explicitly present; no claim if unavailable,late audit; 141_V232_READONLY_QWEN_ANALYST_20260729\QEC_OPEN_MODEL_ANALYST_README.md; 141_V232_READONLY_QWEN_ANALYST_20260729\qec_v232_qwen_ledger_analyst.py; 141_V232_READONLY_QWEN_ANALYST_20260729\qec_v232_qwen_ledger_analyst_env.slurm; 141_V232_READONLY_QWEN_ANALYST_20260729\V232_RECORD_20260729.md; qec_work\qec_v232_qwen_ledger_analyst.py; qec_work\qec_v232_qwen_ledger_analyst.slurm; qec_work\qec_v232_qwen_ledger_analyst313.slurm; qec_work\qec_v232_qwen_ledger_analyst_ampere.slurm; qec_work\qec_v232_qwen_ledger_analyst_env.slurm; qec_work\V232_RECORD_20260729.md; qec_work\wolffe_archive_20260730\extracted\home\22228049\qec_v232_ampere-62515.err; qec_work\wolffe_archive_20260730\extracted\home\22228049\qec_v232_ampere-62515.out; qec_work\wolffe_archive_20260730\extracted\home\22228049\qec_v232_qwen-62502.err; qec_work\wolffe_archive_20260730\extracted\home\22228049\qec_v232_qwen-62502.out; qec_work\wolffe_archive_20260730\extracted\home\22228049\qec_v232_qwen-62503.err; qec_work\wolffe_archive_20260730\extracted\home\22228049\qec_v232_qwen-62503.out; qec_work\wolffe_archive_20260730\extracted\home\22228049\qec_v232_qwen-62514.err; qec_work\wolffe_archive_20260730\extracted\home\22228049\qec_v232_qwen-62514.out; qec_work\wolffe_archive_20260730\extracted\home\22228049\qec_v232_qwen-62577.err; qec_work\wolffe_archive_20260730\extracted\home\22228049\qec_v232_qwen-62577.out; qec_work\wolffe_archive_20260730\extracted\home\22228049\qec_v232_qwen_ledger_analyst.py; qec_work\wolffe_archive_20260730\extracted\home\22228049\qec_v232_qwen_ledger_analyst.slurm; qec_work\wolffe_archive_20260730\extracted\home\22228049\qec_v232_qwen_ledger_analyst313.slurm; qec_work\wolffe_archive_20260730\extracted\home\22228049\qec_v232_qwen_ledger_analyst_ampere.slurm,,,,,,,,QEC_RUN_MATRIX_V1_V392_20260731.csv,Z:\Meetings\Complete\22-7-2026\QEC_AI_PAPER_MASTER_20260717,C:\Users\22228049\.codex\github_publish\hardware-adaptive-qec-ibm,IBM real shots; phenomenological/Stim; domain/held-out,measured artifact,diagnostic/not promoted,Version V232 retained with original matrix fields; no missing fields were inferred.
V233,G3_spatiotemporal_attention_tuning,MWPM/PyMatching; calibration/drift; postselection/gate,calibration/backend metadata,IBM real shots; domain/held-out,unavailable,-0.03704 pp; 0.00000 pp; -0.07407 pp,unavailable,unavailable,unavailable,unavailable,unavailable,142_V233_FROZEN_Z_ROUND_GATE_20260729\qec_v233_harmony_safe_round_gate.py; 142_V233_FROZEN_Z_ROUND_GATE_20260729\V233_RECORD_20260729.md; qec_work\qec_v233_harmony_safe_round_gate.py; qec_work\V233_RECORD_20260729.md; qec_work\wolffe_archive_20260730\extracted\home\22228049\qec_v233_harmony_safe_round_gate.json; qec_work\wolffe_archive_20260730\extracted\home\22228049\qec_v233_harmony_safe_round_gate.py; C:\Users\22228049\.codex\qec_work\qec_v233_harmony_safe_round_gate.py; C:\Users\22228049\.codex\qec_work\wolffe_archive_20260730\extracted\home\22228049\qec_v233_harmony_safe_round_gate.py,measured artifact found; diagnostic/protocol or pending,"Run a frozen, untouched IBM block with V12 fallback; report X/Z/domain confidence intervals before promotion.",normal,not a V12 comparison,MWPM/BP-OSD comparator only when explicitly present; no claim if unavailable,late audit; 142_V233_FROZEN_Z_ROUND_GATE_20260729\qec_v233_harmony_safe_round_gate.py; 142_V233_FROZEN_Z_ROUND_GATE_20260729\V233_RECORD_20260729.md; qec_work\qec_v233_harmony_safe_round_gate.py; qec_work\V233_RECORD_20260729.md; qec_work\wolffe_archive_20260730\extracted\home\22228049\qec_v233_harmony_safe_round_gate.json; qec_work\wolffe_archive_20260730\extracted\home\22228049\qec_v233_harmony_safe_round_gate.py,,,,,,,,QEC_RUN_MATRIX_V1_V392_20260731.csv,Z:\Meetings\Complete\22-7-2026\QEC_AI_PAPER_MASTER_20260717,C:\Users\22228049\.codex\github_publish\hardware-adaptive-qec-ibm,IBM real shots; domain/held-out,measured artifact,diagnostic/not promoted,Version V233 retained with original matrix fields; no missing fields were inferred.
V234,G3_spatiotemporal_attention_tuning,MWPM/PyMatching; calibration/drift; postselection/gate,calibration/backend metadata,domain/held-out,unavailable,unavailable,unavailable,unavailable,unavailable,unavailable,unavailable,qec_work\V234_D5_DATASET_AUDIT_RECORD_20260729.md,measured artifact found; diagnostic/protocol or pending,Use leave-one-domain-out calibration conditioning with a frozen gate and paired bootstrap; reject if either basis or domain regresses.,normal,not a V12 comparison,MWPM/BP-OSD comparator only when explicitly present; no claim if unavailable,late audit; qec_work\V234_D5_DATASET_AUDIT_RECORD_20260729.md,,,,,,,,QEC_RUN_MATRIX_V1_V392_20260731.csv,Z:\Meetings\Complete\22-7-2026\QEC_AI_PAPER_MASTER_20260717,C:\Users\22228049\.codex\github_publish\hardware-adaptive-qec-ibm,domain/held-out,measured artifact,diagnostic/not promoted,Version V234 retained with original matrix fields; no missing fields were inferred.
V235,G3_spatiotemporal_attention_tuning,MWPM/PyMatching; graph/DEM; ensemble/consensus,hard syndrome; calibration/backend metadata,IBM real shots; phenomenological/Stim; correlated/drift,unavailable,+0.03931 pp; -0.16509 pp,"int; = 0 else ""z""; = 0 else ""Z""",unavailable,unavailable,unavailable,unavailable,145_V235_D5_CANONICAL_DEM_RESIDUAL_20260729\qec_v235_d5_canonical_dem_residual.py; 145_V235_D5_CANONICAL_DEM_RESIDUAL_20260729\qec_v235_d5_canonical_dem_residual.slurm; 145_V235_D5_CANONICAL_DEM_RESIDUAL_20260729\qec_v235_result.json; 145_V235_D5_CANONICAL_DEM_RESIDUAL_20260729\V235_D5_CANONICAL_DEM_RESIDUAL_RECORD_20260729.md; qec_work\qec_v235_d5_canonical_dem_residual.py; qec_work\qec_v235_d5_canonical_dem_residual.slurm; qec_work\qec_v235_d5_canonical_dem_residual_remote.py; qec_work\qec_v235_result.json; qec_work\V235_D5_CANONICAL_DEM_RESIDUAL_RECORD_20260729.md; qec_work\wolffe_archive_20260730\extracted\home\22228049\qec_v235_62658.err; qec_work\wolffe_archive_20260730\extracted\home\22228049\qec_v235_62658.out; qec_work\wolffe_archive_20260730\extracted\home\22228049\qec_v235_62659.err; qec_work\wolffe_archive_20260730\extracted\home\22228049\qec_v235_62659.out; qec_work\wolffe_archive_20260730\extracted\home\22228049\qec_v235_62663.err; qec_work\wolffe_archive_20260730\extracted\home\22228049\qec_v235_62663.out; qec_work\wolffe_archive_20260730\extracted\home\22228049\qec_v235_62672.err; qec_work\wolffe_archive_20260730\extracted\home\22228049\qec_v235_62672.out; qec_work\wolffe_archive_20260730\extracted\home\22228049\qec_v235_d5_canonical_dem_residual.py; qec_work\wolffe_archive_20260730\extracted\home\22228049\qec_v235_d5_canonical_dem_residual.slurm; qec_work\wolffe_archive_20260730\extracted\home\22228049\qec_v235_result.json; qec_work\wolffe_archive_20260730\extracted\home\22228049\qec_v235_results.csv; C:\Users\22228049\.codex\qec_work\qec_v235_d5_canonical_dem_residual.py; C:\Users\22228049\.codex\qec_work\qec_v235_d5_canonical_dem_residual_remote.py; C:\Users\22228049\.codex\qec_work\wolffe_archive_20260730\extracted\home\22228049\qec_v235_d5_canonical_dem_residual.py,measured artifact found; diagnostic/protocol or pending,Use leave-one-domain-out calibration conditioning with a frozen gate and paired bootstrap; reject if either basis or domain regresses.,normal,not a V12 comparison,MWPM/BP-OSD comparator only when explicitly present; no claim if unavailable,late audit; 145_V235_D5_CANONICAL_DEM_RESIDUAL_20260729\qec_v235_d5_canonical_dem_residual.py; 145_V235_D5_CANONICAL_DEM_RESIDUAL_20260729\qec_v235_d5_canonical_dem_residual.slurm; 145_V235_D5_CANONICAL_DEM_RESIDUAL_20260729\qec_v235_result.json; 145_V235_D5_CANONICAL_DEM_RESIDUAL_20260729\V235_D5_CANONICAL_DEM_RESIDUAL_RECORD_20260729.md; qec_work\qec_v235_d5_canonical_dem_residual.py; qec_work\qec_v235_d5_canonical_dem_residual.slurm; qec_work\qec_v235_d5_canonical_dem_residual_remote.py; qec_work\qec_v235_result.json; qec_work\V235_D5_CANONICAL_DEM_RESIDUAL_RECORD_20260729.md; qec_work\wolffe_archive_20260730\extracted\home\22228049\qec_v235_62658.err; qec_work\wolffe_archive_20260730\extracted\home\22228049\qec_v235_62658.out; qec_work\wolffe_archive_20260730\extracted\home\22228049\qec_v235_62659.err; qec_work\wolffe_archive_20260730\extracted\home\22228049\qec_v235_62659.out; qec_work\wolffe_archive_20260730\extracted\home\22228049\qec_v235_62663.err; qec_work\wolffe_archive_20260730\extracted\home\22228049\qec_v235_62663.out; qec_work\wolffe_archive_20260730\extracted\home\22228049\qec_v235_62672.err; qec_work\wolffe_archive_20260730\extracted\home\22228049\qec_v235_62672.out; qec_work\wolffe_archive_20260730\extracted\home\22228049\qec_v235_d5_canonical_dem_residual.py; qec_work\wolffe_archive_20260730\extracted\home\22228049\qec_v235_d5_canonical_dem_residual.slurm; qec_work\wolffe_archive_20260730\extracted\home\22228049\qec_v235_result.json; qec_work\wolffe_archive_20260730\extracted\home\22228049\qec_v235_results.csv,,,,,,,,QEC_RUN_MATRIX_V1_V392_20260731.csv,Z:\Meetings\Complete\22-7-2026\QEC_AI_PAPER_MASTER_20260717,C:\Users\22228049\.codex\github_publish\hardware-adaptive-qec-ibm,IBM real shots; phenomenological/Stim; correlated/drift,measured artifact,diagnostic/not promoted,Version V235 retained with original matrix fields; no missing fields were inferred.
V236,G3_spatiotemporal_attention_tuning,MWPM/PyMatching; neural/ML; graph/DEM; postselection/gate,hard syndrome; calibration/backend metadata,IBM real shots; phenomenological/Stim; domain/held-out,unavailable,unavailable,unavailable,unavailable,unavailable,unavailable,unavailable,146_V236_LEGACY_NEURAL_CANONICAL_AUDIT_20260729\qec_v236_legacy_nn_canonical_audit.py; 146_V236_LEGACY_NEURAL_CANONICAL_AUDIT_20260729\qec_v236_legacy_nn_canonical_audit.slurm; 146_V236_LEGACY_NEURAL_CANONICAL_AUDIT_20260729\qec_v236_result.json; 146_V236_LEGACY_NEURAL_CANONICAL_AUDIT_20260729\V236_LEGACY_NEURAL_CANONICAL_AUDIT_RECORD_20260729.md; qec_work\qec_v236_legacy_nn_canonical_audit.py; qec_work\qec_v236_legacy_nn_canonical_audit.slurm; qec_work\qec_v236_result.json; qec_work\V236_LEGACY_NEURAL_CANONICAL_AUDIT_RECORD_20260729.md; qec_work\wolffe_archive_20260730\extracted\home\22228049\qec_v236_62717.err; qec_work\wolffe_archive_20260730\extracted\home\22228049\qec_v236_62717.out; qec_work\wolffe_archive_20260730\extracted\home\22228049\qec_v236_62718.err; qec_work\wolffe_archive_20260730\extracted\home\22228049\qec_v236_62718.out; qec_work\wolffe_archive_20260730\extracted\home\22228049\qec_v236_legacy_nn_canonical_audit.py; qec_work\wolffe_archive_20260730\extracted\home\22228049\qec_v236_legacy_nn_canonical_audit.slurm; qec_work\wolffe_archive_20260730\extracted\home\22228049\qec_v236_result.json; qec_work\wolffe_archive_20260730\extracted\home\22228049\qec_v236_data\cnn_test_predictions.csv; qec_work\wolffe_archive_20260730\extracted\home\22228049\qec_v236_data\transformer_test_predictions.csv; C:\Users\22228049\.codex\qec_work\qec_v236_legacy_nn_canonical_audit.py; C:\Users\22228049\.codex\qec_work\wolffe_archive_20260730\extracted\home\22228049\qec_v236_legacy_nn_canonical_audit.py,measured artifact found; diagnostic/protocol or pending,Use leave-one-domain-out calibration conditioning with a frozen gate and paired bootstrap; reject if either basis or domain regresses.,normal,not a V12 comparison,MWPM/BP-OSD comparator only when explicitly present; no claim if unavailable,late audit; 146_V236_LEGACY_NEURAL_CANONICAL_AUDIT_20260729\qec_v236_legacy_nn_canonical_audit.py; 146_V236_LEGACY_NEURAL_CANONICAL_AUDIT_20260729\qec_v236_legacy_nn_canonical_audit.slurm; 146_V236_LEGACY_NEURAL_CANONICAL_AUDIT_20260729\qec_v236_result.json; 146_V236_LEGACY_NEURAL_CANONICAL_AUDIT_20260729\V236_LEGACY_NEURAL_CANONICAL_AUDIT_RECORD_20260729.md; qec_work\qec_v236_legacy_nn_canonical_audit.py; qec_work\qec_v236_legacy_nn_canonical_audit.slurm; qec_work\qec_v236_result.json; qec_work\V236_LEGACY_NEURAL_CANONICAL_AUDIT_RECORD_20260729.md; qec_work\wolffe_archive_20260730\extracted\home\22228049\qec_v236_62717.err; qec_work\wolffe_archive_20260730\extracted\home\22228049\qec_v236_62717.out; qec_work\wolffe_archive_20260730\extracted\home\22228049\qec_v236_62718.err; qec_work\wolffe_archive_20260730\extracted\home\22228049\qec_v236_62718.out; qec_work\wolffe_archive_20260730\extracted\home\22228049\qec_v236_legacy_nn_canonical_audit.py; qec_work\wolffe_archive_20260730\extracted\home\22228049\qec_v236_legacy_nn_canonical_audit.slurm; qec_work\wolffe_archive_20260730\extracted\home\22228049\qec_v236_result.json; qec_work\wolffe_archive_20260730\extracted\home\22228049\qec_v236_data\cnn_test_predictions.csv; qec_work\wolffe_archive_20260730\extracted\home\22228049\qec_v236_data\transformer_test_predictions.csv,,,,,,,,QEC_RUN_MATRIX_V1_V392_20260731.csv,Z:\Meetings\Complete\22-7-2026\QEC_AI_PAPER_MASTER_20260717,C:\Users\22228049\.codex\github_publish\hardware-adaptive-qec-ibm,IBM real shots; phenomenological/Stim; domain/held-out,measured artifact,diagnostic/not promoted,Version V236 retained with original matrix fields; no missing fields were inferred.
V237,G3_spatiotemporal_attention_tuning,MWPM/PyMatching; graph/DEM; ensemble/consensus; postselection/gate,hard syndrome; calibration/backend metadata,IBM real shots; phenomenological/Stim; correlated/drift,8/,+0.00000 pp; -0.08648 pp,=0 else 'Z',unavailable,unavailable,unavailable,unavailable,147_V237_MELBOURNE_TEMPORAL_CORRELATION_20260729\qec_v237_melbourne_temporal_residual.py; 147_V237_MELBOURNE_TEMPORAL_CORRELATION_20260729\qec_v237_melbourne_temporal_residual_cpu.slurm; 147_V237_MELBOURNE_TEMPORAL_CORRELATION_20260729\qec_v237_result.json; 147_V237_MELBOURNE_TEMPORAL_CORRELATION_20260729\qec_v237_results.csv; 147_V237_MELBOURNE_TEMPORAL_CORRELATION_20260729\V237_MELBOURNE_TEMPORAL_CORRELATION_RECORD_20260729.md; qec_work\qec_v237_melbourne_temporal_residual.py; qec_work\qec_v237_melbourne_temporal_residual.slurm; qec_work\qec_v237_melbourne_temporal_residual_cpu.slurm; qec_work\qec_v237_result.json; qec_work\qec_v237_results.csv; qec_work\V237_MELBOURNE_TEMPORAL_CORRELATION_RECORD_20260729.md; qec_work\wolffe_archive_20260730\extracted\home\22228049\qec_v237_cpu_62746.err; qec_work\wolffe_archive_20260730\extracted\home\22228049\qec_v237_cpu_62746.out; qec_work\wolffe_archive_20260730\extracted\home\22228049\qec_v237_cpu_62751.err; qec_work\wolffe_archive_20260730\extracted\home\22228049\qec_v237_cpu_62751.out; qec_work\wolffe_archive_20260730\extracted\home\22228049\qec_v237_melbourne_temporal_residual.py; qec_work\wolffe_archive_20260730\extracted\home\22228049\qec_v237_melbourne_temporal_residual.slurm; qec_work\wolffe_archive_20260730\extracted\home\22228049\qec_v237_melbourne_temporal_residual_cpu.slurm; qec_work\wolffe_archive_20260730\extracted\home\22228049\qec_v237_result.json; qec_work\wolffe_archive_20260730\extracted\home\22228049\qec_v237_results.csv; C:\Users\22228049\.codex\qec_work\qec_v237_melbourne_temporal_residual.py; C:\Users\22228049\.codex\qec_work\wolffe_archive_20260730\extracted\home\22228049\qec_v237_melbourne_temporal_residual.py,measured artifact found; diagnostic/protocol or pending,Use leave-one-domain-out calibration conditioning with a frozen gate and paired bootstrap; reject if either basis or domain regresses.,normal,not a V12 comparison,MWPM/BP-OSD comparator only when explicitly present; no claim if unavailable,late audit; 147_V237_MELBOURNE_TEMPORAL_CORRELATION_20260729\qec_v237_melbourne_temporal_residual.py; 147_V237_MELBOURNE_TEMPORAL_CORRELATION_20260729\qec_v237_melbourne_temporal_residual_cpu.slurm; 147_V237_MELBOURNE_TEMPORAL_CORRELATION_20260729\qec_v237_result.json; 147_V237_MELBOURNE_TEMPORAL_CORRELATION_20260729\qec_v237_results.csv; 147_V237_MELBOURNE_TEMPORAL_CORRELATION_20260729\V237_MELBOURNE_TEMPORAL_CORRELATION_RECORD_20260729.md; qec_work\qec_v237_melbourne_temporal_residual.py; qec_work\qec_v237_melbourne_temporal_residual.slurm; qec_work\qec_v237_melbourne_temporal_residual_cpu.slurm; qec_work\qec_v237_result.json; qec_work\qec_v237_results.csv; qec_work\V237_MELBOURNE_TEMPORAL_CORRELATION_RECORD_20260729.md; qec_work\wolffe_archive_20260730\extracted\home\22228049\qec_v237_cpu_62746.err; qec_work\wolffe_archive_20260730\extracted\home\22228049\qec_v237_cpu_62746.out; qec_work\wolffe_archive_20260730\extracted\home\22228049\qec_v237_cpu_62751.err; qec_work\wolffe_archive_20260730\extracted\home\22228049\qec_v237_cpu_62751.out; qec_work\wolffe_archive_20260730\extracted\home\22228049\qec_v237_melbourne_temporal_residual.py; qec_work\wolffe_archive_20260730\extracted\home\22228049\qec_v237_melbourne_temporal_residual.slurm; qec_work\wolffe_archive_20260730\extracted\home\22228049\qec_v237_melbourne_temporal_residual_cpu.slurm; qec_work\wolffe_archive_20260730\extracted\home\22228049\qec_v237_result.json; qec_work\wolffe_archive_20260730\extracted\home\22228049\qec_v237_results.csv,,,,,,,,QEC_RUN_MATRIX_V1_V392_20260731.csv,Z:\Meetings\Complete\22-7-2026\QEC_AI_PAPER_MASTER_20260717,C:\Users\22228049\.codex\github_publish\hardware-adaptive-qec-ibm,IBM real shots; phenomenological/Stim; correlated/drift,measured artifact,diagnostic/not promoted,Version V237 retained with original matrix fields; no missing fields were inferred.
V238,G3_spatiotemporal_attention_tuning,MWPM/PyMatching; graph/DEM; calibration/drift; ensemble/consensus; postselection/gate,hard syndrome; calibration/backend metadata,IBM real shots; phenomenological/Stim,unavailable,+0.00786 pp; -0.28302 pp,=0 else 'Z',unavailable,unavailable,unavailable,unavailable,148_V238_CALIBRATION_CONDITIONED_20260729\qec_v238_calibration_conditioned_residual.py; 148_V238_CALIBRATION_CONDITIONED_20260729\qec_v238_calibration_conditioned_residual.slurm; 148_V238_CALIBRATION_CONDITIONED_20260729\qec_v238_result.json; 148_V238_CALIBRATION_CONDITIONED_20260729\qec_v238_results.csv; 148_V238_CALIBRATION_CONDITIONED_20260729\V238_CALIBRATION_CONDITIONED_RECORD_20260729.md; qec_work\qec_v238_calibration_conditioned_residual.py; qec_work\qec_v238_calibration_conditioned_residual.slurm; qec_work\qec_v238_result.json; qec_work\qec_v238_results.csv; qec_work\V238_CALIBRATION_CONDITIONED_RECORD_20260729.md; qec_work\wolffe_archive_20260730\extracted\home\22228049\qec_v238wrap_62761.err; qec_work\wolffe_archive_20260730\extracted\home\22228049\qec_v238wrap_62761.out; qec_work\wolffe_archive_20260730\extracted\home\22228049\qec_v238_calibration_conditioned_residual.py; qec_work\wolffe_archive_20260730\extracted\home\22228049\qec_v238_calibration_conditioned_residual.slurm; qec_work\wolffe_archive_20260730\extracted\home\22228049\qec_v238_result.json; qec_work\wolffe_archive_20260730\extracted\home\22228049\qec_v238_results.csv; C:\Users\22228049\.codex\qec_work\qec_v238_calibration_conditioned_residual.py; C:\Users\22228049\.codex\qec_work\wolffe_archive_20260730\extracted\home\22228049\qec_v238_calibration_conditioned_residual.py,measured artifact found; diagnostic/protocol or pending,Use leave-one-domain-out calibration conditioning with a frozen gate and paired bootstrap; reject if either basis or domain regresses.,normal,not a V12 comparison,MWPM/BP-OSD comparator only when explicitly present; no claim if unavailable,late audit; 148_V238_CALIBRATION_CONDITIONED_20260729\qec_v238_calibration_conditioned_residual.py; 148_V238_CALIBRATION_CONDITIONED_20260729\qec_v238_calibration_conditioned_residual.slurm; 148_V238_CALIBRATION_CONDITIONED_20260729\qec_v238_result.json; 148_V238_CALIBRATION_CONDITIONED_20260729\qec_v238_results.csv; 148_V238_CALIBRATION_CONDITIONED_20260729\V238_CALIBRATION_CONDITIONED_RECORD_20260729.md; qec_work\qec_v238_calibration_conditioned_residual.py; qec_work\qec_v238_calibration_conditioned_residual.slurm; qec_work\qec_v238_result.json; qec_work\qec_v238_results.csv; qec_work\V238_CALIBRATION_CONDITIONED_RECORD_20260729.md; qec_work\wolffe_archive_20260730\extracted\home\22228049\qec_v238wrap_62761.err; qec_work\wolffe_archive_20260730\extracted\home\22228049\qec_v238wrap_62761.out; qec_work\wolffe_archive_20260730\extracted\home\22228049\qec_v238_calibration_conditioned_residual.py; qec_work\wolffe_archive_20260730\extracted\home\22228049\qec_v238_calibration_conditioned_residual.slurm; qec_work\wolffe_archive_20260730\extracted\home\22228049\qec_v238_result.json; qec_work\wolffe_archive_20260730\extracted\home\22228049\qec_v238_results.csv,,,,,,,,QEC_RUN_MATRIX_V1_V392_20260731.csv,Z:\Meetings\Complete\22-7-2026\QEC_AI_PAPER_MASTER_20260717,C:\Users\22228049\.codex\github_publish\hardware-adaptive-qec-ibm,IBM real shots; phenomenological/Stim,measured artifact,diagnostic/not promoted,Version V238 retained with original matrix fields; no missing fields were inferred.
V239,G3_spatiotemporal_attention_tuning,MWPM/PyMatching; graph/DEM; geometry/FAISS,hard syndrome; calibration/backend metadata,IBM real shots; phenomenological/Stim,8/,-0.36164 pp; -0.79403 pp,=0 else 'Z',unavailable,unavailable,unavailable,unavailable,149_V239_PHYSICS_ENERGY_20260729\qec_v239_physics_energy_residual.py; 149_V239_PHYSICS_ENERGY_20260729\qec_v239_physics_energy_residual.slurm; 149_V239_PHYSICS_ENERGY_20260729\qec_v239_result.json; 149_V239_PHYSICS_ENERGY_20260729\V239_PHYSICS_ENERGY_RECORD_20260729.md; qec_work\qec_v239_physics_energy_residual.py; qec_work\qec_v239_physics_energy_residual.slurm; qec_work\qec_v239_result.json; qec_work\V239_PHYSICS_ENERGY_RECORD_20260729.md; qec_work\wolffe_archive_20260730\extracted\home\22228049\qec_v239wrap_62768.err; qec_work\wolffe_archive_20260730\extracted\home\22228049\qec_v239wrap_62768.out; qec_work\wolffe_archive_20260730\extracted\home\22228049\qec_v239_physics_energy_residual.py; qec_work\wolffe_archive_20260730\extracted\home\22228049\qec_v239_physics_energy_residual.slurm; qec_work\wolffe_archive_20260730\extracted\home\22228049\qec_v239_result.json; C:\Users\22228049\.codex\qec_work\qec_v239_physics_energy_residual.py; C:\Users\22228049\.codex\qec_work\wolffe_archive_20260730\extracted\home\22228049\qec_v239_physics_energy_residual.py,measured artifact found; diagnostic/protocol or pending,Use leave-one-domain-out calibration conditioning with a frozen gate and paired bootstrap; reject if either basis or domain regresses.,normal,not a V12 comparison,MWPM/BP-OSD comparator only when explicitly present; no claim if unavailable,late audit; 149_V239_PHYSICS_ENERGY_20260729\qec_v239_physics_energy_residual.py; 149_V239_PHYSICS_ENERGY_20260729\qec_v239_physics_energy_residual.slurm; 149_V239_PHYSICS_ENERGY_20260729\qec_v239_result.json; 149_V239_PHYSICS_ENERGY_20260729\V239_PHYSICS_ENERGY_RECORD_20260729.md; qec_work\qec_v239_physics_energy_residual.py; qec_work\qec_v239_physics_energy_residual.slurm; qec_work\qec_v239_result.json; qec_work\V239_PHYSICS_ENERGY_RECORD_20260729.md; qec_work\wolffe_archive_20260730\extracted\home\22228049\qec_v239wrap_62768.err; qec_work\wolffe_archive_20260730\extracted\home\22228049\qec_v239wrap_62768.out; qec_work\wolffe_archive_20260730\extracted\home\22228049\qec_v239_physics_energy_residual.py; qec_work\wolffe_archive_20260730\extracted\home\22228049\qec_v239_physics_energy_residual.slurm; qec_work\wolffe_archive_20260730\extracted\home\22228049\qec_v239_result.json,,,,,,,,QEC_RUN_MATRIX_V1_V392_20260731.csv,Z:\Meetings\Complete\22-7-2026\QEC_AI_PAPER_MASTER_20260717,C:\Users\22228049\.codex\github_publish\hardware-adaptive-qec-ibm,IBM real shots; phenomenological/Stim,measured artifact,diagnostic/not promoted,Version V239 retained with original matrix fields; no missing fields were inferred.
V240,G3_spatiotemporal_attention_tuning,BP-OSD; MWPM/PyMatching; graph/DEM,hard syndrome; calibration/backend metadata,IBM real shots; phenomenological/Stim,unavailable,+0.44811 pp; -3.23899 pp,=0 else 'Z',unavailable,unavailable,unavailable,unavailable,150_V240_CANONICAL_BPOSD_20260729\qec_v240_canonical_bposd_real_shots.py; 150_V240_CANONICAL_BPOSD_20260729\qec_v240_canonical_bposd_real_shots.slurm; 150_V240_CANONICAL_BPOSD_20260729\qec_v240_result.json; 150_V240_CANONICAL_BPOSD_20260729\V240_CANONICAL_BPOSD_RECORD_20260729.md; qec_work\qec_v240_canonical_bposd_real_shots.py; qec_work\qec_v240_canonical_bposd_real_shots.slurm; qec_work\qec_v240_result.json; qec_work\V240_CANONICAL_BPOSD_RECORD_20260729.md; qec_work\wolffe_archive_20260730\extracted\home\22228049\qec_v240wrap_62771.err; qec_work\wolffe_archive_20260730\extracted\home\22228049\qec_v240wrap_62771.out; qec_work\wolffe_archive_20260730\extracted\home\22228049\qec_v240_canonical_bposd_real_shots.py; qec_work\wolffe_archive_20260730\extracted\home\22228049\qec_v240_canonical_bposd_real_shots.slurm; qec_work\wolffe_archive_20260730\extracted\home\22228049\qec_v240_result.json; C:\Users\22228049\.codex\qec_work\qec_v240_canonical_bposd_real_shots.py; C:\Users\22228049\.codex\qec_work\wolffe_archive_20260730\extracted\home\22228049\qec_v240_canonical_bposd_real_shots.py,measured artifact found; diagnostic/protocol or pending,"Use validation-selected BP/OSD only on disagreement and require per-basis/domain non-regression; estimate priors from calibration, not labels.",normal,not a V12 comparison,MWPM/BP-OSD comparator only when explicitly present; no claim if unavailable,late audit; 150_V240_CANONICAL_BPOSD_20260729\qec_v240_canonical_bposd_real_shots.py; 150_V240_CANONICAL_BPOSD_20260729\qec_v240_canonical_bposd_real_shots.slurm; 150_V240_CANONICAL_BPOSD_20260729\qec_v240_result.json; 150_V240_CANONICAL_BPOSD_20260729\V240_CANONICAL_BPOSD_RECORD_20260729.md; qec_work\qec_v240_canonical_bposd_real_shots.py; qec_work\qec_v240_canonical_bposd_real_shots.slurm; qec_work\qec_v240_result.json; qec_work\V240_CANONICAL_BPOSD_RECORD_20260729.md; qec_work\wolffe_archive_20260730\extracted\home\22228049\qec_v240wrap_62771.err; qec_work\wolffe_archive_20260730\extracted\home\22228049\qec_v240wrap_62771.out; qec_work\wolffe_archive_20260730\extracted\home\22228049\qec_v240_canonical_bposd_real_shots.py; qec_work\wolffe_archive_20260730\extracted\home\22228049\qec_v240_canonical_bposd_real_shots.slurm; qec_work\wolffe_archive_20260730\extracted\home\22228049\qec_v240_result.json,,,,,,,,QEC_RUN_MATRIX_V1_V392_20260731.csv,Z:\Meetings\Complete\22-7-2026\QEC_AI_PAPER_MASTER_20260717,C:\Users\22228049\.codex\github_publish\hardware-adaptive-qec-ibm,IBM real shots; phenomenological/Stim,measured artifact,diagnostic/not promoted,Version V240 retained with original matrix fields; no missing fields were inferred.
V241,G3_spatiotemporal_attention_tuning,BP-OSD; MWPM/PyMatching; graph/DEM,hard syndrome; calibration/backend metadata,IBM real shots; phenomenological/Stim,unavailable,+0.44811 pp; 0.00000 pp; +0.22406 pp,unavailable,unavailable,unavailable,unavailable,unavailable,151_V241_BASIS_BPOSD_HYBRID_20260729\qec_v241_basis_bposd_mwpm_hybrid.py; 151_V241_BASIS_BPOSD_HYBRID_20260729\qec_v241_basis_bposd_mwpm_hybrid.slurm; 151_V241_BASIS_BPOSD_HYBRID_20260729\qec_v241_result.json; 151_V241_BASIS_BPOSD_HYBRID_20260729\V241_BASIS_BPOSD_HYBRID_RECORD_20260729.md; qec_work\qec_v241_basis_bposd_mwpm_hybrid.py; qec_work\qec_v241_basis_bposd_mwpm_hybrid.slurm; qec_work\qec_v241_result.json; qec_work\V241_BASIS_BPOSD_HYBRID_RECORD_20260729.md; qec_work\wolffe_archive_20260730\extracted\home\22228049\qec_v241wrap_62775.err; qec_work\wolffe_archive_20260730\extracted\home\22228049\qec_v241wrap_62775.out; qec_work\wolffe_archive_20260730\extracted\home\22228049\qec_v241_basis_bposd_mwpm_hybrid.py; qec_work\wolffe_archive_20260730\extracted\home\22228049\qec_v241_basis_bposd_mwpm_hybrid.slurm; qec_work\wolffe_archive_20260730\extracted\home\22228049\qec_v241_result.json; C:\Users\22228049\.codex\qec_work\qec_v241_basis_bposd_mwpm_hybrid.py; C:\Users\22228049\.codex\qec_work\wolffe_archive_20260730\extracted\home\22228049\qec_v241_basis_bposd_mwpm_hybrid.py,measured artifact found; diagnostic/protocol or pending,"Use validation-selected BP/OSD only on disagreement and require per-basis/domain non-regression; estimate priors from calibration, not labels.",high,historical paired-V12 comparison,MWPM/BP-OSD comparator only when explicitly present; no claim if unavailable,late audit; 151_V241_BASIS_BPOSD_HYBRID_20260729\qec_v241_basis_bposd_mwpm_hybrid.py; 151_V241_BASIS_BPOSD_HYBRID_20260729\qec_v241_basis_bposd_mwpm_hybrid.slurm; 151_V241_BASIS_BPOSD_HYBRID_20260729\qec_v241_result.json; 151_V241_BASIS_BPOSD_HYBRID_20260729\V241_BASIS_BPOSD_HYBRID_RECORD_20260729.md; qec_work\qec_v241_basis_bposd_mwpm_hybrid.py; qec_work\qec_v241_basis_bposd_mwpm_hybrid.slurm; qec_work\qec_v241_result.json; qec_work\V241_BASIS_BPOSD_HYBRID_RECORD_20260729.md; qec_work\wolffe_archive_20260730\extracted\home\22228049\qec_v241wrap_62775.err; qec_work\wolffe_archive_20260730\extracted\home\22228049\qec_v241wrap_62775.out; qec_work\wolffe_archive_20260730\extracted\home\22228049\qec_v241_basis_bposd_mwpm_hybrid.py; qec_work\wolffe_archive_20260730\extracted\home\22228049\qec_v241_basis_bposd_mwpm_hybrid.slurm; qec_work\wolffe_archive_20260730\extracted\home\22228049\qec_v241_result.json,,,,,,,,QEC_RUN_MATRIX_V1_V392_20260731.csv,Z:\Meetings\Complete\22-7-2026\QEC_AI_PAPER_MASTER_20260717,C:\Users\22228049\.codex\github_publish\hardware-adaptive-qec-ibm,IBM real shots; phenomenological/Stim,measured artifact,diagnostic/not promoted,Version V241 retained with original matrix fields; no missing fields were inferred.
V242,G3_spatiotemporal_attention_tuning,BP-OSD; MWPM/PyMatching; graph/DEM; postselection/gate,hard syndrome; calibration/backend metadata,IBM real shots; phenomenological/Stim,unavailable,+0.18868 pp; 0.00000 pp,unavailable,unavailable,unavailable,unavailable,unavailable,152_V242_BPOSD_X_RATE_SELECTION_20260729\qec_v242_bposd_x_rate_selection.py; 152_V242_BPOSD_X_RATE_SELECTION_20260729\qec_v242_bposd_x_rate_selection.slurm; 152_V242_BPOSD_X_RATE_SELECTION_20260729\qec_v242_result.json; 152_V242_BPOSD_X_RATE_SELECTION_20260729\V242_BPOSD_X_RATE_SELECTION_RECORD_20260729.md; qec_work\qec_v242_bposd_x_rate_selection.py; qec_work\qec_v242_bposd_x_rate_selection.slurm; qec_work\qec_v242_result.json; qec_work\V242_BPOSD_X_RATE_SELECTION_RECORD_20260729.md; qec_work\wolffe_archive_20260730\extracted\home\22228049\qec_v242wrap_62776.err; qec_work\wolffe_archive_20260730\extracted\home\22228049\qec_v242wrap_62776.out; qec_work\wolffe_archive_20260730\extracted\home\22228049\qec_v242_bposd_x_rate_selection.py; qec_work\wolffe_archive_20260730\extracted\home\22228049\qec_v242_bposd_x_rate_selection.slurm; qec_work\wolffe_archive_20260730\extracted\home\22228049\qec_v242_result.json; C:\Users\22228049\.codex\qec_work\qec_v242_bposd_x_rate_selection.py; C:\Users\22228049\.codex\qec_work\wolffe_archive_20260730\extracted\home\22228049\qec_v242_bposd_x_rate_selection.py,measured artifact found; diagnostic/protocol or pending,"Use validation-selected BP/OSD only on disagreement and require per-basis/domain non-regression; estimate priors from calibration, not labels.",high,historical paired-V12 comparison,MWPM/BP-OSD comparator only when explicitly present; no claim if unavailable,late audit; 152_V242_BPOSD_X_RATE_SELECTION_20260729\qec_v242_bposd_x_rate_selection.py; 152_V242_BPOSD_X_RATE_SELECTION_20260729\qec_v242_bposd_x_rate_selection.slurm; 152_V242_BPOSD_X_RATE_SELECTION_20260729\qec_v242_result.json; 152_V242_BPOSD_X_RATE_SELECTION_20260729\V242_BPOSD_X_RATE_SELECTION_RECORD_20260729.md; qec_work\qec_v242_bposd_x_rate_selection.py; qec_work\qec_v242_bposd_x_rate_selection.slurm; qec_work\qec_v242_result.json; qec_work\V242_BPOSD_X_RATE_SELECTION_RECORD_20260729.md; qec_work\wolffe_archive_20260730\extracted\home\22228049\qec_v242wrap_62776.err; qec_work\wolffe_archive_20260730\extracted\home\22228049\qec_v242wrap_62776.out; qec_work\wolffe_archive_20260730\extracted\home\22228049\qec_v242_bposd_x_rate_selection.py; qec_work\wolffe_archive_20260730\extracted\home\22228049\qec_v242_bposd_x_rate_selection.slurm; qec_work\wolffe_archive_20260730\extracted\home\22228049\qec_v242_result.json,,,,,,,,QEC_RUN_MATRIX_V1_V392_20260731.csv,Z:\Meetings\Complete\22-7-2026\QEC_AI_PAPER_MASTER_20260717,C:\Users\22228049\.codex\github_publish\hardware-adaptive-qec-ibm,IBM real shots; phenomenological/Stim,measured artifact,diagnostic/not promoted,Version V242 retained with original matrix fields; no missing fields were inferred.
V243,G3_spatiotemporal_attention_tuning,BP-OSD; MWPM/PyMatching; graph/DEM,unavailable,phenomenological/Stim,unavailable,+0.44811 pp; -3.23899 pp; 0.00000 pp; +0.18868 pp,unavailable,unavailable,unavailable,unavailable,unavailable,160_V243_DECODER_COMPARISON_AUDIT_20260729\V243_DECODER_COMPARISON_AUDIT_20260729.md; V243_DECODER_COMPARISON_AUDIT_20260729.md; qec_work\V243_DECODER_COMPARISON_AUDIT_20260729.md,measured artifact found; diagnostic/protocol or pending,"Use validation-selected BP/OSD only on disagreement and require per-basis/domain non-regression; estimate priors from calibration, not labels.",normal,not a V12 comparison,MWPM/BP-OSD comparator only when explicitly present; no claim if unavailable,late audit; 160_V243_DECODER_COMPARISON_AUDIT_20260729\V243_DECODER_COMPARISON_AUDIT_20260729.md; V243_DECODER_COMPARISON_AUDIT_20260729.md; qec_work\V243_DECODER_COMPARISON_AUDIT_20260729.md,,,,,,,,QEC_RUN_MATRIX_V1_V392_20260731.csv,Z:\Meetings\Complete\22-7-2026\QEC_AI_PAPER_MASTER_20260717,C:\Users\22228049\.codex\github_publish\hardware-adaptive-qec-ibm,phenomenological/Stim,measured artifact,diagnostic/not promoted,Version V243 retained with original matrix fields; no missing fields were inferred.
V244,G3_spatiotemporal_attention_tuning,BP-OSD; MWPM/PyMatching; graph/DEM; postselection/gate,hard syndrome; calibration/backend metadata,IBM real shots; phenomenological/Stim,unavailable,+0.22799 pp; -0.52673 pp; -0.14937 pp,"= 0 else ""Z""] = { |  | X +0.22799 pp; = 0 else ""Z""] = {",unavailable,unavailable,unavailable,unavailable,153_V244_CONFIDENCE_GATED_BPOSD_20260729\qec_v244_confidence_gated_bposd.py; 153_V244_CONFIDENCE_GATED_BPOSD_20260729\qec_v244_confidence_gated_bposd.slurm; 153_V244_CONFIDENCE_GATED_BPOSD_20260729\qec_v244_result.json; 153_V244_CONFIDENCE_GATED_BPOSD_20260729\V244_CONFIDENCE_GATED_BPOSD_RECORD_20260729.md; qec_work\qec_v244_confidence_gated_bposd.py; qec_work\qec_v244_confidence_gated_bposd.slurm; qec_work\qec_v244_result.json; qec_work\V244_CONFIDENCE_GATED_BPOSD_RECORD_20260729.md; qec_work\wolffe_archive_20260730\extracted\home\22228049\qec_v244_62778.err; qec_work\wolffe_archive_20260730\extracted\home\22228049\qec_v244_62778.out; qec_work\wolffe_archive_20260730\extracted\home\22228049\qec_v244_62779.err; qec_work\wolffe_archive_20260730\extracted\home\22228049\qec_v244_62779.out; qec_work\wolffe_archive_20260730\extracted\home\22228049\qec_v244_62780.err; qec_work\wolffe_archive_20260730\extracted\home\22228049\qec_v244_62780.out; qec_work\wolffe_archive_20260730\extracted\home\22228049\qec_v244_62784.err; qec_work\wolffe_archive_20260730\extracted\home\22228049\qec_v244_62784.out; qec_work\wolffe_archive_20260730\extracted\home\22228049\qec_v244_62785.err; qec_work\wolffe_archive_20260730\extracted\home\22228049\qec_v244_62785.out; qec_work\wolffe_archive_20260730\extracted\home\22228049\qec_v244_62786.err; qec_work\wolffe_archive_20260730\extracted\home\22228049\qec_v244_62786.out; qec_work\wolffe_archive_20260730\extracted\home\22228049\qec_v244_confidence_gated_bposd.py; qec_work\wolffe_archive_20260730\extracted\home\22228049\qec_v244_confidence_gated_bposd.slurm; qec_work\wolffe_archive_20260730\extracted\home\22228049\qec_work\qec_v244_confidence_gated_bposd.py; qec_work\wolffe_archive_20260730\extracted\home\22228049\qec_work\qec_v244_confidence_gated_bposd.slurm; qec_work\wolffe_archive_20260730\extracted\home\22228049\qec_work\qec_v244_result.json; C:\Users\22228049\.codex\qec_work\qec_v244_confidence_gated_bposd.py; C:\Users\22228049\.codex\qec_work\wolffe_archive_20260730\extracted\home\22228049\qec_v244_confidence_gated_bposd.py; C:\Users\22228049\.codex\qec_work\wolffe_archive_20260730\extracted\home\22228049\qec_work\qec_v244_confidence_gated_bposd.py,measured artifact found; diagnostic/protocol or pending,"Use validation-selected BP/OSD only on disagreement and require per-basis/domain non-regression; estimate priors from calibration, not labels.",high,historical paired-V12 comparison,MWPM/BP-OSD comparator only when explicitly present; no claim if unavailable,late audit; 153_V244_CONFIDENCE_GATED_BPOSD_20260729\qec_v244_confidence_gated_bposd.py; 153_V244_CONFIDENCE_GATED_BPOSD_20260729\qec_v244_confidence_gated_bposd.slurm; 153_V244_CONFIDENCE_GATED_BPOSD_20260729\qec_v244_result.json; 153_V244_CONFIDENCE_GATED_BPOSD_20260729\V244_CONFIDENCE_GATED_BPOSD_RECORD_20260729.md; qec_work\qec_v244_confidence_gated_bposd.py; qec_work\qec_v244_confidence_gated_bposd.slurm; qec_work\qec_v244_result.json; qec_work\V244_CONFIDENCE_GATED_BPOSD_RECORD_20260729.md; qec_work\wolffe_archive_20260730\extracted\home\22228049\qec_v244_62778.err; qec_work\wolffe_archive_20260730\extracted\home\22228049\qec_v244_62778.out; qec_work\wolffe_archive_20260730\extracted\home\22228049\qec_v244_62779.err; qec_work\wolffe_archive_20260730\extracted\home\22228049\qec_v244_62779.out; qec_work\wolffe_archive_20260730\extracted\home\22228049\qec_v244_62780.err; qec_work\wolffe_archive_20260730\extracted\home\22228049\qec_v244_62780.out; qec_work\wolffe_archive_20260730\extracted\home\22228049\qec_v244_62784.err; qec_work\wolffe_archive_20260730\extracted\home\22228049\qec_v244_62784.out; qec_work\wolffe_archive_20260730\extracted\home\22228049\qec_v244_62785.err; qec_work\wolffe_archive_20260730\extracted\home\22228049\qec_v244_62785.out; qec_work\wolffe_archive_20260730\extracted\home\22228049\qec_v244_62786.err; qec_work\wolffe_archive_20260730\extracted\home\22228049\qec_v244_62786.out; qec_work\wolffe_archive_20260730\extracted\home\22228049\qec_v244_confidence_gated_bposd.py; qec_work\wolffe_archive_20260730\extracted\home\22228049\qec_v244_confidence_gated_bposd.slurm; qec_work\wolffe_archive_20260730\extracted\home\22228049\qec_work\qec_v244_confidence_gated_bposd.py; qec_work\wolffe_archive_20260730\extracted\home\22228049\qec_work\qec_v244_confidence_gated_bposd.slurm; qec_work\wolffe_archive_20260730\extracted\home\22228049\qec_work\qec_v244_result.json,,,,,,,,QEC_RUN_MATRIX_V1_V392_20260731.csv,Z:\Meetings\Complete\22-7-2026\QEC_AI_PAPER_MASTER_20260717,C:\Users\22228049\.codex\github_publish\hardware-adaptive-qec-ibm,IBM real shots; phenomenological/Stim,measured artifact,diagnostic/not promoted,Version V244 retained with original matrix fields; no missing fields were inferred.
V245,G3_spatiotemporal_attention_tuning,BP-OSD; MWPM/PyMatching; graph/DEM; postselection/gate,hard syndrome; calibration/backend metadata,IBM real shots; phenomenological/Stim,unavailable,-0.53459 pp,unavailable,unavailable,unavailable,unavailable,unavailable,154_V245_CONFIG_CONDITIONED_GATE_20260729\qec_v245_config_conditioned_gate.py; 154_V245_CONFIG_CONDITIONED_GATE_20260729\qec_v245_config_conditioned_gate.slurm; 154_V245_CONFIG_CONDITIONED_GATE_20260729\qec_v245_result.json; 154_V245_CONFIG_CONDITIONED_GATE_20260729\V245_CONFIG_CONDITIONED_GATE_RECORD_20260729.md; qec_work\qec_v245_config_conditioned_gate.py; qec_work\qec_v245_config_conditioned_gate.slurm; qec_work\qec_v245_result.json; qec_work\V245_CONFIG_CONDITIONED_GATE_RECORD_20260729.md; qec_work\wolffe_archive_20260730\extracted\home\22228049\qec_v245_62816.err; qec_work\wolffe_archive_20260730\extracted\home\22228049\qec_v245_62816.out; qec_work\wolffe_archive_20260730\extracted\home\22228049\qec_work\qec_v245_config_conditioned_gate.py; qec_work\wolffe_archive_20260730\extracted\home\22228049\qec_work\qec_v245_config_conditioned_gate.slurm; qec_work\wolffe_archive_20260730\extracted\home\22228049\qec_work\qec_v245_result.json; C:\Users\22228049\.codex\qec_work\qec_v245_config_conditioned_gate.py; C:\Users\22228049\.codex\qec_work\wolffe_archive_20260730\extracted\home\22228049\qec_work\qec_v245_config_conditioned_gate.py,measured artifact found; diagnostic/protocol or pending,"Use validation-selected BP/OSD only on disagreement and require per-basis/domain non-regression; estimate priors from calibration, not labels.",normal,not a V12 comparison,MWPM/BP-OSD comparator only when explicitly present; no claim if unavailable,late audit; 154_V245_CONFIG_CONDITIONED_GATE_20260729\qec_v245_config_conditioned_gate.py; 154_V245_CONFIG_CONDITIONED_GATE_20260729\qec_v245_config_conditioned_gate.slurm; 154_V245_CONFIG_CONDITIONED_GATE_20260729\qec_v245_result.json; 154_V245_CONFIG_CONDITIONED_GATE_20260729\V245_CONFIG_CONDITIONED_GATE_RECORD_20260729.md; qec_work\qec_v245_config_conditioned_gate.py; qec_work\qec_v245_config_conditioned_gate.slurm; qec_work\qec_v245_result.json; qec_work\V245_CONFIG_CONDITIONED_GATE_RECORD_20260729.md; qec_work\wolffe_archive_20260730\extracted\home\22228049\qec_v245_62816.err; qec_work\wolffe_archive_20260730\extracted\home\22228049\qec_v245_62816.out; qec_work\wolffe_archive_20260730\extracted\home\22228049\qec_work\qec_v245_config_conditioned_gate.py; qec_work\wolffe_archive_20260730\extracted\home\22228049\qec_work\qec_v245_config_conditioned_gate.slurm; qec_work\wolffe_archive_20260730\extracted\home\22228049\qec_work\qec_v245_result.json,,,,,,,,QEC_RUN_MATRIX_V1_V392_20260731.csv,Z:\Meetings\Complete\22-7-2026\QEC_AI_PAPER_MASTER_20260717,C:\Users\22228049\.codex\github_publish\hardware-adaptive-qec-ibm,IBM real shots; phenomenological/Stim,measured artifact,diagnostic/not promoted,Version V245 retained with original matrix fields; no missing fields were inferred.
V246,G3_spatiotemporal_attention_tuning,MWPM/PyMatching; graph/DEM; calibration/drift; ensemble/consensus; postselection/gate,soft/LLR or analog; hard syndrome; calibration/backend metadata,IBM real shots; phenomenological/Stim; domain/held-out,unavailable,0.00000 pp,=0 else 'Z']={'test_shots':len(ti),unavailable,unavailable,unavailable,unavailable,155_V246_DOMAIN_DIVERSE_RESIDUAL_20260729\qec_v246_domain_diverse_residual_ensemble.py; 155_V246_DOMAIN_DIVERSE_RESIDUAL_20260729\qec_v246_domain_diverse_residual_ensemble.slurm; 155_V246_DOMAIN_DIVERSE_RESIDUAL_20260729\qec_v246_result.json; 155_V246_DOMAIN_DIVERSE_RESIDUAL_20260729\V246_DOMAIN_DIVERSE_RESIDUAL_RECORD_20260729.md; qec_work\qec_v246_domain_diverse_residual_ensemble.py; qec_work\qec_v246_domain_diverse_residual_ensemble.slurm; qec_work\qec_v246_result.json; qec_work\V246_DOMAIN_DIVERSE_RESIDUAL_RECORD_20260729.md; qec_work\wolffe_archive_20260730\extracted\home\22228049\qec_v246_62827.err; qec_work\wolffe_archive_20260730\extracted\home\22228049\qec_v246_62827.out; qec_work\wolffe_archive_20260730\extracted\home\22228049\qec_v246_62833.err; qec_work\wolffe_archive_20260730\extracted\home\22228049\qec_v246_62833.out; qec_work\wolffe_archive_20260730\extracted\home\22228049\qec_v246_62838.err; qec_work\wolffe_archive_20260730\extracted\home\22228049\qec_v246_62838.out; qec_work\wolffe_archive_20260730\extracted\home\22228049\qec_v246_62839.err; qec_work\wolffe_archive_20260730\extracted\home\22228049\qec_v246_62839.out; qec_work\wolffe_archive_20260730\extracted\home\22228049\qec_v246_62843.err; qec_work\wolffe_archive_20260730\extracted\home\22228049\qec_v246_62843.out; qec_work\wolffe_archive_20260730\extracted\home\22228049\qec_work\qec_v246_domain_diverse_residual_ensemble.py; qec_work\wolffe_archive_20260730\extracted\home\22228049\qec_work\qec_v246_domain_diverse_residual_ensemble.slurm; qec_work\wolffe_archive_20260730\extracted\home\22228049\qec_work\qec_v246_result.json; C:\Users\22228049\.codex\qec_work\qec_v246_domain_diverse_residual_ensemble.py; C:\Users\22228049\.codex\qec_work\wolffe_archive_20260730\extracted\home\22228049\qec_work\qec_v246_domain_diverse_residual_ensemble.py,measured artifact found; diagnostic/protocol or pending,Use leave-one-domain-out calibration conditioning with a frozen gate and paired bootstrap; reject if either basis or domain regresses.,normal,not a V12 comparison,MWPM/BP-OSD comparator only when explicitly present; no claim if unavailable,late audit; 155_V246_DOMAIN_DIVERSE_RESIDUAL_20260729\qec_v246_domain_diverse_residual_ensemble.py; 155_V246_DOMAIN_DIVERSE_RESIDUAL_20260729\qec_v246_domain_diverse_residual_ensemble.slurm; 155_V246_DOMAIN_DIVERSE_RESIDUAL_20260729\qec_v246_result.json; 155_V246_DOMAIN_DIVERSE_RESIDUAL_20260729\V246_DOMAIN_DIVERSE_RESIDUAL_RECORD_20260729.md; qec_work\qec_v246_domain_diverse_residual_ensemble.py; qec_work\qec_v246_domain_diverse_residual_ensemble.slurm; qec_work\qec_v246_result.json; qec_work\V246_DOMAIN_DIVERSE_RESIDUAL_RECORD_20260729.md; qec_work\wolffe_archive_20260730\extracted\home\22228049\qec_v246_62827.err; qec_work\wolffe_archive_20260730\extracted\home\22228049\qec_v246_62827.out; qec_work\wolffe_archive_20260730\extracted\home\22228049\qec_v246_62833.err; qec_work\wolffe_archive_20260730\extracted\home\22228049\qec_v246_62833.out; qec_work\wolffe_archive_20260730\extracted\home\22228049\qec_v246_62838.err; qec_work\wolffe_archive_20260730\extracted\home\22228049\qec_v246_62838.out; qec_work\wolffe_archive_20260730\extracted\home\22228049\qec_v246_62839.err; qec_work\wolffe_archive_20260730\extracted\home\22228049\qec_v246_62839.out; qec_work\wolffe_archive_20260730\extracted\home\22228049\qec_v246_62843.err; qec_work\wolffe_archive_20260730\extracted\home\22228049\qec_v246_62843.out; qec_work\wolffe_archive_20260730\extracted\home\22228049\qec_work\qec_v246_domain_diverse_residual_ensemble.py; qec_work\wolffe_archive_20260730\extracted\home\22228049\qec_work\qec_v246_domain_diverse_residual_ensemble.slurm; qec_work\wolffe_archive_20260730\extracted\home\22228049\qec_work\qec_v246_result.json,,,,,,,,QEC_RUN_MATRIX_V1_V392_20260731.csv,Z:\Meetings\Complete\22-7-2026\QEC_AI_PAPER_MASTER_20260717,C:\Users\22228049\.codex\github_publish\hardware-adaptive-qec-ibm,IBM real shots; phenomenological/Stim; domain/held-out,measured artifact,diagnostic/not promoted,Version V246 retained with original matrix fields; no missing fields were inferred.
V247,G3_spatiotemporal_attention_tuning,geometry/FAISS,unavailable,unavailable,unavailable,unavailable,unavailable,unavailable,unavailable,unavailable,unavailable,qec_work\V247_FAISS_GEOMETRY_AUDIT_RECORD_20260729.md,measured artifact found; diagnostic/protocol or pending,"Test as a label-free feature or gate only, with strict frozen V12 fallback and separate X/Z/domain thresholds.",normal,not a V12 comparison,MWPM/BP-OSD comparator only when explicitly present; no claim if unavailable,late audit; qec_work\V247_FAISS_GEOMETRY_AUDIT_RECORD_20260729.md,,,,,,,,QEC_RUN_MATRIX_V1_V392_20260731.csv,Z:\Meetings\Complete\22-7-2026\QEC_AI_PAPER_MASTER_20260717,C:\Users\22228049\.codex\github_publish\hardware-adaptive-qec-ibm,unavailable,measured artifact,diagnostic/not promoted,Version V247 retained with original matrix fields; no missing fields were inferred.
V248,G3_spatiotemporal_attention_tuning,MWPM/PyMatching; graph/DEM; calibration/drift; postselection/gate,soft/LLR or analog; hard syndrome; calibration/backend metadata,IBM real shots; phenomenological/Stim; domain/held-out,unavailable,-0.57390 pp; -1.17925 pp; -0.87657 pp,unavailable,unavailable,unavailable,unavailable,unavailable,157_V248_V12_TRAINING_DISCIPLINE_20260729\qec_v248_result.json; 157_V248_V12_TRAINING_DISCIPLINE_20260729\qec_v248_v12_training_discipline_ablation.py; 157_V248_V12_TRAINING_DISCIPLINE_20260729\qec_v248_v12_training_discipline_ablation.slurm; 157_V248_V12_TRAINING_DISCIPLINE_20260729\V248_V12_TRAINING_DISCIPLINE_RECORD_20260729.md; qec_work\qec_v248_result.json; qec_work\qec_v248_v12_training_discipline_ablation.py; qec_work\qec_v248_v12_training_discipline_ablation.slurm; qec_work\V248_V12_TRAINING_DISCIPLINE_RECORD_20260729.md; qec_work\wolffe_archive_20260730\extracted\home\22228049\qec_v248_62855.err; qec_work\wolffe_archive_20260730\extracted\home\22228049\qec_v248_62855.out; qec_work\wolffe_archive_20260730\extracted\home\22228049\qec_v248_62859.err; qec_work\wolffe_archive_20260730\extracted\home\22228049\qec_v248_62859.out; qec_work\wolffe_archive_20260730\extracted\home\22228049\qec_work\qec_v248_result.json; qec_work\wolffe_archive_20260730\extracted\home\22228049\qec_work\qec_v248_v12_training_discipline_ablation.py; qec_work\wolffe_archive_20260730\extracted\home\22228049\qec_work\qec_v248_v12_training_discipline_ablation.slurm; C:\Users\22228049\.codex\qec_work\qec_v248_v12_training_discipline_ablation.py; C:\Users\22228049\.codex\qec_work\wolffe_archive_20260730\extracted\home\22228049\qec_work\qec_v248_v12_training_discipline_ablation.py,measured artifact found; diagnostic/protocol or pending,Use leave-one-domain-out calibration conditioning with a frozen gate and paired bootstrap; reject if either basis or domain regresses.,normal,not a V12 comparison,MWPM/BP-OSD comparator only when explicitly present; no claim if unavailable,late audit; 157_V248_V12_TRAINING_DISCIPLINE_20260729\qec_v248_result.json; 157_V248_V12_TRAINING_DISCIPLINE_20260729\qec_v248_v12_training_discipline_ablation.py; 157_V248_V12_TRAINING_DISCIPLINE_20260729\qec_v248_v12_training_discipline_ablation.slurm; 157_V248_V12_TRAINING_DISCIPLINE_20260729\V248_V12_TRAINING_DISCIPLINE_RECORD_20260729.md; qec_work\qec_v248_result.json; qec_work\qec_v248_v12_training_discipline_ablation.py; qec_work\qec_v248_v12_training_discipline_ablation.slurm; qec_work\V248_V12_TRAINING_DISCIPLINE_RECORD_20260729.md; qec_work\wolffe_archive_20260730\extracted\home\22228049\qec_v248_62855.err; qec_work\wolffe_archive_20260730\extracted\home\22228049\qec_v248_62855.out; qec_work\wolffe_archive_20260730\extracted\home\22228049\qec_v248_62859.err; qec_work\wolffe_archive_20260730\extracted\home\22228049\qec_v248_62859.out; qec_work\wolffe_archive_20260730\extracted\home\22228049\qec_work\qec_v248_result.json; qec_work\wolffe_archive_20260730\extracted\home\22228049\qec_work\qec_v248_v12_training_discipline_ablation.py; qec_work\wolffe_archive_20260730\extracted\home\22228049\qec_work\qec_v248_v12_training_discipline_ablation.slurm,,,,,,,,QEC_RUN_MATRIX_V1_V392_20260731.csv,Z:\Meetings\Complete\22-7-2026\QEC_AI_PAPER_MASTER_20260717,C:\Users\22228049\.codex\github_publish\hardware-adaptive-qec-ibm,IBM real shots; phenomenological/Stim; domain/held-out,measured artifact,diagnostic/not promoted,Version V248 retained with original matrix fields; no missing fields were inferred.
V249,G3_spatiotemporal_attention_tuning,BP-OSD; MWPM/PyMatching; graph/DEM; postselection/gate,hard syndrome; calibration/backend metadata,IBM real shots; phenomenological/Stim,unavailable,+0.22799 pp; -0.52673 pp; -0.14937 pp,"= 0 else ""Z""] = { |  | X +0.22799 pp; = 0 else ""Z""] = {",unavailable,unavailable,unavailable,unavailable,158_V249_ACTIVITY_GATED_BPOSD_20260729\qec_v249_activity_gated_bposd.py; 158_V249_ACTIVITY_GATED_BPOSD_20260729\qec_v249_activity_gated_bposd.slurm; 158_V249_ACTIVITY_GATED_BPOSD_20260729\qec_v249_result.json; 158_V249_ACTIVITY_GATED_BPOSD_20260729\V249_ACTIVITY_GATED_BPOSD_RECORD_20260729.md; qec_work\qec_v249_activity_gated_bposd.py; qec_work\qec_v249_activity_gated_bposd.slurm; qec_work\qec_v249_result.json; qec_work\V249_ACTIVITY_GATED_BPOSD_RECORD_20260729.md; qec_work\wolffe_archive_20260730\extracted\home\22228049\qec_v249_62864.err; qec_work\wolffe_archive_20260730\extracted\home\22228049\qec_v249_62864.out; qec_work\wolffe_archive_20260730\extracted\home\22228049\qec_work\qec_v249_activity_gated_bposd.py; qec_work\wolffe_archive_20260730\extracted\home\22228049\qec_work\qec_v249_activity_gated_bposd.slurm; qec_work\wolffe_archive_20260730\extracted\home\22228049\qec_work\qec_v249_result.json; C:\Users\22228049\.codex\qec_work\qec_v249_activity_gated_bposd.py; C:\Users\22228049\.codex\qec_work\wolffe_archive_20260730\extracted\home\22228049\qec_work\qec_v249_activity_gated_bposd.py,measured artifact found; diagnostic/protocol or pending,"Use validation-selected BP/OSD only on disagreement and require per-basis/domain non-regression; estimate priors from calibration, not labels.",normal,not a V12 comparison,MWPM/BP-OSD comparator only when explicitly present; no claim if unavailable,late audit; 158_V249_ACTIVITY_GATED_BPOSD_20260729\qec_v249_activity_gated_bposd.py; 158_V249_ACTIVITY_GATED_BPOSD_20260729\qec_v249_activity_gated_bposd.slurm; 158_V249_ACTIVITY_GATED_BPOSD_20260729\qec_v249_result.json; 158_V249_ACTIVITY_GATED_BPOSD_20260729\V249_ACTIVITY_GATED_BPOSD_RECORD_20260729.md; qec_work\qec_v249_activity_gated_bposd.py; qec_work\qec_v249_activity_gated_bposd.slurm; qec_work\qec_v249_result.json; qec_work\V249_ACTIVITY_GATED_BPOSD_RECORD_20260729.md; qec_work\wolffe_archive_20260730\extracted\home\22228049\qec_v249_62864.err; qec_work\wolffe_archive_20260730\extracted\home\22228049\qec_v249_62864.out; qec_work\wolffe_archive_20260730\extracted\home\22228049\qec_work\qec_v249_activity_gated_bposd.py; qec_work\wolffe_archive_20260730\extracted\home\22228049\qec_work\qec_v249_activity_gated_bposd.slurm; qec_work\wolffe_archive_20260730\extracted\home\22228049\qec_work\qec_v249_result.json,,,,,,,,QEC_RUN_MATRIX_V1_V392_20260731.csv,Z:\Meetings\Complete\22-7-2026\QEC_AI_PAPER_MASTER_20260717,C:\Users\22228049\.codex\github_publish\hardware-adaptive-qec-ibm,IBM real shots; phenomenological/Stim,measured artifact,diagnostic/not promoted,Version V249 retained with original matrix fields; no missing fields were inferred.
V250,G3_spatiotemporal_attention_tuning,MWPM/PyMatching; graph/DEM; calibration/drift; ensemble/consensus,hard syndrome; calibration/backend metadata,IBM real shots; phenomenological/Stim,unavailable,0.00000 pp,"=0 else ""Z""]={""test_shots"":int(len(te))",unavailable,unavailable,unavailable,unavailable,159_V250_HARMONIZED_MWPM_ENSEMBLE_20260729\qec_v250_harmonized_mwpm_ensemble.py; 159_V250_HARMONIZED_MWPM_ENSEMBLE_20260729\qec_v250_harmonized_mwpm_ensemble.slurm; 159_V250_HARMONIZED_MWPM_ENSEMBLE_20260729\qec_v250_result.json; 159_V250_HARMONIZED_MWPM_ENSEMBLE_20260729\V250_HARMONIZED_MWPM_ENSEMBLE_RECORD_20260729.md; qec_work\qec_v250_harmonized_mwpm_ensemble.py; qec_work\qec_v250_harmonized_mwpm_ensemble.slurm; qec_work\qec_v250_result.json; qec_work\V250_HARMONIZED_MWPM_ENSEMBLE_RECORD_20260729.md; qec_work\wolffe_archive_20260730\extracted\home\22228049\qec_v250_62881.err; qec_work\wolffe_archive_20260730\extracted\home\22228049\qec_v250_62881.out; qec_work\wolffe_archive_20260730\extracted\home\22228049\qec_work\qec_v250_harmonized_mwpm_ensemble.py; qec_work\wolffe_archive_20260730\extracted\home\22228049\qec_work\qec_v250_harmonized_mwpm_ensemble.slurm; qec_work\wolffe_archive_20260730\extracted\home\22228049\qec_work\qec_v250_result.json; C:\Users\22228049\.codex\qec_work\qec_v250_harmonized_mwpm_ensemble.py; C:\Users\22228049\.codex\qec_work\wolffe_archive_20260730\extracted\home\22228049\qec_work\qec_v250_harmonized_mwpm_ensemble.py,measured artifact found; diagnostic/protocol or pending,Use leave-one-domain-out calibration conditioning with a frozen gate and paired bootstrap; reject if either basis or domain regresses.,normal,not a V12 comparison,MWPM/BP-OSD comparator only when explicitly present; no claim if unavailable,late audit; 159_V250_HARMONIZED_MWPM_ENSEMBLE_20260729\qec_v250_harmonized_mwpm_ensemble.py; 159_V250_HARMONIZED_MWPM_ENSEMBLE_20260729\qec_v250_harmonized_mwpm_ensemble.slurm; 159_V250_HARMONIZED_MWPM_ENSEMBLE_20260729\qec_v250_result.json; 159_V250_HARMONIZED_MWPM_ENSEMBLE_20260729\V250_HARMONIZED_MWPM_ENSEMBLE_RECORD_20260729.md; qec_work\qec_v250_harmonized_mwpm_ensemble.py; qec_work\qec_v250_harmonized_mwpm_ensemble.slurm; qec_work\qec_v250_result.json; qec_work\V250_HARMONIZED_MWPM_ENSEMBLE_RECORD_20260729.md; qec_work\wolffe_archive_20260730\extracted\home\22228049\qec_v250_62881.err; qec_work\wolffe_archive_20260730\extracted\home\22228049\qec_v250_62881.out; qec_work\wolffe_archive_20260730\extracted\home\22228049\qec_work\qec_v250_harmonized_mwpm_ensemble.py; qec_work\wolffe_archive_20260730\extracted\home\22228049\qec_work\qec_v250_harmonized_mwpm_ensemble.slurm; qec_work\wolffe_archive_20260730\extracted\home\22228049\qec_work\qec_v250_result.json,,,,,,,,QEC_RUN_MATRIX_V1_V392_20260731.csv,Z:\Meetings\Complete\22-7-2026\QEC_AI_PAPER_MASTER_20260717,C:\Users\22228049\.codex\github_publish\hardware-adaptive-qec-ibm,IBM real shots; phenomenological/Stim,measured artifact,diagnostic/not promoted,Version V250 retained with original matrix fields; no missing fields were inferred.
V251,G4_retrospective_frontier,BP-OSD; MWPM/PyMatching; neural/ML; graph/DEM; calibration/drift; ensemble/consensus; postselection/gate; geometry/FAISS,soft/LLR or analog; hard syndrome; calibration/backend metadata,IBM real shots; phenomenological/Stim; correlated/drift; domain/held-out,unavailable,+0.02083 pp; -0.18056 pp; -0.07986 pp,=0 else 'Z']={'test_shots':int(len(te)),unavailable,unavailable,unavailable,unavailable,162_V251_CONFORMAL_V12_MWPM_GATE_20260729\qec_v251_conformal_v12_mwpm_gate.py; 162_V251_CONFORMAL_V12_MWPM_GATE_20260729\qec_v251_conformal_v12_mwpm_gate.slurm; 162_V251_CONFORMAL_V12_MWPM_GATE_20260729\qec_v251_result.json; 162_V251_CONFORMAL_V12_MWPM_GATE_20260729\V251_CONFORMAL_V12_MWPM_GATE_RECORD_20260729.md; qec_work\audit_versions_v126_v251.py; qec_work\build_qec_run_matrix_v1_v251.py; qec_work\build_v126_v251_manifest.py; qec_work\build_version_audit_v1_v251.py; qec_work\QEC_V126_V251_LOCAL_SHA256_MANIFEST_20260730.csv; qec_work\qec_v251_conformal_v12_mwpm_gate.py; qec_work\qec_v251_conformal_v12_mwpm_gate.slurm; qec_work\qec_v251_result.json; qec_work\QEC_VERSION_AUDIT_V126_V251_20260730.csv; qec_work\QEC_VERSION_AUDIT_V126_V251_20260730.md; qec_work\QEC_VERSION_AUDIT_V1_V251_20260730.csv; qec_work\V251_CONFORMAL_V12_MWPM_GATE_RECORD_20260729.md; qec_work\wolffe_archive_20260730\extracted\home\22228049\qec_v251_62906.err; qec_work\wolffe_archive_20260730\extracted\home\22228049\qec_v251_62906.out; qec_work\wolffe_archive_20260730\extracted\home\22228049\qec_work\qec_v251_conformal_v12_mwpm_gate.py; qec_work\wolffe_archive_20260730\extracted\home\22228049\qec_work\qec_v251_conformal_v12_mwpm_gate.slurm; qec_work\wolffe_archive_20260730\extracted\home\22228049\qec_work\qec_v251_result.json; qec_work\wolffe_archive_20260730\metadata\QEC_VERSION_AUDIT_V1_V251_20260730.csv; C:\Users\22228049\.codex\qec_work\audit_versions_v126_v251.py; C:\Users\22228049\.codex\qec_work\build_qec_run_matrix_v1_v251.py; C:\Users\22228049\.codex\qec_work\build_v126_v251_manifest.py; C:\Users\22228049\.codex\qec_work\build_version_audit_v1_v251.py; C:\Users\22228049\.codex\qec_work\qec_v251_conformal_v12_mwpm_gate.py; C:\Users\22228049\.codex\qec_work\wolffe_archive_20260730\extracted\home\22228049\qec_work\qec_v251_conformal_v12_mwpm_gate.py,measured artifact found; diagnostic/protocol or pending,"Run a frozen, untouched IBM block with V12 fallback; report X/Z/domain confidence intervals before promotion.",high,historical paired-V12 comparison,MWPM/BP-OSD comparator only when explicitly present; no claim if unavailable,late audit; 162_V251_CONFORMAL_V12_MWPM_GATE_20260729\qec_v251_conformal_v12_mwpm_gate.py; 162_V251_CONFORMAL_V12_MWPM_GATE_20260729\qec_v251_conformal_v12_mwpm_gate.slurm; 162_V251_CONFORMAL_V12_MWPM_GATE_20260729\qec_v251_result.json; 162_V251_CONFORMAL_V12_MWPM_GATE_20260729\V251_CONFORMAL_V12_MWPM_GATE_RECORD_20260729.md; qec_work\audit_versions_v126_v251.py; qec_work\build_qec_run_matrix_v1_v251.py; qec_work\build_v126_v251_manifest.py; qec_work\build_version_audit_v1_v251.py; qec_work\QEC_V126_V251_LOCAL_SHA256_MANIFEST_20260730.csv; qec_work\qec_v251_conformal_v12_mwpm_gate.py; qec_work\qec_v251_conformal_v12_mwpm_gate.slurm; qec_work\qec_v251_result.json; qec_work\QEC_VERSION_AUDIT_V126_V251_20260730.csv; qec_work\QEC_VERSION_AUDIT_V126_V251_20260730.md; qec_work\QEC_VERSION_AUDIT_V1_V251_20260730.csv; qec_work\V251_CONFORMAL_V12_MWPM_GATE_RECORD_20260729.md; qec_work\wolffe_archive_20260730\extracted\home\22228049\qec_v251_62906.err; qec_work\wolffe_archive_20260730\extracted\home\22228049\qec_v251_62906.out; qec_work\wolffe_archive_20260730\extracted\home\22228049\qec_work\qec_v251_conformal_v12_mwpm_gate.py; qec_work\wolffe_archive_20260730\extracted\home\22228049\qec_work\qec_v251_conformal_v12_mwpm_gate.slurm; qec_work\wolffe_archive_20260730\extracted\home\22228049\qec_work\qec_v251_result.json; qec_work\wolffe_archive_20260730\metadata\QEC_VERSION_AUDIT_V1_V251_20260730.csv,,,,,,,,QEC_RUN_MATRIX_V1_V392_20260731.csv,Z:\Meetings\Complete\22-7-2026\QEC_AI_PAPER_MASTER_20260717,C:\Users\22228049\.codex\github_publish\hardware-adaptive-qec-ibm,IBM real shots; phenomenological/Stim; correlated/drift; domain/held-out,measured artifact,diagnostic/not promoted,Version V251 retained with original matrix fields; no missing fields were inferred.
V252,G4_retrospective_frontier,operation graph; calibration conditioning,hard syndrome; calibration/backend metadata,IBM real shots; held-out split,unavailable,+0.00000 pp,X/Z split; V68 Kingston,108000,unavailable,unavailable,unavailable,unavailable,measured historical diagnostic; not promoted,Prospective exact DEM/QPY plus soft IQ and fresh paired V12 block,high,historical paired-V12 comparison,nominal baseline; no promotion,unavailable,,,,,,,,QEC_RUN_MATRIX_V1_V392_20260731.csv,Z:\Meetings\Complete\22-7-2026\QEC_AI_PAPER_MASTER_20260717,C:\Users\22228049\.codex\github_publish\hardware-adaptive-qec-ibm,IBM real shots; held-out split,measured artifact,diagnostic/not promoted,Version V252 retained with original matrix fields; no missing fields were inferred.
V253,G4_retrospective_frontier,operation graph; calibration conditioning; disagreement router,hard syndrome; calibration/backend metadata,IBM real shots; held-out split,unavailable,+0.04630 pp,X/Z split; V68 Kingston,108000,unavailable,unavailable,unavailable,unavailable,measured historical diagnostic; not promoted,Prospective exact DEM/QPY plus soft IQ and fresh paired V12 block,high,historical paired-V12 comparison,nominal baseline; no promotion,unavailable,,,,,,,,QEC_RUN_MATRIX_V1_V392_20260731.csv,Z:\Meetings\Complete\22-7-2026\QEC_AI_PAPER_MASTER_20260717,C:\Users\22228049\.codex\github_publish\hardware-adaptive-qec-ibm,IBM real shots; held-out split,measured artifact,diagnostic/not promoted,Version V253 retained with original matrix fields; no missing fields were inferred.
V254,,,,,,,,,,,,,unavailable/reserved,,,,,registry completion pass 20260731,,,,unavailable/reserved,No distinct experiment row/artifact located in the local audit; version retained as an explicit gap placeholder.,,,synthetic completeness placeholder; not a measured result,,,No distinct experiment row/artifact located in the local audit; version retained as an explicit gap placeholder.,unavailable/reserved,not promoted,No distinct experiment row/artifact located in the local audit; version retained as an explicit gap placeholder.
V255,,,,,,,,,,,,,unavailable/reserved,,,,,registry completion pass 20260731,,,,unavailable/reserved,No distinct experiment row/artifact located in the local audit; version retained as an explicit gap placeholder.,,,synthetic completeness placeholder; not a measured result,,,No distinct experiment row/artifact located in the local audit; version retained as an explicit gap placeholder.,unavailable/reserved,not promoted,No distinct experiment row/artifact located in the local audit; version retained as an explicit gap placeholder.
V256,,,,,,,,,,,,,unavailable/reserved,,,,,registry completion pass 20260731,,,,unavailable/reserved,No distinct experiment row/artifact located in the local audit; version retained as an explicit gap placeholder.,,,synthetic completeness placeholder; not a measured result,,,No distinct experiment row/artifact located in the local audit; version retained as an explicit gap placeholder.,unavailable/reserved,not promoted,No distinct experiment row/artifact located in the local audit; version retained as an explicit gap placeholder.
V257,,,,,,,,,,,,,unavailable/reserved,,,,,registry completion pass 20260731,,,,unavailable/reserved,No distinct experiment row/artifact located in the local audit; version retained as an explicit gap placeholder.,,,synthetic completeness placeholder; not a measured result,,,No distinct experiment row/artifact located in the local audit; version retained as an explicit gap placeholder.,unavailable/reserved,not promoted,No distinct experiment row/artifact located in the local audit; version retained as an explicit gap placeholder.
V258,,,,,,,,,,,,,unavailable/reserved,,,,,registry completion pass 20260731,,,,unavailable/reserved,No distinct experiment row/artifact located in the local audit; version retained as an explicit gap placeholder.,,,synthetic completeness placeholder; not a measured result,,,No distinct experiment row/artifact located in the local audit; version retained as an explicit gap placeholder.,unavailable/reserved,not promoted,No distinct experiment row/artifact located in the local audit; version retained as an explicit gap placeholder.
V259,,,,,,,,,,,,,unavailable/reserved,,,,,registry completion pass 20260731,,,,unavailable/reserved,No distinct experiment row/artifact located in the local audit; version retained as an explicit gap placeholder.,,,synthetic completeness placeholder; not a measured result,,,No distinct experiment row/artifact located in the local audit; version retained as an explicit gap placeholder.,unavailable/reserved,not promoted,No distinct experiment row/artifact located in the local audit; version retained as an explicit gap placeholder.
V260,,,,,,,,,,,,,unavailable/reserved,,,,,registry completion pass 20260731,,,,unavailable/reserved,No distinct experiment row/artifact located in the local audit; version retained as an explicit gap placeholder.,,,synthetic completeness placeholder; not a measured result,,,No distinct experiment row/artifact located in the local audit; version retained as an explicit gap placeholder.,unavailable/reserved,not promoted,No distinct experiment row/artifact located in the local audit; version retained as an explicit gap placeholder.
V261,,,,,,,,,,,,,unavailable/reserved,,,,,registry completion pass 20260731,,,,unavailable/reserved,No distinct experiment row/artifact located in the local audit; version retained as an explicit gap placeholder.,,,synthetic completeness placeholder; not a measured result,,,No distinct experiment row/artifact located in the local audit; version retained as an explicit gap placeholder.,unavailable/reserved,not promoted,No distinct experiment row/artifact located in the local audit; version retained as an explicit gap placeholder.
V262,,,,,,,,,,,,,unavailable/reserved,,,,,registry completion pass 20260731,,,,unavailable/reserved,No distinct experiment row/artifact located in the local audit; version retained as an explicit gap placeholder.,,,synthetic completeness placeholder; not a measured result,,,No distinct experiment row/artifact located in the local audit; version retained as an explicit gap placeholder.,unavailable/reserved,not promoted,No distinct experiment row/artifact located in the local audit; version retained as an explicit gap placeholder.
V263,,,,,,,,,,,,,unavailable/reserved,,,,,registry completion pass 20260731,,,,unavailable/reserved,No distinct experiment row/artifact located in the local audit; version retained as an explicit gap placeholder.,,,synthetic completeness placeholder; not a measured result,,,No distinct experiment row/artifact located in the local audit; version retained as an explicit gap placeholder.,unavailable/reserved,not promoted,No distinct experiment row/artifact located in the local audit; version retained as an explicit gap placeholder.
V264,,,,,,,,,,,,,unavailable/reserved,,,,,registry completion pass 20260731,,,,unavailable/reserved,No distinct experiment row/artifact located in the local audit; version retained as an explicit gap placeholder.,,,synthetic completeness placeholder; not a measured result,,,No distinct experiment row/artifact located in the local audit; version retained as an explicit gap placeholder.,unavailable/reserved,not promoted,No distinct experiment row/artifact located in the local audit; version retained as an explicit gap placeholder.
V265,,,,,,,,,,,,,unavailable/reserved,,,,,registry completion pass 20260731,,,,unavailable/reserved,No distinct experiment row/artifact located in the local audit; version retained as an explicit gap placeholder.,,,synthetic completeness placeholder; not a measured result,,,No distinct experiment row/artifact located in the local audit; version retained as an explicit gap placeholder.,unavailable/reserved,not promoted,No distinct experiment row/artifact located in the local audit; version retained as an explicit gap placeholder.
V266,,,,,,,,,,,,,unavailable/reserved,,,,,registry completion pass 20260731,,,,unavailable/reserved,No distinct experiment row/artifact located in the local audit; version retained as an explicit gap placeholder.,,,synthetic completeness placeholder; not a measured result,,,No distinct experiment row/artifact located in the local audit; version retained as an explicit gap placeholder.,unavailable/reserved,not promoted,No distinct experiment row/artifact located in the local audit; version retained as an explicit gap placeholder.
V267,,,,,,,,,,,,,unavailable/reserved,,,,,registry completion pass 20260731,,,,unavailable/reserved,No distinct experiment row/artifact located in the local audit; version retained as an explicit gap placeholder.,,,synthetic completeness placeholder; not a measured result,,,No distinct experiment row/artifact located in the local audit; version retained as an explicit gap placeholder.,unavailable/reserved,not promoted,No distinct experiment row/artifact located in the local audit; version retained as an explicit gap placeholder.
V268,,,,,,,,,,,,,unavailable/reserved,,,,,registry completion pass 20260731,,,,unavailable/reserved,No distinct experiment row/artifact located in the local audit; version retained as an explicit gap placeholder.,,,synthetic completeness placeholder; not a measured result,,,No distinct experiment row/artifact located in the local audit; version retained as an explicit gap placeholder.,unavailable/reserved,not promoted,No distinct experiment row/artifact located in the local audit; version retained as an explicit gap placeholder.
V269,,,,,,,,,,,,,unavailable/reserved,,,,,registry completion pass 20260731,,,,unavailable/reserved,No distinct experiment row/artifact located in the local audit; version retained as an explicit gap placeholder.,,,synthetic completeness placeholder; not a measured result,,,No distinct experiment row/artifact located in the local audit; version retained as an explicit gap placeholder.,unavailable/reserved,not promoted,No distinct experiment row/artifact located in the local audit; version retained as an explicit gap placeholder.
V270,,,,,,,,,,,,,unavailable/reserved,,,,,registry completion pass 20260731,,,,unavailable/reserved,No distinct experiment row/artifact located in the local audit; version retained as an explicit gap placeholder.,,,synthetic completeness placeholder; not a measured result,,,No distinct experiment row/artifact located in the local audit; version retained as an explicit gap placeholder.,unavailable/reserved,not promoted,No distinct experiment row/artifact located in the local audit; version retained as an explicit gap placeholder.
V271,,,,,,,,,,,,,unavailable/reserved,,,,,registry completion pass 20260731,,,,unavailable/reserved,No distinct experiment row/artifact located in the local audit; version retained as an explicit gap placeholder.,,,synthetic completeness placeholder; not a measured result,,,No distinct experiment row/artifact located in the local audit; version retained as an explicit gap placeholder.,unavailable/reserved,not promoted,No distinct experiment row/artifact located in the local audit; version retained as an explicit gap placeholder.
V272,,,,,,,,,,,,,unavailable/reserved,,,,,registry completion pass 20260731,,,,unavailable/reserved,No distinct experiment row/artifact located in the local audit; version retained as an explicit gap placeholder.,,,synthetic completeness placeholder; not a measured result,,,No distinct experiment row/artifact located in the local audit; version retained as an explicit gap placeholder.,unavailable/reserved,not promoted,No distinct experiment row/artifact located in the local audit; version retained as an explicit gap placeholder.
V273,,,,,,,,,,,,,unavailable/reserved,,,,,registry completion pass 20260731,,,,unavailable/reserved,No distinct experiment row/artifact located in the local audit; version retained as an explicit gap placeholder.,,,synthetic completeness placeholder; not a measured result,,,No distinct experiment row/artifact located in the local audit; version retained as an explicit gap placeholder.,unavailable/reserved,not promoted,No distinct experiment row/artifact located in the local audit; version retained as an explicit gap placeholder.
V274,,,,,,,,,,,,,unavailable/reserved,,,,,registry completion pass 20260731,,,,unavailable/reserved,No distinct experiment row/artifact located in the local audit; version retained as an explicit gap placeholder.,,,synthetic completeness placeholder; not a measured result,,,No distinct experiment row/artifact located in the local audit; version retained as an explicit gap placeholder.,unavailable/reserved,not promoted,No distinct experiment row/artifact located in the local audit; version retained as an explicit gap placeholder.
V275,,,,,,,,,,,,,unavailable/reserved,,,,,registry completion pass 20260731,,,,unavailable/reserved,No distinct experiment row/artifact located in the local audit; version retained as an explicit gap placeholder.,,,synthetic completeness placeholder; not a measured result,,,No distinct experiment row/artifact located in the local audit; version retained as an explicit gap placeholder.,unavailable/reserved,not promoted,No distinct experiment row/artifact located in the local audit; version retained as an explicit gap placeholder.
V276,,,,,,,,,,,,,unavailable/reserved,,,,,registry completion pass 20260731,,,,unavailable/reserved,No distinct experiment row/artifact located in the local audit; version retained as an explicit gap placeholder.,,,synthetic completeness placeholder; not a measured result,,,No distinct experiment row/artifact located in the local audit; version retained as an explicit gap placeholder.,unavailable/reserved,not promoted,No distinct experiment row/artifact located in the local audit; version retained as an explicit gap placeholder.
V277,,,,,,,,,,,,,unavailable/reserved,,,,,registry completion pass 20260731,,,,unavailable/reserved,No distinct experiment row/artifact located in the local audit; version retained as an explicit gap placeholder.,,,synthetic completeness placeholder; not a measured result,,,No distinct experiment row/artifact located in the local audit; version retained as an explicit gap placeholder.,unavailable/reserved,not promoted,No distinct experiment row/artifact located in the local audit; version retained as an explicit gap placeholder.
V278,,,,,,,,,,,,,unavailable/reserved,,,,,registry completion pass 20260731,,,,unavailable/reserved,No distinct experiment row/artifact located in the local audit; version retained as an explicit gap placeholder.,,,synthetic completeness placeholder; not a measured result,,,No distinct experiment row/artifact located in the local audit; version retained as an explicit gap placeholder.,unavailable/reserved,not promoted,No distinct experiment row/artifact located in the local audit; version retained as an explicit gap placeholder.
V279,,,,,,,,,,,,,unavailable/reserved,,,,,registry completion pass 20260731,,,,unavailable/reserved,No distinct experiment row/artifact located in the local audit; version retained as an explicit gap placeholder.,,,synthetic completeness placeholder; not a measured result,,,No distinct experiment row/artifact located in the local audit; version retained as an explicit gap placeholder.,unavailable/reserved,not promoted,No distinct experiment row/artifact located in the local audit; version retained as an explicit gap placeholder.
V280,,,,,,,,,,,,,unavailable/reserved,,,,,registry completion pass 20260731,,,,unavailable/reserved,No distinct experiment row/artifact located in the local audit; version retained as an explicit gap placeholder.,,,synthetic completeness placeholder; not a measured result,,,No distinct experiment row/artifact located in the local audit; version retained as an explicit gap placeholder.,unavailable/reserved,not promoted,No distinct experiment row/artifact located in the local audit; version retained as an explicit gap placeholder.
V281,,,,,,,,,,,,,unavailable/reserved,,,,,registry completion pass 20260731,,,,unavailable/reserved,No distinct experiment row/artifact located in the local audit; version retained as an explicit gap placeholder.,,,synthetic completeness placeholder; not a measured result,,,No distinct experiment row/artifact located in the local audit; version retained as an explicit gap placeholder.,unavailable/reserved,not promoted,No distinct experiment row/artifact located in the local audit; version retained as an explicit gap placeholder.
V282,,,,,,,,,,,,,unavailable/reserved,,,,,registry completion pass 20260731,,,,unavailable/reserved,No distinct experiment row/artifact located in the local audit; version retained as an explicit gap placeholder.,,,synthetic completeness placeholder; not a measured result,,,No distinct experiment row/artifact located in the local audit; version retained as an explicit gap placeholder.,unavailable/reserved,not promoted,No distinct experiment row/artifact located in the local audit; version retained as an explicit gap placeholder.
V283,,,,,,,,,,,,,unavailable/reserved,,,,,registry completion pass 20260731,,,,unavailable/reserved,No distinct experiment row/artifact located in the local audit; version retained as an explicit gap placeholder.,,,synthetic completeness placeholder; not a measured result,,,No distinct experiment row/artifact located in the local audit; version retained as an explicit gap placeholder.,unavailable/reserved,not promoted,No distinct experiment row/artifact located in the local audit; version retained as an explicit gap placeholder.
V284,,,,,,,,,,,,,unavailable/reserved,,,,,registry completion pass 20260731,,,,unavailable/reserved,No distinct experiment row/artifact located in the local audit; version retained as an explicit gap placeholder.,,,synthetic completeness placeholder; not a measured result,,,No distinct experiment row/artifact located in the local audit; version retained as an explicit gap placeholder.,unavailable/reserved,not promoted,No distinct experiment row/artifact located in the local audit; version retained as an explicit gap placeholder.
V285,,,,,,,,,,,,,unavailable/reserved,,,,,registry completion pass 20260731,,,,unavailable/reserved,No distinct experiment row/artifact located in the local audit; version retained as an explicit gap placeholder.,,,synthetic completeness placeholder; not a measured result,,,No distinct experiment row/artifact located in the local audit; version retained as an explicit gap placeholder.,unavailable/reserved,not promoted,No distinct experiment row/artifact located in the local audit; version retained as an explicit gap placeholder.
V286,,,,,,,,,,,,,unavailable/reserved,,,,,registry completion pass 20260731,,,,unavailable/reserved,No distinct experiment row/artifact located in the local audit; version retained as an explicit gap placeholder.,,,synthetic completeness placeholder; not a measured result,,,No distinct experiment row/artifact located in the local audit; version retained as an explicit gap placeholder.,unavailable/reserved,not promoted,No distinct experiment row/artifact located in the local audit; version retained as an explicit gap placeholder.
V287,,,,,,,,,,,,,unavailable/reserved,,,,,registry completion pass 20260731,,,,unavailable/reserved,No distinct experiment row/artifact located in the local audit; version retained as an explicit gap placeholder.,,,synthetic completeness placeholder; not a measured result,,,No distinct experiment row/artifact located in the local audit; version retained as an explicit gap placeholder.,unavailable/reserved,not promoted,No distinct experiment row/artifact located in the local audit; version retained as an explicit gap placeholder.
V288,,,,,,,,,,,,,unavailable/reserved,,,,,registry completion pass 20260731,,,,unavailable/reserved,No distinct experiment row/artifact located in the local audit; version retained as an explicit gap placeholder.,,,synthetic completeness placeholder; not a measured result,,,No distinct experiment row/artifact located in the local audit; version retained as an explicit gap placeholder.,unavailable/reserved,not promoted,No distinct experiment row/artifact located in the local audit; version retained as an explicit gap placeholder.
V289,,,,,,,,,,,,,unavailable/reserved,,,,,registry completion pass 20260731,,,,unavailable/reserved,No distinct experiment row/artifact located in the local audit; version retained as an explicit gap placeholder.,,,synthetic completeness placeholder; not a measured result,,,No distinct experiment row/artifact located in the local audit; version retained as an explicit gap placeholder.,unavailable/reserved,not promoted,No distinct experiment row/artifact located in the local audit; version retained as an explicit gap placeholder.
V290,,,,,,,,,,,,,unavailable/reserved,,,,,registry completion pass 20260731,,,,unavailable/reserved,No distinct experiment row/artifact located in the local audit; version retained as an explicit gap placeholder.,,,synthetic completeness placeholder; not a measured result,,,No distinct experiment row/artifact located in the local audit; version retained as an explicit gap placeholder.,unavailable/reserved,not promoted,No distinct experiment row/artifact located in the local audit; version retained as an explicit gap placeholder.
V291,,,,,,,,,,,,,unavailable/reserved,,,,,registry completion pass 20260731,,,,unavailable/reserved,No distinct experiment row/artifact located in the local audit; version retained as an explicit gap placeholder.,,,synthetic completeness placeholder; not a measured result,,,No distinct experiment row/artifact located in the local audit; version retained as an explicit gap placeholder.,unavailable/reserved,not promoted,No distinct experiment row/artifact located in the local audit; version retained as an explicit gap placeholder.
V292,,,,,,,,,,,,,unavailable/reserved,,,,,registry completion pass 20260731,,,,unavailable/reserved,No distinct experiment row/artifact located in the local audit; version retained as an explicit gap placeholder.,,,synthetic completeness placeholder; not a measured result,,,No distinct experiment row/artifact located in the local audit; version retained as an explicit gap placeholder.,unavailable/reserved,not promoted,No distinct experiment row/artifact located in the local audit; version retained as an explicit gap placeholder.
V293,,,,,,,,,,,,,unavailable/reserved,,,,,registry completion pass 20260731,,,,unavailable/reserved,No distinct experiment row/artifact located in the local audit; version retained as an explicit gap placeholder.,,,synthetic completeness placeholder; not a measured result,,,No distinct experiment row/artifact located in the local audit; version retained as an explicit gap placeholder.,unavailable/reserved,not promoted,No distinct experiment row/artifact located in the local audit; version retained as an explicit gap placeholder.
V294,,,,,,,,,,,,,unavailable/reserved,,,,,registry completion pass 20260731,,,,unavailable/reserved,No distinct experiment row/artifact located in the local audit; version retained as an explicit gap placeholder.,,,synthetic completeness placeholder; not a measured result,,,No distinct experiment row/artifact located in the local audit; version retained as an explicit gap placeholder.,unavailable/reserved,not promoted,No distinct experiment row/artifact located in the local audit; version retained as an explicit gap placeholder.
V295,,,,,,,,,,,,,unavailable/reserved,,,,,registry completion pass 20260731,,,,unavailable/reserved,No distinct experiment row/artifact located in the local audit; version retained as an explicit gap placeholder.,,,synthetic completeness placeholder; not a measured result,,,No distinct experiment row/artifact located in the local audit; version retained as an explicit gap placeholder.,unavailable/reserved,not promoted,No distinct experiment row/artifact located in the local audit; version retained as an explicit gap placeholder.
V296,,,,,,,,,,,,,unavailable/reserved,,,,,registry completion pass 20260731,,,,unavailable/reserved,No distinct experiment row/artifact located in the local audit; version retained as an explicit gap placeholder.,,,synthetic completeness placeholder; not a measured result,,,No distinct experiment row/artifact located in the local audit; version retained as an explicit gap placeholder.,unavailable/reserved,not promoted,No distinct experiment row/artifact located in the local audit; version retained as an explicit gap placeholder.
V297,,,,,,,,,,,,,unavailable/reserved,,,,,registry completion pass 20260731,,,,unavailable/reserved,No distinct experiment row/artifact located in the local audit; version retained as an explicit gap placeholder.,,,synthetic completeness placeholder; not a measured result,,,No distinct experiment row/artifact located in the local audit; version retained as an explicit gap placeholder.,unavailable/reserved,not promoted,No distinct experiment row/artifact located in the local audit; version retained as an explicit gap placeholder.
V298,,,,,,,,,,,,,unavailable/reserved,,,,,registry completion pass 20260731,,,,unavailable/reserved,No distinct experiment row/artifact located in the local audit; version retained as an explicit gap placeholder.,,,synthetic completeness placeholder; not a measured result,,,No distinct experiment row/artifact located in the local audit; version retained as an explicit gap placeholder.,unavailable/reserved,not promoted,No distinct experiment row/artifact located in the local audit; version retained as an explicit gap placeholder.
V299,,,,,,,,,,,,,unavailable/reserved,,,,,registry completion pass 20260731,,,,unavailable/reserved,No distinct experiment row/artifact located in the local audit; version retained as an explicit gap placeholder.,,,synthetic completeness placeholder; not a measured result,,,No distinct experiment row/artifact located in the local audit; version retained as an explicit gap placeholder.,unavailable/reserved,not promoted,No distinct experiment row/artifact located in the local audit; version retained as an explicit gap placeholder.
V300,,,,,,,,,,,,,unavailable/reserved,,,,,registry completion pass 20260731,,,,unavailable/reserved,No distinct experiment row/artifact located in the local audit; version retained as an explicit gap placeholder.,,,synthetic completeness placeholder; not a measured result,,,No distinct experiment row/artifact located in the local audit; version retained as an explicit gap placeholder.,unavailable/reserved,not promoted,No distinct experiment row/artifact located in the local audit; version retained as an explicit gap placeholder.
V301,,,,,,,,,,,,,unavailable/reserved,,,,,registry completion pass 20260731,,,,unavailable/reserved,No distinct experiment row/artifact located in the local audit; version retained as an explicit gap placeholder.,,,synthetic completeness placeholder; not a measured result,,,No distinct experiment row/artifact located in the local audit; version retained as an explicit gap placeholder.,unavailable/reserved,not promoted,No distinct experiment row/artifact located in the local audit; version retained as an explicit gap placeholder.
V302,,,,,,,,,,,,,unavailable/reserved,,,,,registry completion pass 20260731,,,,unavailable/reserved,No distinct experiment row/artifact located in the local audit; version retained as an explicit gap placeholder.,,,synthetic completeness placeholder; not a measured result,,,No distinct experiment row/artifact located in the local audit; version retained as an explicit gap placeholder.,unavailable/reserved,not promoted,No distinct experiment row/artifact located in the local audit; version retained as an explicit gap placeholder.
V303,,,,,,,,,,,,,unavailable/reserved,,,,,registry completion pass 20260731,,,,unavailable/reserved,No distinct experiment row/artifact located in the local audit; version retained as an explicit gap placeholder.,,,synthetic completeness placeholder; not a measured result,,,No distinct experiment row/artifact located in the local audit; version retained as an explicit gap placeholder.,unavailable/reserved,not promoted,No distinct experiment row/artifact located in the local audit; version retained as an explicit gap placeholder.
V304,,,,,,,,,,,,,unavailable/reserved,,,,,registry completion pass 20260731,,,,unavailable/reserved,No distinct experiment row/artifact located in the local audit; version retained as an explicit gap placeholder.,,,synthetic completeness placeholder; not a measured result,,,No distinct experiment row/artifact located in the local audit; version retained as an explicit gap placeholder.,unavailable/reserved,not promoted,No distinct experiment row/artifact located in the local audit; version retained as an explicit gap placeholder.
V305,,,,,,,,,,,,,unavailable/reserved,,,,,registry completion pass 20260731,,,,unavailable/reserved,No distinct experiment row/artifact located in the local audit; version retained as an explicit gap placeholder.,,,synthetic completeness placeholder; not a measured result,,,No distinct experiment row/artifact located in the local audit; version retained as an explicit gap placeholder.,unavailable/reserved,not promoted,No distinct experiment row/artifact located in the local audit; version retained as an explicit gap placeholder.
V306,,,,,,,,,,,,,unavailable/reserved,,,,,registry completion pass 20260731,,,,unavailable/reserved,No distinct experiment row/artifact located in the local audit; version retained as an explicit gap placeholder.,,,synthetic completeness placeholder; not a measured result,,,No distinct experiment row/artifact located in the local audit; version retained as an explicit gap placeholder.,unavailable/reserved,not promoted,No distinct experiment row/artifact located in the local audit; version retained as an explicit gap placeholder.
V307,,,,,,,,,,,,,unavailable/reserved,,,,,registry completion pass 20260731,,,,unavailable/reserved,No distinct experiment row/artifact located in the local audit; version retained as an explicit gap placeholder.,,,synthetic completeness placeholder; not a measured result,,,No distinct experiment row/artifact located in the local audit; version retained as an explicit gap placeholder.,unavailable/reserved,not promoted,No distinct experiment row/artifact located in the local audit; version retained as an explicit gap placeholder.
V308,,,,,,,,,,,,,unavailable/reserved,,,,,registry completion pass 20260731,,,,unavailable/reserved,No distinct experiment row/artifact located in the local audit; version retained as an explicit gap placeholder.,,,synthetic completeness placeholder; not a measured result,,,No distinct experiment row/artifact located in the local audit; version retained as an explicit gap placeholder.,unavailable/reserved,not promoted,No distinct experiment row/artifact located in the local audit; version retained as an explicit gap placeholder.
V309,,,,,,,,,,,,,unavailable/reserved,,,,,registry completion pass 20260731,,,,unavailable/reserved,No distinct experiment row/artifact located in the local audit; version retained as an explicit gap placeholder.,,,synthetic completeness placeholder; not a measured result,,,No distinct experiment row/artifact located in the local audit; version retained as an explicit gap placeholder.,unavailable/reserved,not promoted,No distinct experiment row/artifact located in the local audit; version retained as an explicit gap placeholder.
V310,,,,,,,,,,,,,unavailable/reserved,,,,,registry completion pass 20260731,,,,unavailable/reserved,No distinct experiment row/artifact located in the local audit; version retained as an explicit gap placeholder.,,,synthetic completeness placeholder; not a measured result,,,No distinct experiment row/artifact located in the local audit; version retained as an explicit gap placeholder.,unavailable/reserved,not promoted,No distinct experiment row/artifact located in the local audit; version retained as an explicit gap placeholder.
V311,,,,,,,,,,,,,unavailable/reserved,,,,,registry completion pass 20260731,,,,unavailable/reserved,No distinct experiment row/artifact located in the local audit; version retained as an explicit gap placeholder.,,,synthetic completeness placeholder; not a measured result,,,No distinct experiment row/artifact located in the local audit; version retained as an explicit gap placeholder.,unavailable/reserved,not promoted,No distinct experiment row/artifact located in the local audit; version retained as an explicit gap placeholder.
V312,,,,,,,,,,,,,unavailable/reserved,,,,,registry completion pass 20260731,,,,unavailable/reserved,No distinct experiment row/artifact located in the local audit; version retained as an explicit gap placeholder.,,,synthetic completeness placeholder; not a measured result,,,No distinct experiment row/artifact located in the local audit; version retained as an explicit gap placeholder.,unavailable/reserved,not promoted,No distinct experiment row/artifact located in the local audit; version retained as an explicit gap placeholder.
V313,,,,,,,,,,,,,unavailable/reserved,,,,,registry completion pass 20260731,,,,unavailable/reserved,No distinct experiment row/artifact located in the local audit; version retained as an explicit gap placeholder.,,,synthetic completeness placeholder; not a measured result,,,No distinct experiment row/artifact located in the local audit; version retained as an explicit gap placeholder.,unavailable/reserved,not promoted,No distinct experiment row/artifact located in the local audit; version retained as an explicit gap placeholder.
V314,,,,,,,,,,,,,unavailable/reserved,,,,,registry completion pass 20260731,,,,unavailable/reserved,No distinct experiment row/artifact located in the local audit; version retained as an explicit gap placeholder.,,,synthetic completeness placeholder; not a measured result,,,No distinct experiment row/artifact located in the local audit; version retained as an explicit gap placeholder.,unavailable/reserved,not promoted,No distinct experiment row/artifact located in the local audit; version retained as an explicit gap placeholder.
V315,,,,,,,,,,,,,unavailable/reserved,,,,,registry completion pass 20260731,,,,unavailable/reserved,No distinct experiment row/artifact located in the local audit; version retained as an explicit gap placeholder.,,,synthetic completeness placeholder; not a measured result,,,No distinct experiment row/artifact located in the local audit; version retained as an explicit gap placeholder.,unavailable/reserved,not promoted,No distinct experiment row/artifact located in the local audit; version retained as an explicit gap placeholder.
V316,,,,,,,,,,,,,unavailable/reserved,,,,,registry completion pass 20260731,,,,unavailable/reserved,No distinct experiment row/artifact located in the local audit; version retained as an explicit gap placeholder.,,,synthetic completeness placeholder; not a measured result,,,No distinct experiment row/artifact located in the local audit; version retained as an explicit gap placeholder.,unavailable/reserved,not promoted,No distinct experiment row/artifact located in the local audit; version retained as an explicit gap placeholder.
V317,,,,,,,,,,,,,unavailable/reserved,,,,,registry completion pass 20260731,,,,unavailable/reserved,No distinct experiment row/artifact located in the local audit; version retained as an explicit gap placeholder.,,,synthetic completeness placeholder; not a measured result,,,No distinct experiment row/artifact located in the local audit; version retained as an explicit gap placeholder.,unavailable/reserved,not promoted,No distinct experiment row/artifact located in the local audit; version retained as an explicit gap placeholder.
V318,,,,,,,,,,,,,unavailable/reserved,,,,,registry completion pass 20260731,,,,unavailable/reserved,No distinct experiment row/artifact located in the local audit; version retained as an explicit gap placeholder.,,,synthetic completeness placeholder; not a measured result,,,No distinct experiment row/artifact located in the local audit; version retained as an explicit gap placeholder.,unavailable/reserved,not promoted,No distinct experiment row/artifact located in the local audit; version retained as an explicit gap placeholder.
V319,,,,,,,,,,,,,unavailable/reserved,,,,,registry completion pass 20260731,,,,unavailable/reserved,No distinct experiment row/artifact located in the local audit; version retained as an explicit gap placeholder.,,,synthetic completeness placeholder; not a measured result,,,No distinct experiment row/artifact located in the local audit; version retained as an explicit gap placeholder.,unavailable/reserved,not promoted,No distinct experiment row/artifact located in the local audit; version retained as an explicit gap placeholder.
V320,,,,,,,,,,,,,unavailable/reserved,,,,,registry completion pass 20260731,,,,unavailable/reserved,No distinct experiment row/artifact located in the local audit; version retained as an explicit gap placeholder.,,,synthetic completeness placeholder; not a measured result,,,No distinct experiment row/artifact located in the local audit; version retained as an explicit gap placeholder.,unavailable/reserved,not promoted,No distinct experiment row/artifact located in the local audit; version retained as an explicit gap placeholder.
V321,,,,,,,,,,,,,unavailable/reserved,,,,,registry completion pass 20260731,,,,unavailable/reserved,No distinct experiment row/artifact located in the local audit; version retained as an explicit gap placeholder.,,,synthetic completeness placeholder; not a measured result,,,No distinct experiment row/artifact located in the local audit; version retained as an explicit gap placeholder.,unavailable/reserved,not promoted,No distinct experiment row/artifact located in the local audit; version retained as an explicit gap placeholder.
V322,,,,,,,,,,,,,unavailable/reserved,,,,,registry completion pass 20260731,,,,unavailable/reserved,No distinct experiment row/artifact located in the local audit; version retained as an explicit gap placeholder.,,,synthetic completeness placeholder; not a measured result,,,No distinct experiment row/artifact located in the local audit; version retained as an explicit gap placeholder.,unavailable/reserved,not promoted,No distinct experiment row/artifact located in the local audit; version retained as an explicit gap placeholder.
V323,,,,,,,,,,,,,unavailable/reserved,,,,,registry completion pass 20260731,,,,unavailable/reserved,No distinct experiment row/artifact located in the local audit; version retained as an explicit gap placeholder.,,,synthetic completeness placeholder; not a measured result,,,No distinct experiment row/artifact located in the local audit; version retained as an explicit gap placeholder.,unavailable/reserved,not promoted,No distinct experiment row/artifact located in the local audit; version retained as an explicit gap placeholder.
V324,,,,,,,,,,,,,unavailable/reserved,,,,,registry completion pass 20260731,,,,unavailable/reserved,No distinct experiment row/artifact located in the local audit; version retained as an explicit gap placeholder.,,,synthetic completeness placeholder; not a measured result,,,No distinct experiment row/artifact located in the local audit; version retained as an explicit gap placeholder.,unavailable/reserved,not promoted,No distinct experiment row/artifact located in the local audit; version retained as an explicit gap placeholder.
V325,,,,,,,,,,,,,unavailable/reserved,,,,,registry completion pass 20260731,,,,unavailable/reserved,No distinct experiment row/artifact located in the local audit; version retained as an explicit gap placeholder.,,,synthetic completeness placeholder; not a measured result,,,No distinct experiment row/artifact located in the local audit; version retained as an explicit gap placeholder.,unavailable/reserved,not promoted,No distinct experiment row/artifact located in the local audit; version retained as an explicit gap placeholder.
V326,,,,,,,,,,,,,unavailable/reserved,,,,,registry completion pass 20260731,,,,unavailable/reserved,No distinct experiment row/artifact located in the local audit; version retained as an explicit gap placeholder.,,,synthetic completeness placeholder; not a measured result,,,No distinct experiment row/artifact located in the local audit; version retained as an explicit gap placeholder.,unavailable/reserved,not promoted,No distinct experiment row/artifact located in the local audit; version retained as an explicit gap placeholder.
V327,,,,,,,,,,,,,unavailable/reserved,,,,,registry completion pass 20260731,,,,unavailable/reserved,No distinct experiment row/artifact located in the local audit; version retained as an explicit gap placeholder.,,,synthetic completeness placeholder; not a measured result,,,No distinct experiment row/artifact located in the local audit; version retained as an explicit gap placeholder.,unavailable/reserved,not promoted,No distinct experiment row/artifact located in the local audit; version retained as an explicit gap placeholder.
V328,,,,,,,,,,,,,unavailable/reserved,,,,,registry completion pass 20260731,,,,unavailable/reserved,No distinct experiment row/artifact located in the local audit; version retained as an explicit gap placeholder.,,,synthetic completeness placeholder; not a measured result,,,No distinct experiment row/artifact located in the local audit; version retained as an explicit gap placeholder.,unavailable/reserved,not promoted,No distinct experiment row/artifact located in the local audit; version retained as an explicit gap placeholder.
V329,,,,,,,,,,,,,unavailable/reserved,,,,,registry completion pass 20260731,,,,unavailable/reserved,No distinct experiment row/artifact located in the local audit; version retained as an explicit gap placeholder.,,,synthetic completeness placeholder; not a measured result,,,No distinct experiment row/artifact located in the local audit; version retained as an explicit gap placeholder.,unavailable/reserved,not promoted,No distinct experiment row/artifact located in the local audit; version retained as an explicit gap placeholder.
V330,,,,,,,,,,,,,unavailable/reserved,,,,,registry completion pass 20260731,,,,unavailable/reserved,No distinct experiment row/artifact located in the local audit; version retained as an explicit gap placeholder.,,,synthetic completeness placeholder; not a measured result,,,No distinct experiment row/artifact located in the local audit; version retained as an explicit gap placeholder.,unavailable/reserved,not promoted,No distinct experiment row/artifact located in the local audit; version retained as an explicit gap placeholder.
V331,,,,,,,,,,,,,unavailable/reserved,,,,,registry completion pass 20260731,,,,unavailable/reserved,No distinct experiment row/artifact located in the local audit; version retained as an explicit gap placeholder.,,,synthetic completeness placeholder; not a measured result,,,No distinct experiment row/artifact located in the local audit; version retained as an explicit gap placeholder.,unavailable/reserved,not promoted,No distinct experiment row/artifact located in the local audit; version retained as an explicit gap placeholder.
V332,,,,,,,,,,,,,unavailable/reserved,,,,,registry completion pass 20260731,,,,unavailable/reserved,No distinct experiment row/artifact located in the local audit; version retained as an explicit gap placeholder.,,,synthetic completeness placeholder; not a measured result,,,No distinct experiment row/artifact located in the local audit; version retained as an explicit gap placeholder.,unavailable/reserved,not promoted,No distinct experiment row/artifact located in the local audit; version retained as an explicit gap placeholder.
V333,,,,,,,,,,,,,unavailable/reserved,,,,,registry completion pass 20260731,,,,unavailable/reserved,No distinct experiment row/artifact located in the local audit; version retained as an explicit gap placeholder.,,,synthetic completeness placeholder; not a measured result,,,No distinct experiment row/artifact located in the local audit; version retained as an explicit gap placeholder.,unavailable/reserved,not promoted,No distinct experiment row/artifact located in the local audit; version retained as an explicit gap placeholder.
V334,,,,,,,,,,,,,unavailable/reserved,,,,,registry completion pass 20260731,,,,unavailable/reserved,No distinct experiment row/artifact located in the local audit; version retained as an explicit gap placeholder.,,,synthetic completeness placeholder; not a measured result,,,No distinct experiment row/artifact located in the local audit; version retained as an explicit gap placeholder.,unavailable/reserved,not promoted,No distinct experiment row/artifact located in the local audit; version retained as an explicit gap placeholder.
V335,,,,,,,,,,,,,unavailable/reserved,,,,,registry completion pass 20260731,,,,unavailable/reserved,No distinct experiment row/artifact located in the local audit; version retained as an explicit gap placeholder.,,,synthetic completeness placeholder; not a measured result,,,No distinct experiment row/artifact located in the local audit; version retained as an explicit gap placeholder.,unavailable/reserved,not promoted,No distinct experiment row/artifact located in the local audit; version retained as an explicit gap placeholder.
V336,,,,,,,,,,,,,unavailable/reserved,,,,,registry completion pass 20260731,,,,unavailable/reserved,No distinct experiment row/artifact located in the local audit; version retained as an explicit gap placeholder.,,,synthetic completeness placeholder; not a measured result,,,No distinct experiment row/artifact located in the local audit; version retained as an explicit gap placeholder.,unavailable/reserved,not promoted,No distinct experiment row/artifact located in the local audit; version retained as an explicit gap placeholder.
V337,,,,,,,,,,,,,unavailable/reserved,,,,,registry completion pass 20260731,,,,unavailable/reserved,No distinct experiment row/artifact located in the local audit; version retained as an explicit gap placeholder.,,,synthetic completeness placeholder; not a measured result,,,No distinct experiment row/artifact located in the local audit; version retained as an explicit gap placeholder.,unavailable/reserved,not promoted,No distinct experiment row/artifact located in the local audit; version retained as an explicit gap placeholder.
V338,,,,,,,,,,,,,unavailable/reserved,,,,,registry completion pass 20260731,,,,unavailable/reserved,No distinct experiment row/artifact located in the local audit; version retained as an explicit gap placeholder.,,,synthetic completeness placeholder; not a measured result,,,No distinct experiment row/artifact located in the local audit; version retained as an explicit gap placeholder.,unavailable/reserved,not promoted,No distinct experiment row/artifact located in the local audit; version retained as an explicit gap placeholder.
V339,,,,,,,,,,,,,unavailable/reserved,,,,,registry completion pass 20260731,,,,unavailable/reserved,No distinct experiment row/artifact located in the local audit; version retained as an explicit gap placeholder.,,,synthetic completeness placeholder; not a measured result,,,No distinct experiment row/artifact located in the local audit; version retained as an explicit gap placeholder.,unavailable/reserved,not promoted,No distinct experiment row/artifact located in the local audit; version retained as an explicit gap placeholder.
V340,,,,,,,,,,,,,unavailable/reserved,,,,,registry completion pass 20260731,,,,unavailable/reserved,No distinct experiment row/artifact located in the local audit; version retained as an explicit gap placeholder.,,,synthetic completeness placeholder; not a measured result,,,No distinct experiment row/artifact located in the local audit; version retained as an explicit gap placeholder.,unavailable/reserved,not promoted,No distinct experiment row/artifact located in the local audit; version retained as an explicit gap placeholder.
V341,,,,,,,,,,,,,unavailable/reserved,,,,,registry completion pass 20260731,,,,unavailable/reserved,No distinct experiment row/artifact located in the local audit; version retained as an explicit gap placeholder.,,,synthetic completeness placeholder; not a measured result,,,No distinct experiment row/artifact located in the local audit; version retained as an explicit gap placeholder.,unavailable/reserved,not promoted,No distinct experiment row/artifact located in the local audit; version retained as an explicit gap placeholder.
V342,,,,,,,,,,,,,unavailable/reserved,,,,,registry completion pass 20260731,,,,unavailable/reserved,No distinct experiment row/artifact located in the local audit; version retained as an explicit gap placeholder.,,,synthetic completeness placeholder; not a measured result,,,No distinct experiment row/artifact located in the local audit; version retained as an explicit gap placeholder.,unavailable/reserved,not promoted,No distinct experiment row/artifact located in the local audit; version retained as an explicit gap placeholder.
V343,,,,,,,,,,,,,unavailable/reserved,,,,,registry completion pass 20260731,,,,unavailable/reserved,No distinct experiment row/artifact located in the local audit; version retained as an explicit gap placeholder.,,,synthetic completeness placeholder; not a measured result,,,No distinct experiment row/artifact located in the local audit; version retained as an explicit gap placeholder.,unavailable/reserved,not promoted,No distinct experiment row/artifact located in the local audit; version retained as an explicit gap placeholder.
V344,,,,,,,,,,,,,unavailable/reserved,,,,,registry completion pass 20260731,,,,unavailable/reserved,No distinct experiment row/artifact located in the local audit; version retained as an explicit gap placeholder.,,,synthetic completeness placeholder; not a measured result,,,No distinct experiment row/artifact located in the local audit; version retained as an explicit gap placeholder.,unavailable/reserved,not promoted,No distinct experiment row/artifact located in the local audit; version retained as an explicit gap placeholder.
V345,,,,,,,,,,,,,unavailable/reserved,,,,,registry completion pass 20260731,,,,unavailable/reserved,No distinct experiment row/artifact located in the local audit; version retained as an explicit gap placeholder.,,,synthetic completeness placeholder; not a measured result,,,No distinct experiment row/artifact located in the local audit; version retained as an explicit gap placeholder.,unavailable/reserved,not promoted,No distinct experiment row/artifact located in the local audit; version retained as an explicit gap placeholder.
V346,,,,,,,,,,,,,unavailable/reserved,,,,,registry completion pass 20260731,,,,unavailable/reserved,No distinct experiment row/artifact located in the local audit; version retained as an explicit gap placeholder.,,,synthetic completeness placeholder; not a measured result,,,No distinct experiment row/artifact located in the local audit; version retained as an explicit gap placeholder.,unavailable/reserved,not promoted,No distinct experiment row/artifact located in the local audit; version retained as an explicit gap placeholder.
V347,,,,,,,,,,,,,unavailable/reserved,,,,,registry completion pass 20260731,,,,unavailable/reserved,No distinct experiment row/artifact located in the local audit; version retained as an explicit gap placeholder.,,,synthetic completeness placeholder; not a measured result,,,No distinct experiment row/artifact located in the local audit; version retained as an explicit gap placeholder.,unavailable/reserved,not promoted,No distinct experiment row/artifact located in the local audit; version retained as an explicit gap placeholder.
V348,,,,,,,,,,,,,unavailable/reserved,,,,,registry completion pass 20260731,,,,unavailable/reserved,No distinct experiment row/artifact located in the local audit; version retained as an explicit gap placeholder.,,,synthetic completeness placeholder; not a measured result,,,No distinct experiment row/artifact located in the local audit; version retained as an explicit gap placeholder.,unavailable/reserved,not promoted,No distinct experiment row/artifact located in the local audit; version retained as an explicit gap placeholder.
V349,,,,,,,,,,,,,unavailable/reserved,,,,,registry completion pass 20260731,,,,unavailable/reserved,No distinct experiment row/artifact located in the local audit; version retained as an explicit gap placeholder.,,,synthetic completeness placeholder; not a measured result,,,No distinct experiment row/artifact located in the local audit; version retained as an explicit gap placeholder.,unavailable/reserved,not promoted,No distinct experiment row/artifact located in the local audit; version retained as an explicit gap placeholder.
V350,,,,,,,,,,,,,unavailable/reserved,,,,,registry completion pass 20260731,,,,unavailable/reserved,No distinct experiment row/artifact located in the local audit; version retained as an explicit gap placeholder.,,,synthetic completeness placeholder; not a measured result,,,No distinct experiment row/artifact located in the local audit; version retained as an explicit gap placeholder.,unavailable/reserved,not promoted,No distinct experiment row/artifact located in the local audit; version retained as an explicit gap placeholder.
V351,,,,,,,,,,,,,unavailable/reserved,,,,,registry completion pass 20260731,,,,unavailable/reserved,No distinct experiment row/artifact located in the local audit; version retained as an explicit gap placeholder.,,,synthetic completeness placeholder; not a measured result,,,No distinct experiment row/artifact located in the local audit; version retained as an explicit gap placeholder.,unavailable/reserved,not promoted,No distinct experiment row/artifact located in the local audit; version retained as an explicit gap placeholder.
V352,,,,,,,,,,,,,unavailable/reserved,,,,,registry completion pass 20260731,,,,unavailable/reserved,No distinct experiment row/artifact located in the local audit; version retained as an explicit gap placeholder.,,,synthetic completeness placeholder; not a measured result,,,No distinct experiment row/artifact located in the local audit; version retained as an explicit gap placeholder.,unavailable/reserved,not promoted,No distinct experiment row/artifact located in the local audit; version retained as an explicit gap placeholder.
V353,,,,,,,,,,,,,unavailable/reserved,,,,,registry completion pass 20260731,,,,unavailable/reserved,No distinct experiment row/artifact located in the local audit; version retained as an explicit gap placeholder.,,,synthetic completeness placeholder; not a measured result,,,No distinct experiment row/artifact located in the local audit; version retained as an explicit gap placeholder.,unavailable/reserved,not promoted,No distinct experiment row/artifact located in the local audit; version retained as an explicit gap placeholder.
V354,,,,,,,,,,,,,unavailable/reserved,,,,,registry completion pass 20260731,,,,unavailable/reserved,No distinct experiment row/artifact located in the local audit; version retained as an explicit gap placeholder.,,,synthetic completeness placeholder; not a measured result,,,No distinct experiment row/artifact located in the local audit; version retained as an explicit gap placeholder.,unavailable/reserved,not promoted,No distinct experiment row/artifact located in the local audit; version retained as an explicit gap placeholder.
V355,,,,,,,,,,,,,unavailable/reserved,,,,,registry completion pass 20260731,,,,unavailable/reserved,No distinct experiment row/artifact located in the local audit; version retained as an explicit gap placeholder.,,,synthetic completeness placeholder; not a measured result,,,No distinct experiment row/artifact located in the local audit; version retained as an explicit gap placeholder.,unavailable/reserved,not promoted,No distinct experiment row/artifact located in the local audit; version retained as an explicit gap placeholder.
V356,,,,,,,,,,,,,unavailable/reserved,,,,,registry completion pass 20260731,,,,unavailable/reserved,No distinct experiment row/artifact located in the local audit; version retained as an explicit gap placeholder.,,,synthetic completeness placeholder; not a measured result,,,No distinct experiment row/artifact located in the local audit; version retained as an explicit gap placeholder.,unavailable/reserved,not promoted,No distinct experiment row/artifact located in the local audit; version retained as an explicit gap placeholder.
V357,,,,,,,,,,,,,unavailable/reserved,,,,,registry completion pass 20260731,,,,unavailable/reserved,No distinct experiment row/artifact located in the local audit; version retained as an explicit gap placeholder.,,,synthetic completeness placeholder; not a measured result,,,No distinct experiment row/artifact located in the local audit; version retained as an explicit gap placeholder.,unavailable/reserved,not promoted,No distinct experiment row/artifact located in the local audit; version retained as an explicit gap placeholder.
V358,,,,,,,,,,,,,unavailable/reserved,,,,,registry completion pass 20260731,,,,unavailable/reserved,No distinct experiment row/artifact located in the local audit; version retained as an explicit gap placeholder.,,,synthetic completeness placeholder; not a measured result,,,No distinct experiment row/artifact located in the local audit; version retained as an explicit gap placeholder.,unavailable/reserved,not promoted,No distinct experiment row/artifact located in the local audit; version retained as an explicit gap placeholder.
V359,,,,,,,,"108000 (21600 dev, 86400 eval)",,,,,,,,,,,basis-round selected member residual with matching-cost median gate,"frozen IBM Kingston v68; split 2 selection, split 3 evaluation","+0.15972 pp pooled; CI +0.02546,+0.28938; X +0.15046 CI -0.05098,+0.33571; Z +0.16898 CI +0.00920,+0.33102",diagnostic_not_promoted,X and round subgroup lower bounds include zero,qec_work/v359_basis_round_cost_cascade.py,63946,QEC_RUN_MATRIX_V1_V392_20260731.csv,Z:\Meetings\Complete\22-7-2026\QEC_AI_PAPER_MASTER_20260717,C:\Users\22228049\.codex\github_publish\hardware-adaptive-qec-ibm,"frozen IBM Kingston v68; split 2 selection, split 3 evaluation",measured artifact,diagnostic/not promoted,Version V359 retained with original matrix fields; no missing fields were inferred.
V360,,,,,,,,9 domains x 108000,,,,,,,,,,,leave-domain-out transfer of frozen V359 rule,nine preserved IBM domains; v68 Kingston fit only; split 3 evaluation,"Kingston point gains +0.0741,+0.0382,+0.0220,+0.0150; Fez/Marrakesh -0.0498,-0.0521,-0.0023,-0.0637 pp",diagnostic_not_promoted,backend transfer regressions; calibration/circuit-local adaptation required,qec_work/v360_cross_domain_v359_transfer.py,63956,QEC_RUN_MATRIX_V1_V392_20260731.csv,Z:\Meetings\Complete\22-7-2026\QEC_AI_PAPER_MASTER_20260717,C:\Users\22228049\.codex\github_publish\hardware-adaptive-qec-ibm,nine preserved IBM domains; v68 Kingston fit only; split 3 evaluation,measured artifact,diagnostic/not promoted,Version V360 retained with original matrix fields; no missing fields were inferred.
V361,,,,,,,,,,,,,,,,,,,domain-local basis/round specialist and matching-cost median gate,nine preserved IBM domains; split 2 fit and split 3 evaluation per domain,weighted pooled +0.06996 pp over 777600 shots; Fez +0.0532/+0.1331/-0.0104 pp; Marrakesh +0.1470 pp; v21 -0.0266 pp,diagnostic_not_promoted,not all domain/basis confidence gates pass,qec_work/v361_domain_local_cost_cascade.py,63957,QEC_RUN_MATRIX_V1_V392_20260731.csv,Z:\Meetings\Complete\22-7-2026\QEC_AI_PAPER_MASTER_20260717,C:\Users\22228049\.codex\github_publish\hardware-adaptive-qec-ibm,nine preserved IBM domains; split 2 fit and split 3 evaluation per domain,measured artifact,diagnostic/not promoted,Version V361 retained with original matrix fields; no missing fields were inferred.
V362,,,,,,,,,,,,,,,,,,,domain-local two-member consensus plus per-member median matching-cost gates,"nine preserved IBM domains; split 2 selection, split 3 evaluation","weighted pooled +0.05298 pp over 777600 shots; Fez v25 +0.1458, v29 -0.0255; Marrakesh +0.1238 pp",diagnostic_not_promoted,v22/v29 regress and subgroup confidence gates incomplete,qec_work/v362_domain_consensus_gate.py,63965,QEC_RUN_MATRIX_V1_V392_20260731.csv,Z:\Meetings\Complete\22-7-2026\QEC_AI_PAPER_MASTER_20260717,C:\Users\22228049\.codex\github_publish\hardware-adaptive-qec-ibm,"nine preserved IBM domains; split 2 selection, split 3 evaluation",measured artifact,diagnostic/not promoted,Version V362 retained with original matrix fields; no missing fields were inferred.
V363,,,,,,,,,,,,,,,,,,,positive-development-gain abstention over domain-local consensus cascade,"nine preserved IBM domains; split 2 selection, split 3 evaluation","weighted pooled +0.05298 pp over 777600 shots; v22 -0.0012, v29 Fez -0.0255 pp",diagnostic_not_promoted,development-only abstention did not remove transfer regressions,qec_work/v363_positive_dev_abstention.py,63966,QEC_RUN_MATRIX_V1_V392_20260731.csv,Z:\Meetings\Complete\22-7-2026\QEC_AI_PAPER_MASTER_20260717,C:\Users\22228049\.codex\github_publish\hardware-adaptive-qec-ibm,"nine preserved IBM domains; split 2 selection, split 3 evaluation",measured artifact,diagnostic/not promoted,Version V363 retained with original matrix fields; no missing fields were inferred.
V364,,,,,,,,,,,,,unavailable/reserved,,,,,registry completion pass 20260731,,,,unavailable/reserved,No distinct experiment row/artifact located in the local audit; version retained as an explicit gap placeholder.,,,synthetic completeness placeholder; not a measured result,,,No distinct experiment row/artifact located in the local audit; version retained as an explicit gap placeholder.,unavailable/reserved,not promoted,No distinct experiment row/artifact located in the local audit; version retained as an explicit gap placeholder.
V365,,,,,,,,,,,,,,,,,,,calibration-context detector-activity risk gate,"nine preserved IBM domains; split 2 selection, untouched split 3 evaluation","weighted pooled gain must be computed from full records; v20 +0.06713 pp, v21 -0.05556 pp, v22 +0.01736 pp, v25 +0.11921 pp, v28 +0.07986 pp, v29 +0.18403 pp, v38 +0.09144 pp, v39 +0.00116 pp, v68 +0.14352 pp; 777600 shots",diagnostic_not_promoted,v21 regresses and X/Z/round lower confidence bounds are not universally positive; retain V12 fallback,qec_work/v365_calibration_detector_risk_gate.py,63973,QEC_RUN_MATRIX_V1_V392_20260731.csv,Z:\Meetings\Complete\22-7-2026\QEC_AI_PAPER_MASTER_20260717,C:\Users\22228049\.codex\github_publish\hardware-adaptive-qec-ibm,"nine preserved IBM domains; split 2 selection, untouched split 3 evaluation",measured artifact,diagnostic/not promoted,Version V365 retained with original matrix fields; no missing fields were inferred.
V366,,,,,,,,,,,,,,,,,,,empirical detector-rate and stored calibration-context blend,nine preserved IBM domains; split 2 selection; untouched split 3 evaluation,"weighted pooled +0.07305 pp over 777600 shots; v20 +0.03588, v21 -0.05787, v22 +0.00579, v25 +0.18981, v28 +0.11458, v29 +0.16204, v38 +0.09954, v39 -0.03472, v68 +0.14236 pp",diagnostic_not_promoted,v21/v39 regress and domain X/Z/round lower bounds are not universal; V12 fallback retained,qec_work/v366_empirical_calibration_blend_gate.py,63974,QEC_RUN_MATRIX_V1_V392_20260731.csv,Z:\Meetings\Complete\22-7-2026\QEC_AI_PAPER_MASTER_20260717,C:\Users\22228049\.codex\github_publish\hardware-adaptive-qec-ibm,nine preserved IBM domains; split 2 selection; untouched split 3 evaluation,measured artifact,diagnostic/not promoted,Version V366 retained with original matrix fields; no missing fields were inferred.
V367,,,,,,,,,,,,,,,,,,,mean activity plus burst-tail excess and decoder-disagreement gate,nine preserved IBM domains; split 2 selection; untouched split 3 evaluation,"weighted pooled +0.06237 pp over 777600 shots; v20 +0.02199, v21 -0.04167, v22 +0.01620, v25 +0.10532, v28 +0.13426, v29 +0.07292, v38 +0.12384, v39 -0.01505, v68 +0.14352 pp",diagnostic_not_promoted,v21/v39 regress and subgroup lower bounds are not universal; V12 fallback retained,qec_work/v367_tail_risk_disagreement_gate.py,63975,QEC_RUN_MATRIX_V1_V392_20260731.csv,Z:\Meetings\Complete\22-7-2026\QEC_AI_PAPER_MASTER_20260717,C:\Users\22228049\.codex\github_publish\hardware-adaptive-qec-ibm,nine preserved IBM domains; split 2 selection; untouched split 3 evaluation,measured artifact,diagnostic/not promoted,Version V367 retained with original matrix fields; no missing fields were inferred.
V368,,,,,,,,,,,,,,,,,,,logical-state-conditioned specialist and matching-score gate,nine preserved IBM domains; split 2 selection; untouched split 3 evaluation,"weighted pooled +0.07677 pp over 777600 shots; v20 -0.00463, v21 +0.08912, v22 +0.05903, v25 +0.13773, v28 +0.11343, v29 -0.01968, v38 +0.08681, v39 +0.01273, v68 +0.21644 pp",diagnostic_not_promoted,v20/v29 regress and subgroup lower bounds are not universal; V12 fallback retained,qec_work/v368_logical_state_specialist_gate.py,63981,QEC_RUN_MATRIX_V1_V392_20260731.csv,Z:\Meetings\Complete\22-7-2026\QEC_AI_PAPER_MASTER_20260717,C:\Users\22228049\.codex\github_publish\hardware-adaptive-qec-ibm,nine preserved IBM domains; split 2 selection; untouched split 3 evaluation,measured artifact,diagnostic/not promoted,Version V368 retained with original matrix fields; no missing fields were inferred.
V369,,,,,,,,,,,,,,,,,,,cross-logical-state specialist/matching-score gate,nine preserved IBM domains; target state selected from opposite state in split 2; untouched split 3 evaluation,"weighted pooled -0.01402 pp over 777600 shots; v20 -0.01968, v21 -0.11343, v22 -0.08796, v25 +0.06597, v28 +0.19097, v29 -0.01736, v38 -0.00347, v39 -0.05440, v68 -0.08681 pp",rejected,negative pooled transfer and widespread domain regressions,qec_work/v369_cross_state_specialist_gate.py,63982,QEC_RUN_MATRIX_V1_V392_20260731.csv,Z:\Meetings\Complete\22-7-2026\QEC_AI_PAPER_MASTER_20260717,C:\Users\22228049\.codex\github_publish\hardware-adaptive-qec-ibm,nine preserved IBM domains; target state selected from opposite state in split 2; untouched split 3 evaluation,measured artifact,rejected,Version V369 retained with original matrix fields; no missing fields were inferred.
V370,,,,,,,,,,,,,,,,,,,leave-one-domain-out state/basis/round specialist router,fit on other eight domain split-2 blocks; held-out target split-3 evaluation,"weighted pooled +0.00836 pp over 777600 shots; v20 +0.03935, v21 +0.10185, v22 +0.05440, v25 -0.07292, v28 -0.01157, v29 +0.06481, v38 +0.04861, v39 +0.01968, v68 -0.16898 pp",diagnostic_not_promoted,v25/v28/v68 transfer regressions and subgroup lower bounds are not universal; V12 fallback retained,qec_work/v370_leave_domain_state_router.py,63983,QEC_RUN_MATRIX_V1_V392_20260731.csv,Z:\Meetings\Complete\22-7-2026\QEC_AI_PAPER_MASTER_20260717,C:\Users\22228049\.codex\github_publish\hardware-adaptive-qec-ibm,fit on other eight domain split-2 blocks; held-out target split-3 evaluation,measured artifact,diagnostic/not promoted,Version V370 retained with original matrix fields; no missing fields were inferred.
V371,,,,,,,,,,,,,,,,,,,bootstrap-lower-bound confidence-calibrated specialist gate,nine preserved IBM domains; split 2 bootstrap lower-bound enablement; untouched split 3 evaluation,"weighted pooled +0.01196 pp over 777600 shots; v20 -0.01620, v21 +0.02894, v22 +0.02199, v25 +0.03125, v28 +0.04167, v29 +0.00926, v38 +0.01505, v39 -0.05903, v68 +0.03472 pp",diagnostic_not_promoted,v39 lower confidence bound negative; universal domain/basis/round gate not satisfied; V12 fallback retained,qec_work/v371_confidence_calibrated_route.py,63984,QEC_RUN_MATRIX_V1_V392_20260731.csv,Z:\Meetings\Complete\22-7-2026\QEC_AI_PAPER_MASTER_20260717,C:\Users\22228049\.codex\github_publish\hardware-adaptive-qec-ibm,nine preserved IBM domains; split 2 bootstrap lower-bound enablement; untouched split 3 evaluation,measured artifact,diagnostic/not promoted,Version V371 retained with original matrix fields; no missing fields were inferred.
V372,,,,,,,,,,,,,,,,,,,mask-aware calibration detector-risk gate,nine preserved IBM domains; detector_mask applied per shot; split 2 selection; untouched split 3 evaluation,"weighted pooled +0.05337 pp over 777600 shots; v20 -0.00694, v21 +0.03704, v22 +0.07755, v25 +0.09607, v28 +0.06134, v29 -0.01157, v38 +0.06250, v39 -0.00926, v68 +0.17361 pp",diagnostic_not_promoted,v20/v29/v39 regress and subgroup lower bounds are not universal; V12 fallback retained,qec_work/v372_mask_aware_calibration_gate.py,63985,QEC_RUN_MATRIX_V1_V392_20260731.csv,Z:\Meetings\Complete\22-7-2026\QEC_AI_PAPER_MASTER_20260717,C:\Users\22228049\.codex\github_publish\hardware-adaptive-qec-ibm,nine preserved IBM domains; detector_mask applied per shot; split 2 selection; untouched split 3 evaluation,measured artifact,diagnostic/not promoted,Version V372 retained with original matrix fields; no missing fields were inferred.
V373,,,,,,,,,,,,,,,,,,,mask-aware calibration risk plus bootstrap-positive enablement,nine preserved IBM domains; split 2 confidence selection; untouched split 3 evaluation,"weighted pooled +0.01800 pp over 777600 shots; v20 +0.03935, v21 +0.02662, v22 +0.00810, v25 +0.04398, v28 -0.00579, v29 -0.04167, v38 +0.02199, v39 +0.02662, v68 +0.04282 pp",diagnostic_not_promoted,v28/v29 regress and subgroup lower bounds are not universal; V12 fallback retained,qec_work/v373_mask_confidence_gate.py,63986,QEC_RUN_MATRIX_V1_V392_20260731.csv,Z:\Meetings\Complete\22-7-2026\QEC_AI_PAPER_MASTER_20260717,C:\Users\22228049\.codex\github_publish\hardware-adaptive-qec-ibm,nine preserved IBM domains; split 2 confidence selection; untouched split 3 evaluation,measured artifact,diagnostic/not promoted,Version V373 retained with original matrix fields; no missing fields were inferred.
V374,,,,,,,,,,,,,,,,,,,intersection of mask-aware calibration risk and logical-state specialist confidence,nine preserved IBM domains; split 2 intersection selection; untouched split 3 evaluation,"weighted pooled +0.06970 pp over 777600 shots; v20 +0.03819, v21 +0.06366, v22 +0.08796, v25 +0.10648, v28 +0.07755, v29 -0.02778, v38 +0.09144, v39 -0.00231, v68 +0.19213 pp",diagnostic_not_promoted,v29/v39 regress and subgroup lower bounds are not universal; V12 fallback retained,qec_work/v374_intersection_gate.py,63992,QEC_RUN_MATRIX_V1_V392_20260731.csv,Z:\Meetings\Complete\22-7-2026\QEC_AI_PAPER_MASTER_20260717,C:\Users\22228049\.codex\github_publish\hardware-adaptive-qec-ibm,nine preserved IBM domains; split 2 intersection selection; untouched split 3 evaluation,measured artifact,diagnostic/not promoted,Version V374 retained with original matrix fields; no missing fields were inferred.
V375,,,,,,,,,,,,,,,,,,,nearest-calibration-domain policy transfer,each held domain uses the calibration-similar source domain's split-2 rule; target split 3 untouched,"weighted pooled +0.02739 pp over 777600 shots; v20 -0.02778, v21 -0.04167, v22 -0.00810, v25 +0.07986, v28 +0.02894, v29 +0.04861, v38 +0.02778, v39 -0.04745, v68 +0.18634 pp",diagnostic_not_promoted,v20/v21/v22/v39 regress and subgroup gates are not universal; V12 fallback retained,qec_work/v375_calibration_nearest_domain_router.py,63995,QEC_RUN_MATRIX_V1_V392_20260731.csv,Z:\Meetings\Complete\22-7-2026\QEC_AI_PAPER_MASTER_20260717,C:\Users\22228049\.codex\github_publish\hardware-adaptive-qec-ibm,each held domain uses the calibration-similar source domain's split-2 rule; target split 3 untouched,measured artifact,diagnostic/not promoted,Version V375 retained with original matrix fields; no missing fields were inferred.
V376,,,,,,,,,,,,,,,,,,,nearest-calibration-domain router with distance abstention,nine preserved IBM domains; source-distance gate; untouched target split 3 evaluation,"weighted pooled +0.02739 pp over 777600 shots (same as V375); v20 -0.02778, v21 -0.04167, v22 -0.00810, v25 +0.07986, v28 +0.02894, v29 +0.04861, v38 +0.02778, v39 -0.04745, v68 +0.18634 pp",diagnostic_not_promoted,distance cutoff admitted all domains and did not change routing; universal gates not met; V12 fallback retained,qec_work/v376_calibration_distance_abstention.py,64000,QEC_RUN_MATRIX_V1_V392_20260731.csv,Z:\Meetings\Complete\22-7-2026\QEC_AI_PAPER_MASTER_20260717,C:\Users\22228049\.codex\github_publish\hardware-adaptive-qec-ibm,nine preserved IBM domains; source-distance gate; untouched target split 3 evaluation,measured artifact,diagnostic/not promoted,Version V376 retained with original matrix fields; no missing fields were inferred.
V377,,,,,,,,,,,,,,,,,,,robust median/MAD-whitened calibration-distance router,nine preserved IBM domains; robust calibration profile; source-distance abstention; untouched target split 3 evaluation,"weighted pooled +0.01595 pp over 777600 shots; v20 -0.02778, v21 -0.04167, v22 -0.00810, v25 +0.07986, v28 0.00000, v29 +0.00231, v38 0.00000, v39 -0.04745, v68 +0.18634 pp",diagnostic_not_promoted,robust gate did not remove v20/v21/v22/v39 regressions; universal gates not met; V12 fallback retained,qec_work/v377_robust_calibration_distance_router.py,64001,QEC_RUN_MATRIX_V1_V392_20260731.csv,Z:\Meetings\Complete\22-7-2026\QEC_AI_PAPER_MASTER_20260717,C:\Users\22228049\.codex\github_publish\hardware-adaptive-qec-ibm,nine preserved IBM domains; robust calibration profile; source-distance abstention; untouched target split 3 evaluation,measured artifact,diagnostic/not promoted,Version V377 retained with original matrix fields; no missing fields were inferred.
V378,,,,,,,,,,,,,,,,,,,top-three calibration-similarity weighted source-policy ensemble,nine preserved IBM domains; calibration-similarity weighted policy agreement; untouched target split 3 evaluation,"weighted pooled +0.01453 pp over 777600 shots; v20 -0.01042, v21 -0.03819, v22 +0.00926, v25 +0.07407, v28 -0.02083, v29 +0.04861, v38 -0.00116, v39 +0.03588, v68 +0.03356 pp",diagnostic_not_promoted,source-policy ensemble still regressed v20/v21/v28/v38; universal gates not met; V12 fallback retained,qec_work/v378_calibration_similarity_policy_ensemble.py,64007,QEC_RUN_MATRIX_V1_V392_20260731.csv,Z:\Meetings\Complete\22-7-2026\QEC_AI_PAPER_MASTER_20260717,C:\Users\22228049\.codex\github_publish\hardware-adaptive-qec-ibm,nine preserved IBM domains; calibration-similarity weighted policy agreement; untouched target split 3 evaluation,measured artifact,diagnostic/not promoted,Version V378 retained with original matrix fields; no missing fields were inferred.
V379,,,,,,,,,,,,,,,,,,,two-stage residual cascade,nine preserved IBM domains; source split-2 policy; first specialist then second residual specialist; untouched target split 3 evaluation,"weighted pooled +0.01723 pp over 777600 shots; v20 +0.06250, v21 -0.00579, v22 -0.01620, v25 +0.04282, v28 +0.04861, v29 -0.14120, v38 +0.06713, v39 0.00000, v68 +0.09722 pp",diagnostic_not_promoted,v22/v29 regressions fail universal gate; V12 fallback retained; launcher 64008 failed before evaluation,qec_work/v379_two_stage_residual_cascade.py,64009,QEC_RUN_MATRIX_V1_V392_20260731.csv,Z:\Meetings\Complete\22-7-2026\QEC_AI_PAPER_MASTER_20260717,C:\Users\22228049\.codex\github_publish\hardware-adaptive-qec-ibm,nine preserved IBM domains; source split-2 policy; first specialist then second residual specialist; untouched target split 3 evaluation,measured artifact,diagnostic/not promoted,Version V379 retained with original matrix fields; no missing fields were inferred.
V380,,,,,,,,,,,,,,,,,,,shot-position quartile drift-proxy routing,nine preserved IBM domains; source split-2 policy learned per shot-position quartile; untouched target split 3 evaluation,"weighted pooled +0.01698 pp over 777600 shots; v20 +0.04051, v21 +0.06829, v22 -0.03472, v25 +0.19676, v28 -0.00579, v29 +0.05093, v38 -0.05903, v39 -0.09954, v68 -0.00463 pp",diagnostic_not_promoted,shot-position drift proxy fails universal domain gate; V12 fallback retained,qec_work/v380_shot_position_drift_router.py,64013,QEC_RUN_MATRIX_V1_V392_20260731.csv,Z:\Meetings\Complete\22-7-2026\QEC_AI_PAPER_MASTER_20260717,C:\Users\22228049\.codex\github_publish\hardware-adaptive-qec-ibm,nine preserved IBM domains; source split-2 policy learned per shot-position quartile; untouched target split 3 evaluation,measured artifact,diagnostic/not promoted,Version V380 retained with original matrix fields; no missing fields were inferred.
V381,,,,,,,,,,,,,,,,,,,globally fitted source-domain policy,nine preserved IBM domains; one source policy shared across basis/round/state; untouched target split 3 evaluation,"weighted pooled +0.02276 pp over 777600 shots; v20 -0.04861, v21 -0.01042, v22 -0.00231, v25 +0.01505, v28 +0.13079, v29 +0.05440, v38 +0.05324, v39 -0.05093, v68 +0.06366 pp",diagnostic_not_promoted,global policy regresses v20/v21/v22/v39; universal gate not met; V12 fallback retained,qec_work/v381_global_source_policy.py,64014,QEC_RUN_MATRIX_V1_V392_20260731.csv,Z:\Meetings\Complete\22-7-2026\QEC_AI_PAPER_MASTER_20260717,C:\Users\22228049\.codex\github_publish\hardware-adaptive-qec-ibm,nine preserved IBM domains; one source policy shared across basis/round/state; untouched target split 3 evaluation,measured artifact,diagnostic/not promoted,Version V381 retained with original matrix fields; no missing fields were inferred.
V382,,,,,,,,,,,,,,,,,,,hierarchical source-policy threshold shrinkage,nine preserved IBM domains; configuration thresholds shrunk toward global source prior; untouched target split 3 evaluation,"weighted pooled +0.02251 pp over 777600 shots; v20 -0.04977, v21 -0.01042, v22 -0.00231, v25 +0.01505, v28 +0.13079, v29 +0.05440, v38 +0.05208, v39 -0.05093, v68 +0.06366 pp",diagnostic_not_promoted,shrinkage does not remove v20/v21/v22/v39 regressions; V12 fallback retained,qec_work/v382_hierarchical_threshold_shrinkage.py,64019,QEC_RUN_MATRIX_V1_V392_20260731.csv,Z:\Meetings\Complete\22-7-2026\QEC_AI_PAPER_MASTER_20260717,C:\Users\22228049\.codex\github_publish\hardware-adaptive-qec-ibm,nine preserved IBM domains; configuration thresholds shrunk toward global source prior; untouched target split 3 evaluation,measured artifact,diagnostic/not promoted,Version V382 retained with original matrix fields; no missing fields were inferred.
V383,,,,,,,,,,,,,,,,,,,basis-conditioned source policy,nine preserved IBM domains; one policy per X/Z basis pooled across rounds/states; untouched target split 3 evaluation,"weighted pooled +0.00694 pp over 777600 shots; v20 -0.01736, v21 +0.01505, v22 -0.04051, v25 +0.00926, v28 +0.13542, v29 +0.01042, v38 -0.02083, v39 -0.06481, v68 +0.03588 pp",diagnostic_not_promoted,basis-only policy regressions fail universal gate; V12 fallback retained,qec_work/v383_basis_conditioned_policy.py,64025,QEC_RUN_MATRIX_V1_V392_20260731.csv,Z:\Meetings\Complete\22-7-2026\QEC_AI_PAPER_MASTER_20260717,C:\Users\22228049\.codex\github_publish\hardware-adaptive-qec-ibm,nine preserved IBM domains; one policy per X/Z basis pooled across rounds/states; untouched target split 3 evaluation,measured artifact,diagnostic/not promoted,Version V383 retained with original matrix fields; no missing fields were inferred.
V384,,,,,,,,,,,,,,,,,,,round-conditioned source policy,nine preserved IBM domains; one policy per round count pooled across basis/states; untouched target split 3 evaluation,"weighted pooled +0.02238 pp over 777600 shots; v20 -0.02083, v21 +0.01968, v22 +0.02778, v25 +0.07986, v28 +0.04398, v29 +0.00694, v38 +0.07176, v39 -0.00347, v68 -0.02431 pp",diagnostic_not_promoted,round-only policy regressions fail universal gate; V12 fallback retained,qec_work/v384_round_conditioned_policy.py,64027,QEC_RUN_MATRIX_V1_V392_20260731.csv,Z:\Meetings\Complete\22-7-2026\QEC_AI_PAPER_MASTER_20260717,C:\Users\22228049\.codex\github_publish\hardware-adaptive-qec-ibm,nine preserved IBM domains; one policy per round count pooled across basis/states; untouched target split 3 evaluation,measured artifact,diagnostic/not promoted,Version V384 retained with original matrix fields; no missing fields were inferred.
V385,,,,,,,,,,,,,,,,,,,logical-state-conditioned source policy,nine preserved IBM domains; one policy per logical state pooled across basis/rounds; untouched target split 3 evaluation,"weighted pooled -0.00694 pp over 777600 shots; v20 -0.03241, v21 -0.03472, v22 +0.01389, v25 +0.05556, v28 +0.07639, v29 +0.04514, v38 +0.04861, v39 -0.13889, v68 -0.09606 pp",rejected,state-only policy regresses pooled error and v39/v68; V12 fallback retained,qec_work/v385_state_conditioned_policy.py,64029,QEC_RUN_MATRIX_V1_V392_20260731.csv,Z:\Meetings\Complete\22-7-2026\QEC_AI_PAPER_MASTER_20260717,C:\Users\22228049\.codex\github_publish\hardware-adaptive-qec-ibm,nine preserved IBM domains; one policy per logical state pooled across basis/rounds; untouched target split 3 evaluation,measured artifact,rejected,Version V385 retained with original matrix fields; no missing fields were inferred.
V386,,,,,,,,,,,,,,,,,,,basis-by-round source policy,nine preserved IBM domains; one policy per basisÃ—round pooled across logical state; untouched target split 3 evaluation,"weighted pooled +0.00180 pp over 777600 shots; v20 -0.05556, v21 +0.04861, v22 -0.07407, v25 +0.00347, v28 +0.05903, v29 -0.02894, v38 +0.07292, v39 -0.05093, v68 +0.04167 pp",diagnostic_not_promoted,basisÃ—round interaction still has v20/v22/v29/v39 regressions; V12 fallback retained,qec_work/v386_basis_round_policy.py,64030,QEC_RUN_MATRIX_V1_V392_20260731.csv,Z:\Meetings\Complete\22-7-2026\QEC_AI_PAPER_MASTER_20260717,C:\Users\22228049\.codex\github_publish\hardware-adaptive-qec-ibm,nine preserved IBM domains; one policy per basisÃ—round pooled across logical state; untouched target split 3 evaluation,measured artifact,diagnostic/not promoted,Version V386 retained with original matrix fields; no missing fields were inferred.
V387,,,,,,,,,,,,,,,,,,,logical-state-by-round source policy,nine preserved IBM domains; one policy per stateÃ—round pooled across basis; untouched target split 3 evaluation,"weighted pooled +0.01608 pp over 777600 shots; v20 -0.02083, v21 +0.05093, v22 -0.00579, v25 +0.05671, v28 +0.02083, v29 -0.02894, v38 +0.04398, v39 -0.03472, v68 +0.06250 pp",diagnostic_not_promoted,stateÃ—round interaction still regresses v20/v22/v29/v39; V12 fallback retained,qec_work/v387_state_round_policy.py,64031,QEC_RUN_MATRIX_V1_V392_20260731.csv,Z:\Meetings\Complete\22-7-2026\QEC_AI_PAPER_MASTER_20260717,C:\Users\22228049\.codex\github_publish\hardware-adaptive-qec-ibm,nine preserved IBM domains; one policy per stateÃ—round pooled across basis; untouched target split 3 evaluation,measured artifact,diagnostic/not promoted,Version V387 retained with original matrix fields; no missing fields were inferred.
V388,,,,,,,,,,,,,,,,,,,circuit-local operation-prior threshold modulation,nine preserved IBM domains; recovered X/Z distance/state operation features; untouched target split 3 evaluation,"weighted pooled -0.00360 pp over 777600 shots; v20 -0.04977, v21 -0.02431, v22 -0.03241, v25 +0.04398, v28 -0.02546, v29 -0.00231, v38 -0.01273, v39 -0.02546, v68 +0.09606 pp",rejected,operation-derived prior modulation regressed pooled error and most domains; V12 fallback retained,qec_work/v388_circuit_prior_threshold_router.py,64037,QEC_RUN_MATRIX_V1_V392_20260731.csv,Z:\Meetings\Complete\22-7-2026\QEC_AI_PAPER_MASTER_20260717,C:\Users\22228049\.codex\github_publish\hardware-adaptive-qec-ibm,nine preserved IBM domains; recovered X/Z distance/state operation features; untouched target split 3 evaluation,measured artifact,rejected,Version V388 retained with original matrix fields; no missing fields were inferred.
V389,recovered IBM paired-artifact follow-up,bounded soft-observable confidence abstention around hard-only guarded correction,"paired hard detectors, stored hard/soft observable predictions, metadata",IBM Fez frozen V27/V29 paired confirmation artifacts,"d=3; rounds 3,5,7; V29 includes d=3,5,7 groups",,IBM Fez; X/Z and logical-state metadata,,not measured,complete subgroup metrics in source JSON; no universal safety promotion,soft-observable abstention; hard-only specialist; consensus gate,,,,,,,Z:\Meetings\Complete\22-7-2026\QEC_AI_PAPER_MASTER_20260717,bounded soft-observable confidence abstention around hard-only guarded correction,"IBM Fez V27 paired soft-decoder test split; 9,000 shots",+1.7111 pp at tau 0.05/0.10; route 98.98-99.79%,diagnostic_local_only,not comparable to the nine-domain V12 matrix; requires paired V12 schema and X/Z/domain gates,qec_work/v389_bounded_soft_abstention.py,not submitted,v389_bounded_soft_abstention.py / recovered V389 result JSON,QEC_AI_PAPER_MASTER_20260717,C:\Users\22228049\.codex\github_publish\hardware-adaptive-qec-ibm,recovered IBM Fez V27 paired soft-decoder test split; 9000 shots; fixed tau sweep,recovered artifact audit,not promoted,Recovered from live Complete22 source tree; diagnostic only; no universal claim.
V390,recovered IBM paired-artifact follow-up,frozen V29 soft-observable confidence abstention,"paired hard detectors, stored hard/soft observable predictions, metadata",IBM Fez frozen V27/V29 paired confirmation artifacts,"d=3; rounds 3,5,7; V29 includes d=3,5,7 groups",,IBM Fez; X/Z and logical-state metadata,,not measured,complete subgroup metrics in source JSON; no universal safety promotion,soft-observable abstention; hard-only specialist; consensus gate,,,,,,,Z:\Meetings\Complete\22-7-2026\QEC_AI_PAPER_MASTER_20260717,frozen V29 soft-observable confidence abstention,"IBM Fez V29 frozen confirmation; 108,000 paired shots; 12 metadata configurations",+0.9657 pp tau 0.05; +0.9648 pp tau 0.10; +0.9639 pp tau 0.15; +0.9694 pp tau 0.20,diagnostic_not_promoted,distance-5 groups regress up to -0.68 pp; V12/MWPM fallback retained,qec_work/v390_v29_soft_abstention.py,not submitted,v390_v29_soft_abstention.py / recovered V390 result JSON,QEC_AI_PAPER_MASTER_20260717,C:\Users\22228049\.codex\github_publish\hardware-adaptive-qec-ibm,"IBM Fez V29 frozen confirmation; 108,000 paired shots; 12 metadata configurations; fixed tau sweep 0.05/0.10/0.15/0.20",recovered artifact audit,not promoted,Recovered from live Complete22 source tree; diagnostic only; no universal claim.
V391,recovered IBM paired-artifact follow-up,frozen V29 validation-gate plus soft abstention,"paired hard detectors, stored hard/soft observable predictions, metadata",IBM Fez frozen V27/V29 paired confirmation artifacts,"d=3; rounds 3,5,7; V29 includes d=3,5,7 groups",,IBM Fez; X/Z and logical-state metadata,,not measured,complete subgroup metrics in source JSON; no universal safety promotion,soft-observable abstention; hard-only specialist; consensus gate,,,,,,,Z:\Meetings\Complete\22-7-2026\QEC_AI_PAPER_MASTER_20260717,frozen V29 validation-gate plus soft abstention,"IBM Fez V29 frozen confirmation; 108,000 paired shots; validation-selected configuration set",+0.9648 pp; 45.0500% versus 46.0148%; 58.05% routed,diagnostic_not_promoted,validation gate did not change V390 output; distance-5 regressions remain,qec_work/v391_v29_validation_gate_soft.py,not submitted,v391_v29_validation_gate_soft.py / recovered V391 result JSON,QEC_AI_PAPER_MASTER_20260717,C:\Users\22228049\.codex\github_publish\hardware-adaptive-qec-ibm,"IBM Fez V29 frozen confirmation; validation-selected configuration set copied from V29_CONFIRMATION.json; 108,000 paired shots; tau 0.10",recovered artifact audit,not promoted,Recovered from live Complete22 source tree; diagnostic only; no universal claim.
V392,recovered IBM paired-artifact follow-up,frozen V29 hard/outlier consensus gate,"paired hard detectors, stored hard/soft observable predictions, metadata",IBM Fez frozen V27/V29 paired confirmation artifacts,"d=3; rounds 3,5,7; V29 includes d=3,5,7 groups",,IBM Fez; X/Z and logical-state metadata,,not measured,complete subgroup metrics in source JSON; no universal safety promotion,soft-observable abstention; hard-only specialist; consensus gate,,,,,,,Z:\Meetings\Complete\22-7-2026\QEC_AI_PAPER_MASTER_20260717,frozen V29 hard/outlier consensus gate,"IBM Fez V29 frozen confirmation; 108,000 paired shots; hard/outlier/soft predictions",+0.8806 pp tau 0.10; 45.1343% versus 46.0148%; 78.14% routed,diagnostic_not_promoted,consensus reduces but does not remove distance-5/7 regressions; V12/MWPM fallback retained,qec_work/v392_v29_consensus_gate.py,not submitted,v392_v29_consensus_gate.py / recovered V392 result JSON,QEC_AI_PAPER_MASTER_20260717,C:\Users\22228049\.codex\github_publish\hardware-adaptive-qec-ibm,"IBM Fez V29 frozen confirmation; hard-only and outlier-soft predictions plus soft-observable probability; 108,000 paired shots; fixed tau sweep",recovered artifact audit,not promoted,Recovered from live Complete22 source tree; diagnostic only; no universal claim.
V393,family benchmark,Union-Find proxy; belief-matching; calibration-conditioned subgroup router,hard detectors + stored soft predictions + structural metadata,frozen IBM V29 paired shots,metadata-stratified,best measured Belief-matching hard+soft consensus: +0.662963 pp; nominal 46.014815%,all available V29 subgroups,108000,,not computed in V393 smoke; subgroup counts recorded in JSON,"MWPM, Union-Find proxy, belief-matching, calibration-conditioned routing",qec_work/v393_decoder_family_variants.py,measured artifact found (controlled frozen-data benchmark),replace proxy with circuit-local DEM implementations; validate on held-out backend,high,paired comparison,MWPM/V12 nominal,V393 family variant benchmark,controlled family benchmark,qec_work/v29_v12_new_data.npz; qec_work/v29_confirmation.npz,"{""best_decoder"": ""Belief-matching hard+soft consensus"", ""best_error_percent"": 45.351851851851855, ""best_gain_pp"": 0.6629629629629596}",diagnostic; not promoted,Union-Find is a local parity proxy without a DEM; belief-matching gain is retrospective and requires full safety gate.,qec_work/v393_decoder_family_variants.py,local controlled run,V393 result JSON,QEC_AI_PAPER_MASTER_20260717,github_publish/hardware-adaptive-qec-ibm,frozen V29 paired artifact,smoke test passed,not promoted,No universal-vendor claim; blocked families remain explicitly blocked.
V394,decoder-family upgrade suite,BP-soft; belief-matching; conformal abstention; temporal-risk gate; family status matrix,"frozen detector bits, stored soft predictions, metadata",frozen IBM V29 paired shots,metadata-stratified,best belief-matching: +0.662963 pp pooled; held-out -0.124074 pp,all available V29 subgroups,108000,,not computed; held-out split recorded,"MWPM, BP-soft, belief-matching, conformal gate, temporal gate",qec_work/v394_decoder_upgrade_suite.py,measured artifact found (controlled frozen-data benchmark),"native DEM adapters for Union-Find, HyperBlossom, Tesseract, BP-OSD, tensor network",high,paired comparison,MWPM/V12,V394 upgrade suite,controlled decoder-family adapters,qec_work/v29_v12_new_data.npz; qec_work/v29_confirmation.npz,"{""name"": ""belief-matching"", ""status"": ""measured"", ""shots"": 108000, ""error_percent"": 45.351851851851855, ""gain_vs_mwpm_pp"": 0.6629629629629596, ""test_error_percent"": 42.242592592592594, ""test_gain_pp"": -0.12407407407407645}",diagnostic; not promoted,Held-out split does not improve nominal; pooled gains are not promotion evidence. Other families remain interface-blocked.,qec_work/v394_decoder_upgrade_suite.py,local controlled run,V394 result JSON,QEC_AI_PAPER_MASTER_20260717,github_publish/hardware-adaptive-qec-ibm,frozen V29 paired artifact,smoke test passed,not promoted,No universal-vendor claim.
V395,cross-vendor raw benchmark,PyMatching MWPM; activity-gated MWPM; linear corrector,Google Willow detector shots + supplied DEM,public Google Willow d3/d5 X/Z raw shots,"d3,d5",Google MWPM mean LER 0.351667% across 4 cases,"Google Willow X/Z, d3/d5",200000,,per-case Wilson CI in JSON,"MWPM, majority, linear corrector, activity gate, latency",qec_work/cross_vendor_raw_benchmark.py,measured artifact found,add native Union-Find/BP-OSD/HyperBlossom adapters,high,external-vendor benchmark,supplied Google DEM MWPM,V395 Google Willow replay,cross-vendor raw-shot benchmark,qec_work/public_vendor_data/,"{""cases"": 4, ""mean_mwpm_ler"": 0.0035166666666666666}",diagnostic; not promoted,"Google data validates DEM/MWPM portability, not IBM V12 transfer.",qec_work/cross_vendor_raw_benchmark.py,local replay; Wolffe script prepared,GOOGLE_WILLOW_RAW_DECODER_BENCHMARK_20260730.json,,,public Hugging Face/Google Willow raw shots and DEM,completed,not promoted,No universal-vendor claim.
V396,Ideas.txt local batch,179 parameterized adapter hypotheses from Ideas.txt,"frozen IBM V29 detectors, stored predictions, metadata",frozen IBM V29 paired shots,metadata-stratified,best held-out proxy Confidence-Based Repeat-Until-Success (RUS) Hooks: +0.005556 pp; 179 rows executed,all V29 shots,108000,,not computed; held-out half recorded per idea,"179 adapter runs, train/test split, activity-gated routing",qec_work/run_ideas_local_batch_v396.py,measured artifact found (proxy batch),promote only ideas with held-out non-regression after native implementation,high,paired comparison,MWPM/V12 nominal,Ideas.txt complete local batch,parameterized local adapters,qec_work/v29_v12_new_data.npz; qec_work/v29_confirmation.npz,"{""executed"": 179, ""blocked"": 0, ""best_heldout"": {""id"": ""IDEA-0015"", ""idea"": ""Confidence-Based Repeat-Until-Success (RUS) Hooks"", ""status"": ""proxy_executed"", ""adapter"": ""hard"", ""parameter"": ""activity_threshold=0.446429;train_selected=True"", ""shots"": 108000, ""error_percent"": 46.007407407407406, ""gain_vs_mwpm_pp"": 0.007407407407405975, ""heldout_error_percent"": 42.11296296296296, ""heldout_gain_pp"": 0.005555555555553093}}",diagnostic; not promoted,"Most rows are controlled proxies, not native implementations; only six had positive held-out gain and none passed full safety promotion.",qec_work/run_ideas_local_batch_v396.py,local batch; Wolffe replay script available,V396 JSON/CSV,,,frozen V29 paired artifact,completed,not promoted,No universal-vendor claim.
V410,3D/space-time validation,3D-style temporal residual router,"detector bits, detector masks, basis/distance/round metadata, stored V12/member outputs",IBM V29 distance-3 frozen shots,"d=3; rounds=3,5,7",held-out gain +0.000000 pp; bootstrap CI not computed,IBM V29 basis/round slices,54000,,not computed,"space-time features, residual routing, held-out paired comparison",qec_work/v410_ibm_spacetime_residual.py,measured artifact found,native coordinate-aware DEM graph and independent d5 IBM block,high,paired comparison,MWPM/V12 nominal,V410 controlled replay,3D-style temporal residual router,qec_work/v29_v12_new_data.npz,{},diagnostic; not promoted,"No strict universal safety promotion: d=3 only and confidence interval includes zero; V410 regressed, V411 small positive but uncertain.",qec_work/v410_ibm_spacetime_residual.py,independent replay pending,V410_IBM_SPACETIME_RESIDUAL_20260731.json,QEC_AI_PAPER_MASTER_20260717,github_publish/hardware-adaptive-qec-ibm,frozen IBM V29 paired artifact,local completed,not promoted,No distance-5 or universal-vendor claim.
V411,3D/space-time validation,strict seven-round specialist guard,"detector bits, detector masks, basis/distance/round metadata, stored V12/member outputs",IBM V29 distance-3 frozen shots,"d=3; rounds=3,5,7","held-out gain +0.117284 pp; bootstrap CI [-0.16064814814814812, 0.4074074074074074]",IBM V29 basis/round slices,32400,,"[-0.16064814814814812, 0.4074074074074074]","space-time features, residual routing, held-out paired comparison",qec_work/v411_round7_specialist_guard.py,measured artifact found,native coordinate-aware DEM graph and independent d5 IBM block,high,paired comparison,MWPM/V12 nominal,V411 controlled replay,strict seven-round specialist guard,qec_work/v29_v12_new_data.npz,"{""mwpm_error_percent"": 46.620370370370374, ""v411_error_percent"": 46.50308641975309, ""gain_pp"": 0.11728395061728625, ""bootstrap_ci95_pp"": [-0.16064814814814812, 0.4074074074074074]}",diagnostic; not promoted,"No strict universal safety promotion: d=3 only and confidence interval includes zero; V410 regressed, V411 small positive but uncertain.",qec_work/v411_round7_specialist_guard.py,job 64709 completed; JSON matched local held-out metrics,V411_ROUND7_SPECIALIST_GUARD_20260731.json,QEC_AI_PAPER_MASTER_20260717,github_publish/hardware-adaptive-qec-ibm,frozen IBM V29 paired artifact,local + independent Wolffe replay matched,not promoted,No distance-5 or universal-vendor claim.
V412,recovered 15-July IBM 3D handoff,fresh stored-output gate: Transformer vs calibration-FiLM vs UNet-MIL,numerical shot_manifest predictions and basis/round metadata; no rendered images,IBM Kingston recovered 3D handoff; 100 selected visualization rows,metadata from source; d=5 in selected rows,"fresh held-out gain -15.151515 pp; CI [-42.42424242424242, 12.121212121212121]; source pooled reference +0.124 pp vs selected MWPM",basis/round selected rows,100,,"[-42.42424242424242, 12.121212121212121]","3D progression, calibration-FiLM, stored prediction gate",qec_work/v412_recovered_3d_model_gate.py,recovered artifact audited; insufficient sample for performance claim,re-run frozen models on complete raw numerical tensor blocks with domain gates,high,not directly comparable; Transformer stored-output reference,source report and fresh audit,Z:\Meetings\Complete\15-7-2026 3D handoff,recovered artifact audit,QEC_Real_IBM_3D_Visual_Analytics_Team/shot_manifest.csv,"{""transformer_error_percent"": 27.27272727272727, ""v412_error_percent"": 42.42424242424242, ""gain_pp"": -15.151515151515154, ""bootstrap_ci95_pp"": [-42.42424242424242, 12.121212121212121]}",diagnostic; not promoted,"shot_manifest contains only 100 selected visualization rows, and fresh gate regresses held-out by 15.15 pp; source 192000-shot result remains diagnostic with seven-round regression and missing calibration details.",qec_work/v412_recovered_3d_model_gate.py,not submitted; source-output audit only,V412 JSON plus POOLED_REPLICATION_RESULT.json,QEC_AI_PAPER_MASTER_20260717,github_publish/hardware-adaptive-qec-ibm,source handoff copied without modification,local audit completed,not promoted,No universal-vendor claim.
V413,recovered IBM 3D tensor block,full 3D/calibration leave-job-out logistic proxy,"127,200 IBM shots; 3D volumes, detector masks, 27 calibration features, job metadata",recovered IBM Kingston/3D tensor block,source metadata d/basis/rounds,leave-job-out gain range -2.205128 to +1.333333 pp vs majority proxy,10 jobs; source basis/round metadata,127200,,not computed,"3D volume, calibration conditioning, leave-job-out",qec_work/v413_full_3d_calibration_logistic.py,measured exploratory artifact,pair with exact V12 predictions and apply basis/domain gates,high,not comparable; V12 vector absent,majority proxy,15-July IBM 3D tensor handoff,full 3D/calibration leave-job-out logistic proxy,qec_work/hardware_ai_training_calibrated_source.npz,"{""job_gain_pp"": [-1.7500000000000016, -0.6153846153846121, -2.205128205128204, 1.3333333333333308, 0.41666666666667074, -1.749999999999996, -1.0000000000000009, -0.8717948717948676, -0.8974358974358998, -1.2435897435897458]}",diagnostic; not promoted,No paired V12 vector; transfer gains are inconsistent across held-out jobs and majority proxy is not a decoder baseline.,qec_work/v413_full_3d_calibration_logistic.py,V414 job 64777 pending; V413 local completed,V413 JSON,QEC_AI_PAPER_MASTER_20260717,github_publish/hardware-adaptive-qec-ibm,recovered source tensor block copied without modification,local completed,not promoted,No universal-vendor claim.
V414,recovered IBM 3D tensor block,round-sequence GRU/calibration decoder,"127,200 IBM shots; 3D volumes, detector masks, 27 calibration features, job metadata",recovered IBM Kingston/3D tensor block,source metadata d/basis/rounds,leave-job-out gain range -2.666667 to +0.262821 pp vs majority proxy,10 jobs; source basis/round metadata,127200,,not computed,"3D volume, calibration conditioning, leave-job-out",qec_work/v414_ibm_sequence_gru.py,measured exploratory artifact,pair with exact V12 predictions and apply basis/domain gates,high,not comparable; V12 vector absent,majority proxy,15-July IBM 3D tensor handoff,round-sequence GRU/calibration decoder,qec_work/hardware_ai_training_calibrated_source.npz,"{""job_gain_pp"": [-2.666666666666667, -0.3141025641025641, -0.8974358974358942, 0.2564102564102555, 0.2628205128205163, -2.500000000000002, -0.43589743589743657, -0.48717948717948434, 0.21794871794871828, -0.8525641025641018]}",diagnostic; not promoted,No paired V12 vector; transfer gains are inconsistent across held-out jobs and majority proxy is not a decoder baseline.,qec_work/v414_ibm_sequence_gru.py,job 64788 completed; pure-NumPy fallback; no V12 vector,V414 JSON,QEC_AI_PAPER_MASTER_20260717,github_publish/hardware-adaptive-qec-ibm,recovered source tensor block copied without modification,local + Wolffe completed (fallback metrics differ from torch local),not promoted,No universal-vendor claim.
V415,IBM frozen-data conformal gate,three-way conformal-style score gate around stored V12/member predictions,"stored V12/member predictions, matching scores, basis/round metadata",IBM V29 frozen paired shots,"d=3; rounds 3,5,7",held-out gain -0.186111 pp vs V12; five of six slices regressed,X/Z and rounds 3/5/7,36000,,not computed,"conformal-style abstention, score threshold, held-out paired comparison",qec_work/v415_conformal_member_gate.py,measured artifact found,do not promote; require independent domain and better-calibrated score,medium,paired comparison,MWPM/V12 nominal,V415 controlled replay,conformal-style routing,qec_work/v29_v12_new_data.npz,"{""v12_error_percent"": 46.56388888888889, ""v415_error_percent"": 46.75, ""gain_pp"": -0.18611111111111467}",rejected,Held-out regression -0.186 pp; validation confidence bound did not transfer; not promoted.,qec_work/v415_conformal_member_gate.py,job 64799 completed; exact metrics matched local,V415 JSON,QEC_AI_PAPER_MASTER_20260717,github_publish/hardware-adaptive-qec-ibm,frozen IBM V29 paired artifact,local + Wolffe matched,rejected,No universal-vendor claim.
V416,V416,3D Conv-FiLM diagnostic,"(2,8,6,6) spatio-temporal volume + 27 calibration features",IBM Kingston recovered 3D tensor block,d=3; rounds 3/5/7,overall 51.0641% vs majority 48.3974%; gain -2.6667 pp; basis0/r7 +0.7692 pp only,IBM only,127200,,,3D Conv3d; calibration FiLM; basis/round subgroup,qec_work/v416_ibm_3d_cnn_film.py,measured exploratory artifact,repair Wolffe PyTorch environment and rerun,medium,no paired V12 vector,none,15-July IBM 3D recovered source,3D Conv3d + FiLM,hardware_ai_training_calibrated_source.npz,overall majority 48.3974359; V416 51.0641026; gain -2.6666667 pp,measured diagnostic,Regressed majority proxy overall and most basis/round slices; no paired V12 vector,qec_work/v416_ibm_3d_cnn_film.py,64804 failed,QEC_MASTER_EXPERIMENT_REGISTRY_V1_V392_20260731.csv,QEC_AI_PAPER_MASTER_20260717,github_publish/hardware-adaptive-qec-ibm,recovered IBM 3D tensor block,local CPU JSON completed; Wolffe replay 64804 failed at PyTorch import,not promoted,Local run measured; Wolffe replay blocked by PyTorch C-extension; no universal-vendor claim
V417,V417,Recovered locked IBM confirmation audit,frozen heterogeneous models plus validation-calibrated MWPM and BP-OSD,IBM Kingston real hardware confirmation jobs d9bc9pvu62qs738p2ctg and d9bc9ueg26ic73dfoslg,"d=3,5; rounds 3,5,7",MWPM 42.6442%; BP-OSD 43.2592%; frozen ensemble 44.0908%; Transformer 44.9292%,IBM Kingston; per distance/basis/round source tables,120000,MWPM 1.8-153 us; BP-OSD 0.7-44 ms per shot (source software measurements),source locked report; per-configuration tables,locked confirmation; matched baseline; analytical correction,qec_work/V417_RECOVERED_LOCKED_IBM_CONFIRMATION_20260731.md,recovered measured artifact,reconstruct exact transpiled-circuit DEM and evaluate a later calibration-day block,high,MWPM baseline; exact V12 vector not separately named,MWPM and BP-OSD matched on 120000 shots,Complete 15-7-2026 recovered confirmation package,locked confirmation audit,confirmation_model_input.npz; confirmation_predictions.csv,MWPM 0.4264416667; BP-OSD 0.4325916667; ensemble 0.4409083333; Transformer 0.4492916667,measured recovered,Corrects earlier neural-only interpretation; analytical MWPM wins aggregate but uses phenomenological calibrated DEM,qec_work/V417_RECOVERED_LOCKED_IBM_CONFIRMATION_20260731.md,not rerun; source result recovered,QEC_MASTER_EXPERIMENT_REGISTRY_V1_V392_20260731.csv,QEC_AI_PAPER_MASTER_20260717,github_publish/hardware-adaptive-qec-ibm,source package copied without modification,source manifests and locked report inspected,do not promote neural candidate; promote audit finding,"No universal-vendor claim; source warns MWPM is phenomenological, not exact pulse-level DEM"
V418,V418,Frozen confirmation reproduction audit,source NPZ metadata plus frozen prediction CSV; threshold 0.5,IBM Kingston locked confirmation package,"d=3,5; rounds 3/5/7",reproduced Transformer 44.9292%; FiLM 44.5450%; UNet 44.7658%; sparse 44.1275%; four-model 44.0908%,IBM Kingston; all 12 d/basis/round slices,120000,not measured,not estimated; reproducibility check,source reproduction; frozen predictions; subgroup slices,qec_work/v418_reproduce_locked_confirmation.py,reproduced source artifact,obtain paired per-shot MWPM/V12 outputs or reconstruct exact DEM,high,no per-shot V12 vector in source package,reproduces neural source metrics only,Complete 22 source audit,"deterministic reproduction, no fitting",confirmation_model_input.npz; confirmation_predictions.csv,all five aggregate errors and 12 subgroup errors reproduced from source,verified reproducibility,Confirms source report numerically; does not establish decoder improvement,qec_work/v418_reproduce_locked_confirmation.py,not needed; deterministic CPU audit,QEC_MASTER_EXPERIMENT_REGISTRY_V1_V392_20260731.csv,QEC_AI_PAPER_MASTER_20260717,github_publish/hardware-adaptive-qec-ibm,read-only source files,local reproduction completed exactly to reported aggregate values,audit only,No universal-vendor claim; MWPM comparison remains aggregate source evidence
V419,V419,Distance-3 empirical syndrome lookup with safety gates,"hard detector vector, detector mask, basis/round/domain metadata",IBM V29 frozen paired dataset,d=3; rounds 3/5/7,+0.3395 pp overall vs V12; paired bootstrap CI +0.213 to +0.457 pp,basis 0 +18.350 pp; basis 1 -3.718 pp; rounds 5/7 zero coverage; domain 0 +0.3395 pp,32400 held-out; 75600 train,not measured,lookup coverage 3.7469%; no coverage for rounds 5/7,empirical ML lookup; coverage; basis safety gate,qec_work/v419_lookup_safety_gate.py,measured controlled artifact,increase coverage without basis regression or abandon lookup for exact DEM,medium,paired nominal/V12 baseline,V12 nominal on same held-out shots,IBM V29 frozen data,empirical lookup trained within distance/basis/round slices,qec_work/v29_v12_new_data.npz,V12 46.62037%; lookup 46.28086%; gain +0.33951 pp; CI +0.21289 to +0.45687 pp,rejected by safety gate,Basis-1 regression -3.718 pp and only 3.75% coverage; rounds 5/7 uncovered,qec_work/v419_lookup_safety_gate.py,job 64811 completed; metrics matched local (JSON path differs only),QEC_MASTER_EXPERIMENT_REGISTRY_V1_V392_20260731.csv,QEC_AI_PAPER_MASTER_20260717,github_publish/hardware-adaptive-qec-ibm,frozen IBM paired artifact,local deterministic run and Wolffe 64811 completed; aggregate/slices matched,rejected,Pooled gain is not promotable; separate X/Z/domain gates applied
V420,V420,Exact-transpiled-circuit calibrated MWPM ensemble plus residual router verification,IBM QPY-derived DEM predictions; per-shot router/base/majority labels,two untouched IBM Kingston execution blocks,d=3; rounds 3/5/7; two 96000-shot blocks,+0.1245 pp vs selected single MWPM; +0.2865 pp vs majority,all basis/round slices; regressions at 7 rounds,192000 scored,not measured,paired bootstrap +0.0203 to +0.2292 pp vs base,exact transpiled circuit; calibration-conditioned MWPM; residual router,qec_work/v420_verify_exact_router.py,measured recovered and reproduced,reconstruct missing one-qubit/reset/idle calibration and test an independent backend/day,high,selected calibrated MWPM base; majority comparison separately,exact-circuit MWPM base and majority on same shots,Complete 15 July exact-router package,11 calibration-perturbed MWPM members plus frozen residual attention router,fresh_qpu_predictions.npz; later_block_predictions.npz,router 36.1604%; base 36.2849%; majority 36.4469%; 192000 shots,diagnostic promising,"Pooled gain and CI positive vs selected MWPM, but subgroup regressions at seven rounds fail universal non-regression gate",qec_work/v420_verify_exact_router.py,job 64814 completed; exact pooled and subgroup metrics matched local,QEC_MASTER_EXPERIMENT_REGISTRY_V1_V392_20260731.csv,QEC_AI_PAPER_MASTER_20260717,github_publish/hardware-adaptive-qec-ibm,read-only recovered QPU prediction arrays and source reports,local and Wolffe reproduction match,not universal promotion; candidate for independent backend/day replication,"Strongest recovered IBM result; both blocks are Kingston, and historical calibration limitations remain"
V421,cross-block slice guard,V420 exact-transpiled router with basis/round allow-list guard and leave-one-block-out policy,stored IBM router/base/metadata arrays; basis and round slices,two IBM Kingston execution blocks (fresh and later),d=3; rounds 3/5/7,+0.162500 pp fresh; +0.164583 pp later under retrospective intersection; LOO +0.052083/+0.155208 pp,IBM Kingston basis/round slices; 7-round slices not admitted,192000,not measured,not computed; fixed-policy LOO metrics recorded,cross-block guard; basis/round allow-list; exact router; leave-one-block-out,qec_work/v421_cross_block_slice_guard.py; qec_work/v421_cross_block_slice_guard_wolffe.py,measured local and Wolffe reproduction match,validate fixed policy on a third independent IBM block/backend and compute paired CI,high,paired comparison against selected exact-circuit MWPM base,V420 base on same shots,Complete 15 July exact-router package; two Kingston blocks,conservative basis/round routing guard,fresh_qpu_predictions.npz; later_block_predictions.npz,"{""fresh_gain_pp"": 0.1625, ""later_gain_pp"": 0.16458333333333464, ""loo_fresh_to_later_pp"": 0.05208333333333037, ""loo_later_to_fresh_pp"": 0.15520833333333428}",diagnostic; not promoted,Only two IBM blocks; retrospective intersection is not independent and no third block confirms policy. No cross-vendor claim.,qec_work/v421_cross_block_slice_guard.py,job 64816 completed; metrics match local,V421 result JSON,QEC_AI_PAPER_MASTER_20260717,github_publish/hardware-adaptive-qec-ibm,read-only recovered exact-router arrays,local/Wolffe exact metric match,not promoted; retain V12/base fallback,Diagnostic IBM-only result; requires third independent block.
V422,held-out IBM cross-block guard,Frozen V421 basis/round allow-list guard over exact-transpiled router; no retuning on test block,IBM Kingston future_locked_predictions arrays; basis/round metadata,independent third IBM Kingston D02 graph-drift block,d=3; rounds 3/5/7,+0.659259 pp pooled; base 33.662963% -> guard 33.003704%; paired CI +0.535185 to +0.782407 pp,X/Z and rounds 3/5/7; all six subgroup gates non-regressing,108000,not measured,paired bootstrap pooled +0.535185 to +0.782407 pp; subgroup CIs in JSON,held-out third block; frozen policy; basis/round gate; exact router,qec_work/v422_third_block_guard.py; qec_work/v422_third_block_guard_wolffe.py,measured; local and Wolffe job 64819 match,replicate on an independent IBM backend and obtain latency/coverage measurements,high,paired selected MWPM base from exact-router package,same-shot selected MWPM base,Complete 22 July live path; D02 graph-drift confirmation,frozen cross-block basis/round guard,D02_GRAPH_DRIFT_CONFIRMATION/future_locked_predictions.npz,"{""base_error_percent"": 33.662962962962965, ""guard_error_percent"": 33.0037037037037, ""gain_pp"": 0.6592592592592594, ""ci95_pp"": [0.5351851851851852, 0.7824074074074073], ""allow_list"": [[0, 3], [1, 3], [1, 5]]}",promoted limited IBM d=3,"Frozen policy passes independent third-block pooled and all X/Z/round non-regression gates; no distance-5, other-backend or cross-vendor evidence yet.",qec_work/v422_third_block_guard.py,job 64819 completed; exact metric match,V422_THIRD_BLOCK_GUARD_20260731.json,QEC_AI_PAPER_MASTER_20260717,github_publish/hardware-adaptive-qec-ibm,read-only recovered IBM source artifact,local/Wolffe exact metric match,promote only for IBM Kingston d=3 guard; retain base for untested regimes,Strongest independently held-out IBM result; no universal-vendor claim.
V423,open-source decoder compatibility,Recovered NTU correlated/standard PyMatching baseline implementation,Stim synthetic rotated surface-code DEM,synthetic control only; no IBM shots,"d=3,d=5; rounds=d","d3 standard 0.6000%, correlated 0.7300%; d5 standard 0.3350%, correlated 0.2750% (20,000 shots each)",synthetic Z-memory control,80000 total,"local only; d3 0.010/0.028 s, d5 0.074/0.310 s",not computed; smoke only,NTU baseline; correlated matching; PyMatching; Stim,qec_work/v423_ntu_baseline_smoke.py,local smoke passed; Wolffe blocked by batch Python missing NumPy,repair a shared Wolffe environment before using this implementation on IBM QPY/DEM,medium,not comparable; synthetic control,standard versus correlated PyMatching on same synthetic circuits,Complete 22 July live path external_open_models/ntu-decoder-main,open-source compatibility smoke,synthetic Stim generated locally,"{""d3_standard"": 0.6, ""d3_correlated"": 0.73, ""d5_standard"": 0.335, ""d5_correlated"": 0.275}",diagnostic; not an IBM result,Wolffe Slurm job 64849 failed to import NumPy despite login environment; no hardware claim made.,qec_work/v423_ntu_baseline_smoke.py,job 64849 failed environment import; do not interpret as decoder failure,V423_NTU_BASELINE_SMOKE_20260731.json,QEC_AI_PAPER_MASTER_20260717,github_publish/hardware-adaptive-qec-ibm,recovered open-source NTU baseline code,local only,not promoted,Synthetic compatibility smoke only; no cross-vendor or IBM claim.
V424,IBM policy-transfer validation,Frozen V421/V422 basis-round allow-list plus V390 soft-observable confidence gate,"paired hard detectors, MWPM, hard-only prediction, soft observable, metadata",IBM Fez V29 frozen paired artifact,d=3; rounds 3/5/7; metadata includes logical state,"+1.0768519 pp pooled; 46.0148148% -> 44.9379630%; CI [+0.9203472,+1.2296759] pp",Fez X/Z; all 12 basis/round/state groups,108000,not measured,pooled bootstrap positive; subgroup Z round-5 state-0 CI negative,frozen policy transfer; soft confidence; basis-round gate,qec_work/v424_frozen_allowlist_soft_gate.py,local measured; Wolffe environment incompatible,obtain Python 3.13-compatible Wolffe environment or native Python 3.14 NumPy,high,same-shot MWPM baseline,V390 soft gate with V421/V422 frozen allow-list,Z:\Meetings\Complete\22-7-2026\QEC_AI_PAPER_MASTER_20260717,cross-backend frozen allow-list transfer,v29_soft_decoder_confirmation_data.npz + v29_confirmation.npz,"{""gain_pp"": 1.076851851851852, ""ci95_pp"": [0.9203472222222222, 1.2296759259259258], ""route_percent"": 49.839814814814815, ""allow_list"": [[0, 3], [1, 3], [1, 5]]}",diagnostic_not_promoted,Z round-5 state-0 subgroup regresses -0.6000 pp; universal basis/domain gate fails,qec_work/v424_frozen_allowlist_soft_gate.py,not run; tested nodes lack compatible NumPy/Python environment,V424_RESULT_20260731.json,QEC_AI_PAPER_MASTER_20260717,hardware-adaptive-qec-ibm,read-only recovered IBM paired artifact,local exact computation,not promoted,Cross-backend transfer diagnostic; no universal-vendor claim.
V425,recovered untouched IBM confirmation,Harmony-spacetime v2 exact-circuit MWPM plus graph/3D neural residual ensemble,"exact-circuit DEM, detector coordinates, operation/calibration context, five-seed residual predictions",IBM Kingston untouched confirmation block; Complete15 recovered artifact,d=3; rounds 3/5/7; X/Z,"MWPM 36.3822917%; Harmony 36.5354167%; change -0.1531250 pp; CI [-0.2968750,-0.0093750] pp",IBM Kingston; X/Z and rounds 3/5/7,96000 scored (120000 collected; 24000 prefix excluded),not measured,paired bootstrap CI and McNemar p=0.0345; subgroup table in source,Harmony-spacetime; exact-circuit MWPM; 3D graph; FiLM; untouched confirmation,recovered source under HARMONY_SPACETIME_V2_RESULTS/code,recovered untouched IBM result,label-free shift gate and multi-day leave-one-day-out routing,high,exact-circuit MWPM baseline,same untouched paired block,Z:\Meetings\Complete\15-7-2026,recovered Harmony-spacetime v2 untouched confirmation,HARMONY_SPACETIME_V2_RESULTS/UNTOUCHED_HARMONY_SPACETIME_V2_RESULT.json,"{""mwpm_ler_percent"": 36.3822917, ""harmony_ler_percent"": 36.5354167, ""gain_pp"": -0.153125, ""ci95_pp"": [-0.296875, -0.009375], ""mcnemar_p"": 0.03452795877258512}",recovered rejected/not promoted,untouched aggregate and X/Z subgroup regressions; development gain did not transfer,recovered HARMONY_SPACETIME_V2_RESULTS/code,source result already completed; no duplicate replay,UNTOUCHED_HARMONY_SPACETIME_V2_RESULT.json + RESULTS_SUMMARY.csv,QEC_AI_PAPER_MASTER_20260717,hardware-adaptive-qec-ibm,recovered Complete15 paired IBM artifact,source artifact audit,rejected/not promoted,Recovered negative result; untouched confirmation supersedes favorable development result.
V397,G3/G4 recovered audit,basis-specific router diagnostic,hard syndrome; basis and round metadata,IBM Fez V29 paired shots,d=3; rounds 3/5/7,pooled +0.000000 pp; held-out +0.000000 pp,basis split; no safe basis-1 policy,108000,not measured,not computed,basis-specific router diagnostic,qec_work\v29_v12_new_data.npz,recovered measured artifact,freeze a policy only after independent domain and round gates,medium,same-shot MWPM/V12,MWPM/V12 paired baseline,Versions_20260731/V397/V397_BASIS_SPECIFIC_ROUTER_20260731.json,basis-specific router diagnostic,qec_work\v29_v12_new_data.npz,train-only member selection; pooled and held-out results unchanged,diagnostic/not promoted,No held-out gain; basis policy selected no active route.,qec_work\v29_v12_new_data.npz,not run,V397_RECOVERED_20260731.json,QEC mirror; source Z path unavailable in this session,hardware-adaptive-qec-ibm,IBM real paired data,local artifact audit,not promoted,Recovered from version folder; no new claim.
V398,G3/G4 recovered audit,basis-distance-round guard,hard syndrome; basis/distance/round/logical-state metadata,IBM Fez V29 paired shots,d=3; rounds 3/5/7,test slices null; no independent test partition,basis/round guard,108000,not measured,not computed,basis-distance-round guard,qec_work\v29_v12_new_data.npz,recovered protocol artifact,repeat with an untouched block and non-empty held-out slices,high,MWPM/V12 comparator,same-shot MWPM baseline,Versions_20260731/V398/V398_BASIS_DISTANCE_ROUND_GUARD_20260731.json,basis-distance-round guard,qec_work\v29_v12_new_data.npz,training policy only; test_shots=0 in archived JSON,diagnostic/not promoted,Selection and evaluation are not independent.,qec_work\v29_v12_new_data.npz,not run,V398_RECOVERED_20260731.json,QEC mirror; source Z path unavailable in this session,hardware-adaptive-qec-ibm,IBM real paired data,local artifact audit,not promoted,Protocol retained without treating train-only values as evidence.
V399,G3/G4 recovered audit,mapped decoder-family strategy screen,hard syndrome; matching cost/temporal features,IBM Fez V29 paired shots,d=3; rounds 3/5/7,+0.075000 pp pooled; +0.105556 pp held-out for cost/disagreement cascade,pooled and held-out; family diagnostics,108000,not measured,not computed,mapped decoder-family strategy screen,qec_work\v29_v12_new_data.npz,recovered measured diagnostic,replicate cost gate on a fresh block with subgroup safety gates,high,same-shot MWPM/V12,"MWPM, UF proxy, DQEC proxy, V151 cascade",Versions_20260731/V399/V399_MAPPED_DECODER_STRATEGIES_20260731.json,mapped decoder-family strategy screen,qec_work\v29_v12_new_data.npz,UF proxy -0.124074 pp; DQEC proxy -0.019444 pp; cascade +0.075000 pp,diagnostic/not promoted,Small pooled gain; no complete per-domain promotion gate in artifact.,qec_work\v29_v12_new_data.npz,not run,V399_RECOVERED_20260731.json,QEC mirror; source Z path unavailable in this session,hardware-adaptive-qec-ibm,IBM real paired data,local artifact audit,not promoted,"Family screen is evidence for follow-up, not a universal decoder claim."
V400,G3/G4 recovered audit,four-tier router,hard syndrome; temporal confidence and tier routing,IBM Fez V29 paired shots,d=3; rounds 3/5/7,-0.013889 pp pooled; -0.061111 pp held-out,pooled/held-out,108000,not measured,not computed,four-tier router,qec_work\v29_v12_new_data.npz,recovered measured diagnostic,retain V12 as guardrail; do not enable unsafe UF proxy tier,high,same-shot MWPM/V12,"MWPM, UF proxy, specialist; Tesseract/Hyperion/TN unavailable",Versions_20260731/V400/V400_FOUR_TIER_ROUTER_20260731.json,four-tier router,qec_work\v29_v12_new_data.npz,tier1 unsafe; tier4 unavailable,rejected/not promoted,Router regressed both pooled and held-out.,qec_work\v29_v12_new_data.npz,not run,V400_RECOVERED_20260731.json,QEC mirror; source Z path unavailable in this session,hardware-adaptive-qec-ibm,IBM real paired data,local artifact audit,rejected,Blocked tiers are explicitly recorded; no arbiter result fabricated.
V401,G3/G4 recovered audit,spatiotemporal risk router,round-aware syndrome volume; persistence features,IBM Fez V29 paired shots,d=3; rounds 3/5/7,+0.066667 pp pooled; +0.068519 pp held-out,round subgroup: d3 r3 -0.163889; r5 -0.088889; r7 +0.452778 pp,108000,not measured,not computed,spatiotemporal risk router,qec_work\v29_v12_new_data.npz,recovered measured diagnostic,use frozen per-round guard; require all subgroup gains/non-regression,high,same-shot MWPM/V12,MWPM/V12 plus temporal-risk specialist,Versions_20260731/V401/V401_SPATIOTEMPORAL_ROUTER_20260731.json,spatiotemporal risk router,qec_work\v29_v12_new_data.npz,r7 improvement does not offset r3/r5 regressions,diagnostic/not promoted,Round-wise non-regression gate fails.,qec_work\v29_v12_new_data.npz,not run,V401_RECOVERED_20260731.json,QEC mirror; source Z path unavailable in this session,hardware-adaptive-qec-ibm,IBM real paired data,local artifact audit,not promoted,"The r7 signal is retained as a hypothesis, not promoted."
V402,G3/G4 recovered audit,public 3D CNN smoke,small 3D syndrome volume,Google Willow public control,d=3 X,-3.740000 pp versus majority,Google; not IBM,50000,not measured,not computed,public 3D CNN smoke,not applicable,recovered public smoke,use matched DEM/MWPM benchmark before architecture conclusions,low,not comparable to V12,majority only; no supplied DEM MWPM comparison,Versions_20260731/V402/V402_PUBLIC_3D_CNN_20260731.json,public 3D CNN smoke,public Google dataset,CNN error 3.74%; majority 0%,rejected/not promoted,Not comparable and loses to majority.,not applicable,not run,V402_RECOVERED_20260731.json,QEC mirror; source Z path unavailable in this session,hardware-adaptive-qec-ibm,public non-IBM,local artifact audit,not promoted,Cross-vendor smoke only; no IBM claim.
V403,G3/G4 recovered audit,distance-3 round-aware specialist,hard syndrome; density/persistence; basis/round,IBM Fez V29 paired shots,d=3; rounds 3/5/7,+0.022222 pp pooled; +0.074074 pp held-out; r7 +0.722222 pp,X/Z and round slices; r5 X regresses -0.018519 pp,108000,not measured,not computed,distance-3 round-aware specialist,qec_work\v29_v12_new_data.npz,recovered measured diagnostic,replicate the r7 policy on an untouched block; enforce all six subgroup gates,high,same-shot MWPM/V12,MWPM/V12 plus round-aware specialist,Versions_20260731/V403/V403_DISTANCE3_SPECIALIST_20260731.json,distance-3 round-aware specialist,qec_work\v29_v12_new_data.npz,local replay exact: pooled +0.022222 pp; held-out +0.074074 pp; r7 subgroup +0.722222 pp,diagnostic/not promoted,At least one subgroup regresses; pooled result insufficient.,qec_work\v29_v12_new_data.npz,not run,V403_RECOVERED_20260731.json,QEC mirror; source Z path unavailable in this session,hardware-adaptive-qec-ibm,IBM real paired data,local artifact audit,not promoted,Corrected after local replay; earlier pooled +0.074074 wording was inaccurate. R7 finding remains diagnostic.
V404,G3/G4 recovered audit,nested distance-3 safety guard,hard syndrome; density/persistence; basis/round,IBM Fez V29 paired shots,d=3; rounds 3/5/7,guarded slices reported; no pooled promotion claim,X/Z and round guard,108000,not measured,not computed,nested distance-3 safety guard,qec_work\v29_v12_new_data.npz,recovered measured protocol,repeat nested guard with fresh held-out block and paired CI,high,same-shot MWPM/V12,MWPM/V12 plus nested specialist guard,Versions_20260731/V404/V404_NESTED_DISTANCE3_GUARD_20260731.json,nested distance-3 safety guard,qec_work\v29_v12_new_data.npz,policy trained on slices; archived test evidence incomplete,diagnostic/not promoted,Independent held-out confirmation is missing.,qec_work\v29_v12_new_data.npz,not run,V404_RECOVERED_20260731.json,QEC mirror; source Z path unavailable in this session,hardware-adaptive-qec-ibm,IBM real paired data,local artifact audit,not promoted,"Retained as protocol, not a final result."
V405,G3/G4 recovered audit,unavailable version placeholder,not available,no readable artifact in synchronized mirrors,unknown,not measured,unknown,0,not measured,not computed,unavailable version placeholder,none,missing artifact explicitly recorded,restore source/mirror and recover original artifact before rerun,medium,none,none,no local V405 artifact found,unavailable version placeholder,none,no result,blocked/missing artifact,No source artifact found; no inference made.,none,not run,V405_RECOVERED_20260731.json,QEC mirror; source Z path unavailable in this session,hardware-adaptive-qec-ibm,unknown,not verifiable,blocked,Placeholder only; no experiment claim.
V406,G3/G4 recovered audit,unavailable version placeholder,not available,no readable artifact in synchronized mirrors,unknown,not measured,unknown,0,not measured,not computed,unavailable version placeholder,none,missing artifact explicitly recorded,restore source/mirror and recover original artifact before rerun,medium,none,none,no local V406 artifact found,unavailable version placeholder,none,no result,blocked/missing artifact,No source artifact found; no inference made.,none,not run,V406_RECOVERED_20260731.json,QEC mirror; source Z path unavailable in this session,hardware-adaptive-qec-ibm,unknown,not verifiable,blocked,Placeholder only; no experiment claim.
V407,G3/G4 recovered audit,distance-conditioned public decoder smoke,flat distance-conditioned features,Google Willow public control,"d=3,d=5; X/Z",âˆ’6.486667 to âˆ’12.553333 pp versus majority,Google; not IBM,60000,not measured,not computed,distance-conditioned public decoder smoke,not applicable,recovered public smoke,replace flat features with matched DEM graph and MWPM baseline,low,not comparable to V12,majority baseline only,Versions_20260731/V407/V407_DISTANCE_CONDITIONED_PUBLIC_20260731.json,distance-conditioned public decoder smoke,public Google dataset,all four d3/d5 X/Z cases regress,rejected/not promoted,Model loses to majority in every reported case.,not applicable,not run,V407_RECOVERED_20260731.json,QEC mirror; source Z path unavailable in this session,hardware-adaptive-qec-ibm,public non-IBM,local artifact audit,not promoted,Cross-vendor smoke only; no IBM claim.
V408,G3/G4 recovered audit,DEM graph residual adapter smoke,DEM detector graph; spatial/temporal edges,Google Willow public control,"d=3,d=5; X/Z",âˆ’10.673333 to âˆ’15.653333 pp versus MWPM,Google; not IBM,60000,not measured,not computed,DEM graph residual adapter smoke,not applicable,recovered public smoke,fix residual target/label alignment before any transfer experiment,low,not comparable to V12,matched public MWPM baseline,Versions_20260731/V408_DEM_GRAPH_RESIDUAL_20260731/V408_DEM_GRAPH_RESIDUAL_20260731.json,DEM graph residual adapter smoke,public Google dataset,graph residual adapter loses badly in all four cases,rejected/not promoted,Residual adapter is not a valid decoder in archived form.,not applicable,not run,V408_RECOVERED_20260731.json,QEC mirror; source Z path unavailable in this session,hardware-adaptive-qec-ibm,public non-IBM,local artifact audit,rejected,No transfer claim.
V409,G3/G4 recovered audit,DEM graph confidence gate smoke,DEM graph; residual confidence gate,Google Willow public control,"d=3,d=5; X/Z",d3 X +0.006667 pp; d3 Z âˆ’0.006667; d5 X âˆ’0.133333; d5 Z âˆ’0.233333,Google; distance/basis slices,60000,not measured,not computed,DEM graph confidence gate smoke,not applicable,recovered public smoke,do not promote; requires correct residual labels and independent calibration,low,not comparable to V12,matched public MWPM baseline,Versions_20260731/V409_DEM_GRAPH_GATED_20260731/V409_DEM_GRAPH_GATED_20260731.json,DEM graph confidence gate smoke,public Google dataset,route rates tiny; d5 regressions,rejected/not promoted,Fails distance/basis safety gates.,not applicable,not run,V409_RECOVERED_20260731.json,QEC mirror; source Z path unavailable in this session,hardware-adaptive-qec-ibm,public non-IBM,local artifact audit,rejected,No IBM or universal claim.
V426,G4 controlled held-out gate,frozen V403 basis/round specialist; domain/basis/round gate,hard syndrome; basis/round metadata; matching-member predictions,IBM Fez V29 paired data,d=3; rounds 3/5/7,+0.2212963 pp pooled; +0.0740741 pp held-out,held-out regressions: b0/r5 -0.0185185; b1/r3 -0.1111111; b1/r7 -0.1481481 pp,108000,not measured,"pooled [+0.0685185,+0.3750463] pp; held-out [-0.2222222,+0.3550926] pp",frozen policy; paired bootstrap; subgroup safety gate,qec_work/v426_v403_domain_gate.py; qec_work/V426_V403_DOMAIN_GATE_RESULT_20260731.json,local measured controlled diagnostic,prospective fresh IBM block; require all X/Z/round/domain slices non-regressing,high,same-shot V12/MWPM comparator,V12/MWPM; frozen V403 policy,Versions_20260731/V403 plus qec_work/v29_v12_new_data.npz,frozen V403 domain gate,IBM Fez V29 paired data,pooled +0.2212963 pp; held-out +0.0740741 pp; held-out CI crosses zero,diagnostic/not promoted,held-out CI crosses zero and three subgroup slices regress,qec_work/v426_v403_domain_gate.py,srun CPU compute-000 succeeded; exact match to local replay; batch 64968 path mismatch separately documented,V426_V403_DOMAIN_GATE_RESULT_20260731.json,QEC mirror; source Z path unavailable in this session,hardware-adaptive-qec-ibm,IBM real paired data,local replay with bootstrap and subgroup gate,not promoted,Wolffe srun replay exact=true; no decoder metric discrepancy.
V427,G4 nested safety gate,nested train/validation/test basis-round specialist,hard syndrome; basis/round metadata; temporal density/persistence; matching-member predictions,IBM Fez V29 paired data,d=3; rounds 3/5/7,+0.1018519 pp untouched test,basis 1/round 7 regresses -0.2222222 pp,108000 (21600 final test),not measured,"test bootstrap [-0.1851852,+0.3796296] pp",nested split; validation non-regression; paired bootstrap,qec_work/v427_nested_safety_gate.py; qec_work/V427_NESTED_SAFETY_GATE_RESULT_20260731.json,local measured controlled diagnostic,add confidence-bound validation gate and prospective fresh IBM block,high,same-shot V12/MWPM comparator,V12/MWPM; nested policy selection,qec_work/v29_v12_new_data.npz,nested train/validation/test gate,IBM Fez V29 paired data,untouched test +0.1018519 pp; CI crosses zero,diagnostic/not promoted,final CI crosses zero; basis1/r7 subgroup regresses,qec_work/v427_nested_safety_gate.py,pending exact replay,V427_NESTED_SAFETY_GATE_RESULT_20260731.json,QEC mirror; source Z path unavailable in this session,hardware-adaptive-qec-ibm,IBM real paired data,local nested replay,not promoted,No policy uses final test labels.
V428,G4 conservative safety gate,nested validation bootstrap lower-bound gate,hard syndrome; basis/round metadata; temporal specialist candidates,IBM Fez V29 paired data,d=3; rounds 3/5/7,0.000000 pp; exact V12 fallback,all six basis/round slices non-regressing,108000 (21600 final test),not measured,"test [0.0000,0.0000] pp",validation bootstrap lower bound; conservative abstention,qec_work/v428_confidence_bound_gate.py; qec_work/V428_CONFIDENCE_BOUND_GATE_RESULT_20260731.json,local measured controlled diagnostic,obtain larger independent IBM block so validation CIs can resolve small gains,high,exact V12/MWPM fallback,V12/MWPM; all specialists disabled,qec_work/v29_v12_new_data.npz,confidence-bound gate,IBM Fez V29 paired data,test gain 0.000000 pp; all policies disabled,safe fallback diagnostic,all validation lower bounds cross zero; no accuracy promotion,qec_work/v428_confidence_bound_gate.py,pending exact replay,V428_CONFIDENCE_BOUND_GATE_RESULT_20260731.json,QEC mirror; source Z path unavailable in this session,hardware-adaptive-qec-ibm,IBM real paired data,local nested bootstrap replay,not promoted,Conservative gate intentionally abstains from uncertain specialists.
